quantity,discount,supplierID,productID,shipCountry,employeeName,orderDate,categoryName,sales_amount,categoryID,shipperName,productName,shipCity,customerID,orderID,supplierName,employeeID,unitPrice,customer_segment,_score,customerName
12,0,5,11,France,Steven Buchanan,1996-07-04 00:00:00.000,Dairy Products,168.0,4,Federal Shipping,Queso Cabrales,Reims,VINET,10248,Cooperativa de Quesos 'Las Cabras',5,14.00,Low Value,168.0,Vins et alcools Chevalier
10,0,20,42,France,Steven Buchanan,1996-07-04 00:00:00.000,Grains/Cereals,98.0,5,Federal Shipping,Singaporean Hokkien Fried Mee,Reims,VINET,10248,Leka Trading,5,9.80,Low Value,98.0,Vins et alcools Chevalier
5,0,14,72,France,Steven Buchanan,1996-07-04 00:00:00.000,Dairy Products,174.0,4,Federal Shipping,Mozzarella di Giovanni,Reims,VINET,10248,Formaggi Fortini s.r.l.,5,34.80,Low Value,174.0,Vins et alcools Chevalier
9,0,6,14,Germany,Michael Suyama,1996-07-05 00:00:00.000,Produce,167.4,7,Speedy Express,Tofu,Münster,TOMSP,10249,Mayumi's,6,18.60,Low Value,167.4,Toms Spezialitäten
40,0,24,51,Germany,Michael Suyama,1996-07-05 00:00:00.000,Produce,1696.0,7,Speedy Express,Manjimup Dried Apples,Münster,TOMSP,10249,G'day Mate,6,42.40,Low Value,1696.0,Toms Spezialitäten
10,0,19,41,Brazil,Margaret Peacock,1996-07-08 00:00:00.000,Seafood,77.0,8,United Package,Jack's New England Clam Chowder,Rio de Janeiro,HANAR,10250,New England Seafood Cannery,4,7.70,High Value,77.0,Hanari Carnes
35,0.15,24,51,Brazil,Margaret Peacock,1996-07-08 00:00:00.000,Produce,1261.3999999999999,7,United Package,Manjimup Dried Apples,Rio de Janeiro,HANAR,10250,G'day Mate,4,42.40,High Value,1261.3999999999999,Hanari Carnes
15,0.15,2,65,Brazil,Margaret Peacock,1996-07-08 00:00:00.000,Condiments,214.2,2,United Package,Louisiana Fiery Hot Pepper Sauce,Rio de Janeiro,HANAR,10250,New Orleans Cajun Delights,4,16.80,High Value,214.2,Hanari Carnes
6,0.05,9,22,France,Janet Leverling,1996-07-08 00:00:00.000,Grains/Cereals,95.76,5,Speedy Express,Gustaf's Knäckebröd,Lyon,VICTE,10251,PB Knäckebröd AB,3,16.80,Medium Value,95.76,Victuailles en stock
15,0.05,26,57,France,Janet Leverling,1996-07-08 00:00:00.000,Grains/Cereals,222.29999999999998,5,Speedy Express,Ravioli Angelo,Lyon,VICTE,10251,Pasta Buttini s.r.l.,3,15.60,Medium Value,222.29999999999998,Victuailles en stock
20,0,2,65,France,Janet Leverling,1996-07-08 00:00:00.000,Condiments,336.0,2,Speedy Express,Louisiana Fiery Hot Pepper Sauce,Lyon,VICTE,10251,New Orleans Cajun Delights,3,16.80,Medium Value,336.0,Victuailles en stock
40,0.05,8,20,Belgium,Margaret Peacock,1996-07-09 00:00:00.000,Confections,2462.4,3,United Package,Sir Rodney's Marmalade,Charleroi,SUPRD,10252,Specialty Biscuits Ltd.,4,64.80,High Value,2462.4,Suprêmes délices
25,0.05,15,33,Belgium,Margaret Peacock,1996-07-09 00:00:00.000,Dairy Products,47.5,4,United Package,Geitost,Charleroi,SUPRD,10252,Norske Meierier,4,2.00,High Value,47.5,Suprêmes délices
40,0,28,60,Belgium,Margaret Peacock,1996-07-09 00:00:00.000,Dairy Products,1088.0,4,United Package,Camembert Pierrot,Charleroi,SUPRD,10252,Gai pâturage,4,27.20,High Value,1088.0,Suprêmes délices
20,0,14,31,Brazil,Janet Leverling,1996-07-10 00:00:00.000,Dairy Products,200.0,4,United Package,Gorgonzola Telino,Rio de Janeiro,HANAR,10253,Formaggi Fortini s.r.l.,3,10.00,High Value,200.0,Hanari Carnes
42,0,18,39,Brazil,Janet Leverling,1996-07-10 00:00:00.000,Beverages,604.8000000000001,1,United Package,Chartreuse verte,Rio de Janeiro,HANAR,10253,Aux joyeux ecclésiastiques,3,14.40,High Value,604.8000000000001,Hanari Carnes
40,0,23,49,Brazil,Janet Leverling,1996-07-10 00:00:00.000,Confections,640.0,3,United Package,Maxilaku,Rio de Janeiro,HANAR,10253,Karkki Oy,3,16.00,High Value,640.0,Hanari Carnes
15,0.15,10,24,Switzerland,Steven Buchanan,1996-07-11 00:00:00.000,Beverages,45.9,1,United Package,Guaraná Fantástica,Bern,CHOPS,10254,Refrescos Americanas LTDA,5,3.60,Medium Value,45.9,Chop-suey Chinese
21,0.15,25,55,Switzerland,Steven Buchanan,1996-07-11 00:00:00.000,Meat/Poultry,342.71999999999997,6,United Package,Pâté chinois,Bern,CHOPS,10254,Ma Maison,5,19.20,Medium Value,342.71999999999997,Chop-suey Chinese
21,0,4,74,Switzerland,Steven Buchanan,1996-07-11 00:00:00.000,Produce,168.0,7,United Package,Longlife Tofu,Bern,CHOPS,10254,Tokyo Traders,5,8.00,Medium Value,168.0,Chop-suey Chinese
20,0,1,2,Switzerland,Anne Dodsworth,1996-07-12 00:00:00.000,Beverages,304.0,1,Federal Shipping,Chang,Genève,RICSU,10255,Exotic Liquids,9,15.20,High Value,304.0,Richter Supermarkt
35,0,7,16,Switzerland,Anne Dodsworth,1996-07-12 00:00:00.000,Confections,486.5,3,Federal Shipping,Pavlova,Genève,RICSU,10255,Pavlova Ltd.,9,13.90,High Value,486.5,Richter Supermarkt
25,0,17,36,Switzerland,Anne Dodsworth,1996-07-12 00:00:00.000,Seafood,380.0,8,Federal Shipping,Inlagd Sill,Genève,RICSU,10255,Svensk Sjöföda AB,9,15.20,High Value,380.0,Richter Supermarkt
30,0,28,59,Switzerland,Anne Dodsworth,1996-07-12 00:00:00.000,Dairy Products,1320.0,4,Federal Shipping,Raclette Courdavault,Genève,RICSU,10255,Gai pâturage,9,44.00,High Value,1320.0,Richter Supermarkt
15,0,24,53,Brazil,Janet Leverling,1996-07-15 00:00:00.000,Meat/Poultry,393.0,6,United Package,Perth Pasties,Resende,WELLI,10256,G'day Mate,3,26.20,Low Value,393.0,Wellington Importadora
12,0,12,77,Brazil,Janet Leverling,1996-07-15 00:00:00.000,Condiments,124.80000000000001,2,United Package,Original Frankfurter grüne Soße,Resende,WELLI,10256,Plutzer Lebensmittelgroßmärkte AG,3,10.40,Low Value,124.80000000000001,Wellington Importadora
25,0,11,27,Venezuela,Margaret Peacock,1996-07-16 00:00:00.000,Confections,877.5,3,Federal Shipping,Schoggi Schokolade,San Cristóbal,HILAA,10257,Heli Süßwaren GmbH & Co. KG,4,35.10,High Value,877.5,HILARION-Abastos
6,0,18,39,Venezuela,Margaret Peacock,1996-07-16 00:00:00.000,Beverages,86.4,1,Federal Shipping,Chartreuse verte,San Cristóbal,HILAA,10257,Aux joyeux ecclésiastiques,4,14.40,High Value,86.4,HILARION-Abastos
15,0,12,77,Venezuela,Margaret Peacock,1996-07-16 00:00:00.000,Condiments,156.0,2,Federal Shipping,Original Frankfurter grüne Soße,San Cristóbal,HILAA,10257,Plutzer Lebensmittelgroßmärkte AG,4,10.40,High Value,156.0,HILARION-Abastos
50,0.2,1,2,Austria,Nancy Davolio,1996-07-17 00:00:00.000,Beverages,608.0,1,Speedy Express,Chang,Graz,ERNSH,10258,Exotic Liquids,1,15.20,High Value,608.0,Ernst Handel
65,0.2,2,5,Austria,Nancy Davolio,1996-07-17 00:00:00.000,Condiments,884.0,2,Speedy Express,Chef Anton's Gumbo Mix,Graz,ERNSH,10258,New Orleans Cajun Delights,1,17.00,High Value,884.0,Ernst Handel
6,0.2,14,32,Austria,Nancy Davolio,1996-07-17 00:00:00.000,Dairy Products,122.88000000000002,4,Speedy Express,Mascarpone Fabioli,Graz,ERNSH,10258,Formaggi Fortini s.r.l.,1,25.60,High Value,122.88000000000002,Ernst Handel
10,0,8,21,Mexico,Margaret Peacock,1996-07-18 00:00:00.000,Confections,80.0,3,Federal Shipping,Sir Rodney's Scones,México D.F.,CENTC,10259,Specialty Biscuits Ltd.,4,8.00,Low Value,80.0,Centro comercial Moctezuma
1,0,17,37,Mexico,Margaret Peacock,1996-07-18 00:00:00.000,Seafood,20.8,8,Federal Shipping,Gravad lax,México D.F.,CENTC,10259,Svensk Sjöföda AB,4,20.80,Low Value,20.8,Centro comercial Moctezuma
16,0.25,19,41,Germany,Margaret Peacock,1996-07-19 00:00:00.000,Seafood,92.4,8,Speedy Express,Jack's New England Clam Chowder,Köln,OTTIK,10260,New England Seafood Cannery,4,7.70,Medium Value,92.4,Ottilies Käseladen
50,0,26,57,Germany,Margaret Peacock,1996-07-19 00:00:00.000,Grains/Cereals,780.0,5,Speedy Express,Ravioli Angelo,Köln,OTTIK,10260,Pasta Buttini s.r.l.,4,15.60,Medium Value,780.0,Ottilies Käseladen
15,0.25,29,62,Germany,Margaret Peacock,1996-07-19 00:00:00.000,Confections,443.25,3,Speedy Express,Tarte au sucre,Köln,OTTIK,10260,Forêts d'érables,4,39.40,Medium Value,443.25,Ottilies Käseladen
21,0.25,7,70,Germany,Margaret Peacock,1996-07-19 00:00:00.000,Beverages,189.0,1,Speedy Express,Outback Lager,Köln,OTTIK,10260,Pavlova Ltd.,4,12.00,Medium Value,189.0,Ottilies Käseladen
20,0,8,21,Brazil,Margaret Peacock,1996-07-19 00:00:00.000,Confections,160.0,3,United Package,Sir Rodney's Scones,Rio de Janeiro,QUEDE,10261,Specialty Biscuits Ltd.,4,8.00,Low Value,160.0,Que Delícia
20,0,16,35,Brazil,Margaret Peacock,1996-07-19 00:00:00.000,Beverages,288.0,1,United Package,Steeleye Stout,Rio de Janeiro,QUEDE,10261,Bigfoot Breweries,4,14.40,Low Value,288.0,Que Delícia
12,0.2,2,5,USA,Laura Callahan,1996-07-22 00:00:00.000,Condiments,163.20000000000002,2,Federal Shipping,Chef Anton's Gumbo Mix,Albuquerque,RATTC,10262,New Orleans Cajun Delights,8,17.00,High Value,163.20000000000002,Rattlesnake Canyon Grocery
15,0,3,7,USA,Laura Callahan,1996-07-22 00:00:00.000,Produce,360.0,7,Federal Shipping,Uncle Bob's Organic Dried Pears,Albuquerque,RATTC,10262,Grandma Kelly's Homestead,8,24.00,High Value,360.0,Rattlesnake Canyon Grocery
2,0,26,56,USA,Laura Callahan,1996-07-22 00:00:00.000,Grains/Cereals,60.8,5,Federal Shipping,Gnocchi di nonna Alice,Albuquerque,RATTC,10262,Pasta Buttini s.r.l.,8,30.40,High Value,60.8,Rattlesnake Canyon Grocery
60,0.25,7,16,Austria,Anne Dodsworth,1996-07-23 00:00:00.000,Confections,625.5,3,Federal Shipping,Pavlova,Graz,ERNSH,10263,Pavlova Ltd.,9,13.90,High Value,625.5,Ernst Handel
28,0,10,24,Austria,Anne Dodsworth,1996-07-23 00:00:00.000,Beverages,100.8,1,Federal Shipping,Guaraná Fantástica,Graz,ERNSH,10263,Refrescos Americanas LTDA,9,3.60,High Value,100.8,Ernst Handel
60,0.25,13,30,Austria,Anne Dodsworth,1996-07-23 00:00:00.000,Seafood,931.5,8,Federal Shipping,Nord-Ost Matjeshering,Graz,ERNSH,10263,Nord-Ost-Fisch Handelsgesellschaft mbH,9,20.70,High Value,931.5,Ernst Handel
36,0.25,4,74,Austria,Anne Dodsworth,1996-07-23 00:00:00.000,Produce,216.0,7,Federal Shipping,Longlife Tofu,Graz,ERNSH,10263,Tokyo Traders,9,8.00,High Value,216.0,Ernst Handel
35,0,1,2,Sweden,Michael Suyama,1996-07-24 00:00:00.000,Beverages,532.0,1,Federal Shipping,Chang,Bräcke,FOLKO,10264,Exotic Liquids,6,15.20,High Value,532.0,Folk och fä HB
25,0.15,19,41,Sweden,Michael Suyama,1996-07-24 00:00:00.000,Seafood,163.625,8,Federal Shipping,Jack's New England Clam Chowder,Bräcke,FOLKO,10264,New England Seafood Cannery,6,7.70,High Value,163.625,Folk och fä HB
30,0,7,17,France,Andrew Fuller,1996-07-25 00:00:00.000,Meat/Poultry,936.0,6,Speedy Express,Alice Mutton,Strasbourg,BLONP,10265,Pavlova Ltd.,2,31.20,High Value,936.0,Blondesddsl père et fils
20,0,7,70,France,Andrew Fuller,1996-07-25 00:00:00.000,Beverages,240.0,1,Speedy Express,Outback Lager,Strasbourg,BLONP,10265,Pavlova Ltd.,2,12.00,High Value,240.0,Blondesddsl père et fils
12,0.05,5,12,Finland,Janet Leverling,1996-07-26 00:00:00.000,Dairy Products,346.55999999999995,4,Federal Shipping,Queso Manchego La Pastora,Oulu,WARTH,10266,Cooperativa de Quesos 'Las Cabras',3,30.40,Medium Value,346.55999999999995,Wartian Herkku
50,0,19,40,Germany,Margaret Peacock,1996-07-29 00:00:00.000,Seafood,735.0,8,Speedy Express,Boston Crab Meat,München,FRANK,10267,New England Seafood Cannery,4,14.70,High Value,735.0,Frankenversand
70,0.15,28,59,Germany,Margaret Peacock,1996-07-29 00:00:00.000,Dairy Products,2618.0,4,Speedy Express,Raclette Courdavault,München,FRANK,10267,Gai pâturage,4,44.00,High Value,2618.0,Frankenversand
15,0.15,23,76,Germany,Margaret Peacock,1996-07-29 00:00:00.000,Beverages,183.6,1,Speedy Express,Lakkalikööri,München,FRANK,10267,Karkki Oy,4,14.40,High Value,183.6,Frankenversand
10,0,12,29,Venezuela,Laura Callahan,1996-07-30 00:00:00.000,Meat/Poultry,990.0,6,Federal Shipping,Thüringer Rostbratwurst,Caracas,GROSR,10268,Plutzer Lebensmittelgroßmärkte AG,8,99.00,Low Value,990.0,GROSELLA-Restaurante
4,0,14,72,Venezuela,Laura Callahan,1996-07-30 00:00:00.000,Dairy Products,111.2,4,Federal Shipping,Mozzarella di Giovanni,Caracas,GROSR,10268,Formaggi Fortini s.r.l.,8,27.80,Low Value,111.2,GROSELLA-Restaurante
60,0.05,15,33,USA,Steven Buchanan,1996-07-31 00:00:00.000,Dairy Products,114.0,4,Speedy Express,Geitost,Seattle,WHITC,10269,Norske Meierier,5,2.00,High Value,114.0,White Clover Markets
20,0.05,14,72,USA,Steven Buchanan,1996-07-31 00:00:00.000,Dairy Products,528.1999999999999,4,Speedy Express,Mozzarella di Giovanni,Seattle,WHITC,10269,Formaggi Fortini s.r.l.,5,27.80,High Value,528.1999999999999,White Clover Markets
30,0,17,36,Finland,Nancy Davolio,1996-08-01 00:00:00.000,Seafood,456.0,8,Speedy Express,Inlagd Sill,Oulu,WARTH,10270,Svensk Sjöföda AB,1,15.20,Medium Value,456.0,Wartian Herkku
25,0,20,43,Finland,Nancy Davolio,1996-08-01 00:00:00.000,Beverages,919.9999999999999,1,Speedy Express,Ipoh Coffee,Oulu,WARTH,10270,Leka Trading,1,36.80,Medium Value,919.9999999999999,Wartian Herkku
24,0,15,33,USA,Michael Suyama,1996-08-01 00:00:00.000,Dairy Products,48.0,4,United Package,Geitost,Lander,SPLIR,10271,Norske Meierier,6,2.00,Medium Value,48.0,Split Rail Beer & Ale
6,0,8,20,USA,Michael Suyama,1996-08-02 00:00:00.000,Confections,388.79999999999995,3,United Package,Sir Rodney's Marmalade,Albuquerque,RATTC,10272,Specialty Biscuits Ltd.,6,64.80,High Value,388.79999999999995,Rattlesnake Canyon Grocery
40,0,14,31,USA,Michael Suyama,1996-08-02 00:00:00.000,Dairy Products,400.0,4,United Package,Gorgonzola Telino,Albuquerque,RATTC,10272,Formaggi Fortini s.r.l.,6,10.00,High Value,400.0,Rattlesnake Canyon Grocery
24,0,14,72,USA,Michael Suyama,1996-08-02 00:00:00.000,Dairy Products,667.2,4,United Package,Mozzarella di Giovanni,Albuquerque,RATTC,10272,Formaggi Fortini s.r.l.,6,27.80,High Value,667.2,Rattlesnake Canyon Grocery
24,0.05,4,10,Germany,Janet Leverling,1996-08-05 00:00:00.000,Seafood,565.44,8,Federal Shipping,Ikura,Cunewalde,QUICK,10273,Tokyo Traders,3,24.80,High Value,565.44,QUICK-Stop
15,0.05,14,31,Germany,Janet Leverling,1996-08-05 00:00:00.000,Dairy Products,142.5,4,Federal Shipping,Gorgonzola Telino,Cunewalde,QUICK,10273,Formaggi Fortini s.r.l.,3,10.00,High Value,142.5,QUICK-Stop
20,0,15,33,Germany,Janet Leverling,1996-08-05 00:00:00.000,Dairy Products,40.0,4,Federal Shipping,Geitost,Cunewalde,QUICK,10273,Norske Meierier,3,2.00,High Value,40.0,QUICK-Stop
60,0.05,19,40,Germany,Janet Leverling,1996-08-05 00:00:00.000,Seafood,837.9,8,Federal Shipping,Boston Crab Meat,Cunewalde,QUICK,10273,New England Seafood Cannery,3,14.70,High Value,837.9,QUICK-Stop
33,0.05,23,76,Germany,Janet Leverling,1996-08-05 00:00:00.000,Beverages,451.43999999999994,1,Federal Shipping,Lakkalikööri,Cunewalde,QUICK,10273,Karkki Oy,3,14.40,High Value,451.43999999999994,QUICK-Stop
20,0,15,71,France,Michael Suyama,1996-08-06 00:00:00.000,Dairy Products,344.0,4,Speedy Express,Flotemysost,Reims,VINET,10274,Norske Meierier,6,17.20,Low Value,344.0,Vins et alcools Chevalier
7,0,14,72,France,Michael Suyama,1996-08-06 00:00:00.000,Dairy Products,194.6,4,Speedy Express,Mozzarella di Giovanni,Reims,VINET,10274,Formaggi Fortini s.r.l.,6,27.80,Low Value,194.6,Vins et alcools Chevalier
12,0.05,10,24,Italy,Nancy Davolio,1996-08-07 00:00:00.000,Beverages,41.04,1,Speedy Express,Guaraná Fantástica,Bergamo,MAGAA,10275,Refrescos Americanas LTDA,1,3.60,Medium Value,41.04,Magazzini Alimentari Riuniti
6,0.05,28,59,Italy,Nancy Davolio,1996-08-07 00:00:00.000,Dairy Products,250.79999999999998,4,Speedy Express,Raclette Courdavault,Bergamo,MAGAA,10275,Gai pâturage,1,44.00,Medium Value,250.79999999999998,Magazzini Alimentari Riuniti
15,0,4,10,Mexico,Laura Callahan,1996-08-08 00:00:00.000,Seafood,372.0,8,Federal Shipping,Ikura,México D.F.,TORTU,10276,Tokyo Traders,8,24.80,Medium Value,372.0,Tortuga Restaurante
10,0,6,13,Mexico,Laura Callahan,1996-08-08 00:00:00.000,Seafood,48.0,8,Federal Shipping,Konbu,México D.F.,TORTU,10276,Mayumi's,8,4.80,Medium Value,48.0,Tortuga Restaurante
20,0,12,28,Germany,Andrew Fuller,1996-08-09 00:00:00.000,Produce,728.0,7,Federal Shipping,Rössle Sauerkraut,Leipzig,MORGK,10277,Plutzer Lebensmittelgroßmärkte AG,2,36.40,Low Value,728.0,Morgenstern Gesundkost
12,0,29,62,Germany,Andrew Fuller,1996-08-09 00:00:00.000,Confections,472.79999999999995,3,Federal Shipping,Tarte au sucre,Leipzig,MORGK,10277,Forêts d'érables,2,39.40,Low Value,472.79999999999995,Morgenstern Gesundkost
16,0,20,44,Sweden,Laura Callahan,1996-08-12 00:00:00.000,Condiments,248.0,2,United Package,Gula Malacca,Luleå,BERGS,10278,Leka Trading,8,15.50,High Value,248.0,Berglunds snabbköp
15,0,28,59,Sweden,Laura Callahan,1996-08-12 00:00:00.000,Dairy Products,660.0,4,United Package,Raclette Courdavault,Luleå,BERGS,10278,Gai pâturage,8,44.00,High Value,660.0,Berglunds snabbköp
8,0,7,63,Sweden,Laura Callahan,1996-08-12 00:00:00.000,Condiments,280.8,2,United Package,Vegie-spread,Luleå,BERGS,10278,Pavlova Ltd.,8,35.10,High Value,280.8,Berglunds snabbköp
25,0,17,73,Sweden,Laura Callahan,1996-08-12 00:00:00.000,Seafood,300.0,8,United Package,Röd Kaviar,Luleå,BERGS,10278,Svensk Sjöföda AB,8,12.00,High Value,300.0,Berglunds snabbköp
15,0.25,7,17,Germany,Laura Callahan,1996-08-13 00:00:00.000,Meat/Poultry,351.0,6,United Package,Alice Mutton,Frankfurt a.M.,LEHMS,10279,Pavlova Ltd.,8,31.20,High Value,351.0,Lehmanns Marktstand
12,0,10,24,Sweden,Andrew Fuller,1996-08-14 00:00:00.000,Beverages,43.2,1,Speedy Express,Guaraná Fantástica,Luleå,BERGS,10280,Refrescos Americanas LTDA,2,3.60,High Value,43.2,Berglunds snabbköp
20,0,25,55,Sweden,Andrew Fuller,1996-08-14 00:00:00.000,Meat/Poultry,384.0,6,Speedy Express,Pâté chinois,Luleå,BERGS,10280,Ma Maison,2,19.20,High Value,384.0,Berglunds snabbköp
30,0,12,75,Sweden,Andrew Fuller,1996-08-14 00:00:00.000,Beverages,186.0,1,Speedy Express,Rhönbräu Klosterbier,Luleå,BERGS,10280,Plutzer Lebensmittelgroßmärkte AG,2,6.20,High Value,186.0,Berglunds snabbköp
1,0,8,19,Spain,Margaret Peacock,1996-08-14 00:00:00.000,Confections,7.3,3,Speedy Express,Teatime Chocolate Biscuits,Madrid,ROMEY,10281,Specialty Biscuits Ltd.,4,7.30,Low Value,7.3,Romero y tomillo
6,0,10,24,Spain,Margaret Peacock,1996-08-14 00:00:00.000,Beverages,21.6,1,Speedy Express,Guaraná Fantástica,Madrid,ROMEY,10281,Refrescos Americanas LTDA,4,3.60,Low Value,21.6,Romero y tomillo
4,0,16,35,Spain,Margaret Peacock,1996-08-14 00:00:00.000,Beverages,57.6,1,Speedy Express,Steeleye Stout,Madrid,ROMEY,10281,Bigfoot Breweries,4,14.40,Low Value,57.6,Romero y tomillo
6,0,13,30,Spain,Margaret Peacock,1996-08-15 00:00:00.000,Seafood,124.19999999999999,8,Speedy Express,Nord-Ost Matjeshering,Madrid,ROMEY,10282,Nord-Ost-Fisch Handelsgesellschaft mbH,4,20.70,Low Value,124.19999999999999,Romero y tomillo
2,0,26,57,Spain,Margaret Peacock,1996-08-15 00:00:00.000,Grains/Cereals,31.2,5,Speedy Express,Ravioli Angelo,Madrid,ROMEY,10282,Pasta Buttini s.r.l.,4,15.60,Low Value,31.2,Romero y tomillo
20,0,6,15,Venezuela,Janet Leverling,1996-08-16 00:00:00.000,Condiments,248.0,2,Federal Shipping,Genen Shouyu,Barquisimeto,LILAS,10283,Mayumi's,3,12.40,Medium Value,248.0,LILA-Supermercado
18,0,8,19,Venezuela,Janet Leverling,1996-08-16 00:00:00.000,Confections,131.4,3,Federal Shipping,Teatime Chocolate Biscuits,Barquisimeto,LILAS,10283,Specialty Biscuits Ltd.,3,7.30,Medium Value,131.4,LILA-Supermercado
35,0,28,60,Venezuela,Janet Leverling,1996-08-16 00:00:00.000,Dairy Products,952.0,4,Federal Shipping,Camembert Pierrot,Barquisimeto,LILAS,10283,Gai pâturage,3,27.20,Medium Value,952.0,LILA-Supermercado
3,0,14,72,Venezuela,Janet Leverling,1996-08-16 00:00:00.000,Dairy Products,83.4,4,Federal Shipping,Mozzarella di Giovanni,Barquisimeto,LILAS,10283,Formaggi Fortini s.r.l.,3,27.80,Medium Value,83.4,LILA-Supermercado
15,0.25,11,27,Germany,Margaret Peacock,1996-08-19 00:00:00.000,Confections,394.875,3,Speedy Express,Schoggi Schokolade,Frankfurt a.M.,LEHMS,10284,Heli Süßwaren GmbH & Co. KG,4,35.10,High Value,394.875,Lehmanns Marktstand
21,0,20,44,Germany,Margaret Peacock,1996-08-19 00:00:00.000,Condiments,325.5,2,Speedy Express,Gula Malacca,Frankfurt a.M.,LEHMS,10284,Leka Trading,4,15.50,High Value,325.5,Lehmanns Marktstand
20,0.25,28,60,Germany,Margaret Peacock,1996-08-19 00:00:00.000,Dairy Products,408.0,4,Speedy Express,Camembert Pierrot,Frankfurt a.M.,LEHMS,10284,Gai pâturage,4,27.20,High Value,408.0,Lehmanns Marktstand
5,0.25,16,67,Germany,Margaret Peacock,1996-08-19 00:00:00.000,Beverages,42.0,1,Speedy Express,Laughing Lumberjack Lager,Frankfurt a.M.,LEHMS,10284,Bigfoot Breweries,4,11.20,High Value,42.0,Lehmanns Marktstand
45,0.2,1,1,Germany,Nancy Davolio,1996-08-20 00:00:00.000,Beverages,518.4,1,United Package,Chai,Cunewalde,QUICK,10285,Exotic Liquids,1,14.40,High Value,518.4,QUICK-Stop
40,0.2,19,40,Germany,Nancy Davolio,1996-08-20 00:00:00.000,Seafood,470.40000000000003,8,United Package,Boston Crab Meat,Cunewalde,QUICK,10285,New England Seafood Cannery,1,14.70,High Value,470.40000000000003,QUICK-Stop
36,0.2,24,53,Germany,Nancy Davolio,1996-08-20 00:00:00.000,Meat/Poultry,754.56,6,United Package,Perth Pasties,Cunewalde,QUICK,10285,G'day Mate,1,26.20,High Value,754.56,QUICK-Stop
100,0,16,35,Germany,Laura Callahan,1996-08-21 00:00:00.000,Beverages,1440.0,1,Federal Shipping,Steeleye Stout,Cunewalde,QUICK,10286,Bigfoot Breweries,8,14.40,High Value,1440.0,QUICK-Stop
40,0,29,62,Germany,Laura Callahan,1996-08-21 00:00:00.000,Confections,1576.0,3,Federal Shipping,Tarte au sucre,Cunewalde,QUICK,10286,Forêts d'érables,8,39.40,High Value,1576.0,QUICK-Stop
40,0.15,7,16,Brazil,Laura Callahan,1996-08-22 00:00:00.000,Confections,472.59999999999997,3,Federal Shipping,Pavlova,Rio de Janeiro,RICAR,10287,Pavlova Ltd.,8,13.90,Medium Value,472.59999999999997,Ricardo Adocicados
20,0,16,34,Brazil,Laura Callahan,1996-08-22 00:00:00.000,Beverages,224.0,1,Federal Shipping,Sasquatch Ale,Rio de Janeiro,RICAR,10287,Bigfoot Breweries,8,11.20,Medium Value,224.0,Ricardo Adocicados
15,0.15,21,46,Brazil,Laura Callahan,1996-08-22 00:00:00.000,Seafood,122.39999999999999,8,Federal Shipping,Spegesild,Rio de Janeiro,RICAR,10287,Lyngbysild,8,9.60,Medium Value,122.39999999999999,Ricardo Adocicados
10,0.1,25,54,Italy,Margaret Peacock,1996-08-23 00:00:00.000,Meat/Poultry,53.1,6,Speedy Express,Tourtière,Reggio Emilia,REGGC,10288,Ma Maison,4,5.90,Medium Value,53.1,Reggiani Caseifici
3,0.1,8,68,Italy,Margaret Peacock,1996-08-23 00:00:00.000,Confections,27.0,3,Speedy Express,Scottish Longbreads,Reggio Emilia,REGGC,10288,Specialty Biscuits Ltd.,4,10.00,Medium Value,27.0,Reggiani Caseifici
30,0,1,3,UK,Robert King,1996-08-26 00:00:00.000,Condiments,240.0,2,Federal Shipping,Aniseed Syrup,London,BSBEV,10289,Exotic Liquids,7,8.00,Low Value,240.0,B's Beverages
9,0,12,64,UK,Robert King,1996-08-26 00:00:00.000,Grains/Cereals,239.4,5,Federal Shipping,Wimmers gute Semmelknödel,London,BSBEV,10289,Plutzer Lebensmittelgroßmärkte AG,7,26.60,Low Value,239.4,B's Beverages
20,0,2,5,Brazil,Laura Callahan,1996-08-27 00:00:00.000,Condiments,340.0,2,Speedy Express,Chef Anton's Gumbo Mix,Sao Paulo,COMMI,10290,New Orleans Cajun Delights,8,17.00,Low Value,340.0,Comércio Mineiro
15,0,12,29,Brazil,Laura Callahan,1996-08-27 00:00:00.000,Meat/Poultry,1485.0,6,Speedy Express,Thüringer Rostbratwurst,Sao Paulo,COMMI,10290,Plutzer Lebensmittelgroßmärkte AG,8,99.00,Low Value,1485.0,Comércio Mineiro
15,0,23,49,Brazil,Laura Callahan,1996-08-27 00:00:00.000,Confections,240.0,3,Speedy Express,Maxilaku,Sao Paulo,COMMI,10290,Karkki Oy,8,16.00,Low Value,240.0,Comércio Mineiro
10,0,12,77,Brazil,Laura Callahan,1996-08-27 00:00:00.000,Condiments,104.0,2,Speedy Express,Original Frankfurter grüne Soße,Sao Paulo,COMMI,10290,Plutzer Lebensmittelgroßmärkte AG,8,10.40,Low Value,104.0,Comércio Mineiro
20,0.1,6,13,Brazil,Michael Suyama,1996-08-27 00:00:00.000,Seafood,86.4,8,United Package,Konbu,Rio de Janeiro,QUEDE,10291,Mayumi's,6,4.80,Low Value,86.4,Que Delícia
24,0.1,20,44,Brazil,Michael Suyama,1996-08-27 00:00:00.000,Condiments,334.8,2,United Package,Gula Malacca,Rio de Janeiro,QUEDE,10291,Leka Trading,6,15.50,Low Value,334.8,Que Delícia
2,0.1,24,51,Brazil,Michael Suyama,1996-08-27 00:00:00.000,Produce,76.32,7,United Package,Manjimup Dried Apples,Rio de Janeiro,QUEDE,10291,G'day Mate,6,42.40,Low Value,76.32,Que Delícia
20,0,8,20,Brazil,Nancy Davolio,1996-08-28 00:00:00.000,Confections,1296.0,3,United Package,Sir Rodney's Marmalade,Sao Paulo,TRADH,10292,Specialty Biscuits Ltd.,1,64.80,Low Value,1296.0,Tradição Hipermercados
12,0,7,18,Mexico,Nancy Davolio,1996-08-29 00:00:00.000,Seafood,600.0,8,Federal Shipping,Carnarvon Tigers,México D.F.,TORTU,10293,Pavlova Ltd.,1,50.00,Medium Value,600.0,Tortuga Restaurante
10,0,10,24,Mexico,Nancy Davolio,1996-08-29 00:00:00.000,Beverages,36.0,1,Federal Shipping,Guaraná Fantástica,México D.F.,TORTU,10293,Refrescos Americanas LTDA,1,3.60,Medium Value,36.0,Tortuga Restaurante
5,0,7,63,Mexico,Nancy Davolio,1996-08-29 00:00:00.000,Condiments,175.5,2,Federal Shipping,Vegie-spread,México D.F.,TORTU,10293,Pavlova Ltd.,1,35.10,Medium Value,175.5,Tortuga Restaurante
6,0,12,75,Mexico,Nancy Davolio,1996-08-29 00:00:00.000,Beverages,37.2,1,Federal Shipping,Rhönbräu Klosterbier,México D.F.,TORTU,10293,Plutzer Lebensmittelgroßmärkte AG,1,6.20,Medium Value,37.2,Tortuga Restaurante
18,0,1,1,USA,Margaret Peacock,1996-08-30 00:00:00.000,Beverages,259.2,1,United Package,Chai,Albuquerque,RATTC,10294,Exotic Liquids,4,14.40,High Value,259.2,Rattlesnake Canyon Grocery
15,0,7,17,USA,Margaret Peacock,1996-08-30 00:00:00.000,Meat/Poultry,468.0,6,United Package,Alice Mutton,Albuquerque,RATTC,10294,Pavlova Ltd.,4,31.20,High Value,468.0,Rattlesnake Canyon Grocery
15,0,20,43,USA,Margaret Peacock,1996-08-30 00:00:00.000,Beverages,552.0,1,United Package,Ipoh Coffee,Albuquerque,RATTC,10294,Leka Trading,4,36.80,High Value,552.0,Rattlesnake Canyon Grocery
21,0,28,60,USA,Margaret Peacock,1996-08-30 00:00:00.000,Dairy Products,571.1999999999999,4,United Package,Camembert Pierrot,Albuquerque,RATTC,10294,Gai pâturage,4,27.20,High Value,571.1999999999999,Rattlesnake Canyon Grocery
6,0,12,75,USA,Margaret Peacock,1996-08-30 00:00:00.000,Beverages,37.2,1,United Package,Rhönbräu Klosterbier,Albuquerque,RATTC,10294,Plutzer Lebensmittelgroßmärkte AG,4,6.20,High Value,37.2,Rattlesnake Canyon Grocery
4,0,26,56,France,Andrew Fuller,1996-09-02 00:00:00.000,Grains/Cereals,121.6,5,United Package,Gnocchi di nonna Alice,Reims,VINET,10295,Pasta Buttini s.r.l.,2,30.40,Low Value,121.6,Vins et alcools Chevalier
12,0,5,11,Venezuela,Michael Suyama,1996-09-03 00:00:00.000,Dairy Products,201.60000000000002,4,Speedy Express,Queso Cabrales,Barquisimeto,LILAS,10296,Cooperativa de Quesos 'Las Cabras',6,16.80,Medium Value,201.60000000000002,LILA-Supermercado
30,0,7,16,Venezuela,Michael Suyama,1996-09-03 00:00:00.000,Confections,417.0,3,Speedy Express,Pavlova,Barquisimeto,LILAS,10296,Pavlova Ltd.,6,13.90,Medium Value,417.0,LILA-Supermercado
15,0,15,69,Venezuela,Michael Suyama,1996-09-03 00:00:00.000,Dairy Products,432.0,4,Speedy Express,Gudbrandsdalsost,Barquisimeto,LILAS,10296,Norske Meierier,6,28.80,Medium Value,432.0,LILA-Supermercado
60,0,18,39,France,Steven Buchanan,1996-09-04 00:00:00.000,Beverages,864.0,1,United Package,Chartreuse verte,Strasbourg,BLONP,10297,Aux joyeux ecclésiastiques,5,14.40,High Value,864.0,Blondesddsl père et fils
20,0,14,72,France,Steven Buchanan,1996-09-04 00:00:00.000,Dairy Products,556.0,4,United Package,Mozzarella di Giovanni,Strasbourg,BLONP,10297,Formaggi Fortini s.r.l.,5,27.80,High Value,556.0,Blondesddsl père et fils
40,0,1,2,Ireland,Michael Suyama,1996-09-05 00:00:00.000,Beverages,608.0,1,United Package,Chang,Cork,HUNGO,10298,Exotic Liquids,6,15.20,High Value,608.0,Hungry Owl All-Night Grocers
40,0.25,17,36,Ireland,Michael Suyama,1996-09-05 00:00:00.000,Seafood,456.0,8,United Package,Inlagd Sill,Cork,HUNGO,10298,Svensk Sjöföda AB,6,15.20,High Value,456.0,Hungry Owl All-Night Grocers
30,0.25,28,59,Ireland,Michael Suyama,1996-09-05 00:00:00.000,Dairy Products,990.0,4,United Package,Raclette Courdavault,Cork,HUNGO,10298,Gai pâturage,6,44.00,High Value,990.0,Hungry Owl All-Night Grocers
15,0,29,62,Ireland,Michael Suyama,1996-09-05 00:00:00.000,Confections,591.0,3,United Package,Tarte au sucre,Cork,HUNGO,10298,Forêts d'érables,6,39.40,High Value,591.0,Hungry Owl All-Night Grocers
15,0,8,19,Brazil,Margaret Peacock,1996-09-06 00:00:00.000,Confections,109.5,3,United Package,Teatime Chocolate Biscuits,Rio de Janeiro,RICAR,10299,Specialty Biscuits Ltd.,4,7.30,Medium Value,109.5,Ricardo Adocicados
20,0,7,70,Brazil,Margaret Peacock,1996-09-06 00:00:00.000,Beverages,240.0,1,United Package,Outback Lager,Rio de Janeiro,RICAR,10299,Pavlova Ltd.,4,12.00,Medium Value,240.0,Ricardo Adocicados
30,0,2,66,Italy,Andrew Fuller,1996-09-09 00:00:00.000,Condiments,408.0,2,United Package,Louisiana Hot Spiced Okra,Bergamo,MAGAA,10300,New Orleans Cajun Delights,2,13.60,Medium Value,408.0,Magazzini Alimentari Riuniti
20,0,8,68,Italy,Andrew Fuller,1996-09-09 00:00:00.000,Confections,200.0,3,United Package,Scottish Longbreads,Bergamo,MAGAA,10300,Specialty Biscuits Ltd.,2,10.00,Medium Value,200.0,Magazzini Alimentari Riuniti
10,0,19,40,Germany,Laura Callahan,1996-09-09 00:00:00.000,Seafood,147.0,8,United Package,Boston Crab Meat,Stuttgart,WANDK,10301,New England Seafood Cannery,8,14.70,Medium Value,147.0,Die Wandernde Kuh
20,0,26,56,Germany,Laura Callahan,1996-09-09 00:00:00.000,Grains/Cereals,608.0,5,United Package,Gnocchi di nonna Alice,Stuttgart,WANDK,10301,Pasta Buttini s.r.l.,8,30.40,Medium Value,608.0,Die Wandernde Kuh
40,0,7,17,Belgium,Margaret Peacock,1996-09-10 00:00:00.000,Meat/Poultry,1248.0,6,United Package,Alice Mutton,Charleroi,SUPRD,10302,Pavlova Ltd.,4,31.20,High Value,1248.0,Suprêmes délices
28,0,12,28,Belgium,Margaret Peacock,1996-09-10 00:00:00.000,Produce,1019.1999999999999,7,United Package,Rössle Sauerkraut,Charleroi,SUPRD,10302,Plutzer Lebensmittelgroßmärkte AG,4,36.40,High Value,1019.1999999999999,Suprêmes délices
12,0,20,43,Belgium,Margaret Peacock,1996-09-10 00:00:00.000,Beverages,441.59999999999997,1,United Package,Ipoh Coffee,Charleroi,SUPRD,10302,Leka Trading,4,36.80,High Value,441.59999999999997,Suprêmes délices
40,0.1,19,40,Spain,Robert King,1996-09-11 00:00:00.000,Seafood,529.2,8,United Package,Boston Crab Meat,Sevilla,GODOS,10303,New England Seafood Cannery,7,14.70,Medium Value,529.2,Godos Cocina Típica
30,0.1,2,65,Spain,Robert King,1996-09-11 00:00:00.000,Condiments,453.6,2,United Package,Louisiana Fiery Hot Pepper Sauce,Sevilla,GODOS,10303,New Orleans Cajun Delights,7,16.80,Medium Value,453.6,Godos Cocina Típica
15,0.1,8,68,Spain,Robert King,1996-09-11 00:00:00.000,Confections,135.0,3,United Package,Scottish Longbreads,Sevilla,GODOS,10303,Specialty Biscuits Ltd.,7,10.00,Medium Value,135.0,Godos Cocina Típica
30,0,23,49,Mexico,Nancy Davolio,1996-09-12 00:00:00.000,Confections,480.0,3,United Package,Maxilaku,México D.F.,TORTU,10304,Karkki Oy,1,16.00,Medium Value,480.0,Tortuga Restaurante
10,0,28,59,Mexico,Nancy Davolio,1996-09-12 00:00:00.000,Dairy Products,440.0,4,United Package,Raclette Courdavault,México D.F.,TORTU,10304,Gai pâturage,1,44.00,Medium Value,440.0,Tortuga Restaurante
2,0,15,71,Mexico,Nancy Davolio,1996-09-12 00:00:00.000,Dairy Products,34.4,4,United Package,Flotemysost,México D.F.,TORTU,10304,Norske Meierier,1,17.20,Medium Value,34.4,Tortuga Restaurante
25,0.1,7,18,USA,Laura Callahan,1996-09-13 00:00:00.000,Seafood,1125.0,8,Federal Shipping,Carnarvon Tigers,Anchorage,OLDWO,10305,Pavlova Ltd.,8,50.00,Medium Value,1125.0,Old World Delicatessen
25,0.1,12,29,USA,Laura Callahan,1996-09-13 00:00:00.000,Meat/Poultry,2227.5,6,Federal Shipping,Thüringer Rostbratwurst,Anchorage,OLDWO,10305,Plutzer Lebensmittelgroßmärkte AG,8,99.00,Medium Value,2227.5,Old World Delicatessen
30,0.1,18,39,USA,Laura Callahan,1996-09-13 00:00:00.000,Beverages,388.8,1,Federal Shipping,Chartreuse verte,Anchorage,OLDWO,10305,Aux joyeux ecclésiastiques,8,14.40,Medium Value,388.8,Old World Delicatessen
10,0,13,30,Spain,Nancy Davolio,1996-09-16 00:00:00.000,Seafood,207.0,8,Federal Shipping,Nord-Ost Matjeshering,Madrid,ROMEY,10306,Nord-Ost-Fisch Handelsgesellschaft mbH,1,20.70,Low Value,207.0,Romero y tomillo
10,0,24,53,Spain,Nancy Davolio,1996-09-16 00:00:00.000,Meat/Poultry,262.0,6,Federal Shipping,Perth Pasties,Madrid,ROMEY,10306,G'day Mate,1,26.20,Low Value,262.0,Romero y tomillo
5,0,25,54,Spain,Nancy Davolio,1996-09-16 00:00:00.000,Meat/Poultry,29.5,6,Federal Shipping,Tourtière,Madrid,ROMEY,10306,Ma Maison,1,5.90,Low Value,29.5,Romero y tomillo
10,0,29,62,USA,Andrew Fuller,1996-09-17 00:00:00.000,Confections,394.0,3,United Package,Tarte au sucre,Portland,LONEP,10307,Forêts d'érables,2,39.40,Low Value,394.0,Lonesome Pine Restaurant
3,0,8,68,USA,Andrew Fuller,1996-09-17 00:00:00.000,Confections,30.0,3,United Package,Scottish Longbreads,Portland,LONEP,10307,Specialty Biscuits Ltd.,2,10.00,Low Value,30.0,Lonesome Pine Restaurant
1,0,15,69,Mexico,Robert King,1996-09-18 00:00:00.000,Dairy Products,28.8,4,Federal Shipping,Gudbrandsdalsost,México D.F.,ANATR,10308,Norske Meierier,7,28.80,Low Value,28.8,Ana Trujillo Emparedados y helados
5,0,7,70,Mexico,Robert King,1996-09-18 00:00:00.000,Beverages,60.0,1,Federal Shipping,Outback Lager,México D.F.,ANATR,10308,Pavlova Ltd.,7,12.00,Low Value,60.0,Ana Trujillo Emparedados y helados
20,0,2,4,Ireland,Janet Leverling,1996-09-19 00:00:00.000,Condiments,352.0,2,Speedy Express,Chef Anton's Cajun Seasoning,Cork,HUNGO,10309,New Orleans Cajun Delights,3,17.60,High Value,352.0,Hungry Owl All-Night Grocers
30,0,3,6,Ireland,Janet Leverling,1996-09-19 00:00:00.000,Condiments,600.0,2,Speedy Express,Grandma's Boysenberry Spread,Cork,HUNGO,10309,Grandma Kelly's Homestead,3,20.00,High Value,600.0,Hungry Owl All-Night Grocers
2,0,20,42,Ireland,Janet Leverling,1996-09-19 00:00:00.000,Grains/Cereals,22.4,5,Speedy Express,Singaporean Hokkien Fried Mee,Cork,HUNGO,10309,Leka Trading,3,11.20,High Value,22.4,Hungry Owl All-Night Grocers
20,0,20,43,Ireland,Janet Leverling,1996-09-19 00:00:00.000,Beverages,736.0,1,Speedy Express,Ipoh Coffee,Cork,HUNGO,10309,Leka Trading,3,36.80,High Value,736.0,Hungry Owl All-Night Grocers
3,0,15,71,Ireland,Janet Leverling,1996-09-19 00:00:00.000,Dairy Products,51.599999999999994,4,Speedy Express,Flotemysost,Cork,HUNGO,10309,Norske Meierier,3,17.20,High Value,51.599999999999994,Hungry Owl All-Night Grocers
10,0,7,16,USA,Laura Callahan,1996-09-20 00:00:00.000,Confections,139.0,3,United Package,Pavlova,Portland,THEBI,10310,Pavlova Ltd.,8,13.90,Low Value,139.0,The Big Cheese
5,0,29,62,USA,Laura Callahan,1996-09-20 00:00:00.000,Confections,197.0,3,United Package,Tarte au sucre,Portland,THEBI,10310,Forêts d'érables,8,39.40,Low Value,197.0,The Big Cheese
6,0,20,42,France,Nancy Davolio,1996-09-20 00:00:00.000,Grains/Cereals,67.19999999999999,5,Federal Shipping,Singaporean Hokkien Fried Mee,Nantes,DUMON,10311,Leka Trading,1,11.20,Low Value,67.19999999999999,Du monde entier
7,0,15,69,France,Nancy Davolio,1996-09-20 00:00:00.000,Dairy Products,201.6,4,Federal Shipping,Gudbrandsdalsost,Nantes,DUMON,10311,Norske Meierier,1,28.80,Low Value,201.6,Du monde entier
4,0,12,28,Germany,Andrew Fuller,1996-09-23 00:00:00.000,Produce,145.6,7,United Package,Rössle Sauerkraut,Stuttgart,WANDK,10312,Plutzer Lebensmittelgroßmärkte AG,2,36.40,Medium Value,145.6,Die Wandernde Kuh
24,0,20,43,Germany,Andrew Fuller,1996-09-23 00:00:00.000,Beverages,883.1999999999999,1,United Package,Ipoh Coffee,Stuttgart,WANDK,10312,Leka Trading,2,36.80,Medium Value,883.1999999999999,Die Wandernde Kuh
20,0,24,53,Germany,Andrew Fuller,1996-09-23 00:00:00.000,Meat/Poultry,524.0,6,United Package,Perth Pasties,Stuttgart,WANDK,10312,G'day Mate,2,26.20,Medium Value,524.0,Die Wandernde Kuh
10,0,12,75,Germany,Andrew Fuller,1996-09-23 00:00:00.000,Beverages,62.0,1,United Package,Rhönbräu Klosterbier,Stuttgart,WANDK,10312,Plutzer Lebensmittelgroßmärkte AG,2,6.20,Medium Value,62.0,Die Wandernde Kuh
12,0,17,36,Germany,Andrew Fuller,1996-09-24 00:00:00.000,Seafood,182.39999999999998,8,United Package,Inlagd Sill,Cunewalde,QUICK,10313,Svensk Sjöföda AB,2,15.20,High Value,182.39999999999998,QUICK-Stop
40,0.1,14,32,USA,Nancy Davolio,1996-09-25 00:00:00.000,Dairy Products,921.6,4,United Package,Mascarpone Fabioli,Albuquerque,RATTC,10314,Formaggi Fortini s.r.l.,1,25.60,High Value,921.6,Rattlesnake Canyon Grocery
30,0.1,27,58,USA,Nancy Davolio,1996-09-25 00:00:00.000,Seafood,286.2,8,United Package,Escargots de Bourgogne,Albuquerque,RATTC,10314,Escargots Nouveaux,1,10.60,High Value,286.2,Rattlesnake Canyon Grocery
25,0.1,29,62,USA,Nancy Davolio,1996-09-25 00:00:00.000,Confections,886.5,3,United Package,Tarte au sucre,Albuquerque,RATTC,10314,Forêts d'érables,1,39.40,High Value,886.5,Rattlesnake Canyon Grocery
14,0,16,34,UK,Margaret Peacock,1996-09-26 00:00:00.000,Beverages,156.79999999999998,1,United Package,Sasquatch Ale,Cowes,ISLAT,10315,Bigfoot Breweries,4,11.20,Low Value,156.79999999999998,Island Trading
30,0,7,70,UK,Margaret Peacock,1996-09-26 00:00:00.000,Beverages,360.0,1,United Package,Outback Lager,Cowes,ISLAT,10315,Pavlova Ltd.,4,12.00,Low Value,360.0,Island Trading
10,0,19,41,USA,Nancy Davolio,1996-09-27 00:00:00.000,Seafood,77.0,8,Federal Shipping,Jack's New England Clam Chowder,Albuquerque,RATTC,10316,New England Seafood Cannery,1,7.70,High Value,77.0,Rattlesnake Canyon Grocery
70,0,29,62,USA,Nancy Davolio,1996-09-27 00:00:00.000,Confections,2758.0,3,Federal Shipping,Tarte au sucre,Albuquerque,RATTC,10316,Forêts d'érables,1,39.40,High Value,2758.0,Rattlesnake Canyon Grocery
20,0,1,1,USA,Michael Suyama,1996-09-30 00:00:00.000,Beverages,288.0,1,Speedy Express,Chai,Portland,LONEP,10317,Exotic Liquids,6,14.40,Low Value,288.0,Lonesome Pine Restaurant
20,0,19,41,UK,Laura Callahan,1996-10-01 00:00:00.000,Seafood,154.0,8,United Package,Jack's New England Clam Chowder,Cowes,ISLAT,10318,New England Seafood Cannery,8,7.70,Low Value,154.0,Island Trading
6,0,23,76,UK,Laura Callahan,1996-10-01 00:00:00.000,Beverages,86.4,1,United Package,Lakkalikööri,Cowes,ISLAT,10318,Karkki Oy,8,14.40,Low Value,86.4,Island Trading
8,0,7,17,Mexico,Robert King,1996-10-02 00:00:00.000,Meat/Poultry,249.6,6,Federal Shipping,Alice Mutton,México D.F.,TORTU,10319,Pavlova Ltd.,7,31.20,Medium Value,249.6,Tortuga Restaurante
14,0,12,28,Mexico,Robert King,1996-10-02 00:00:00.000,Produce,509.59999999999997,7,Federal Shipping,Rössle Sauerkraut,México D.F.,TORTU,10319,Plutzer Lebensmittelgroßmärkte AG,7,36.40,Medium Value,509.59999999999997,Tortuga Restaurante
30,0,23,76,Mexico,Robert King,1996-10-02 00:00:00.000,Beverages,432.0,1,Federal Shipping,Lakkalikööri,México D.F.,TORTU,10319,Karkki Oy,7,14.40,Medium Value,432.0,Tortuga Restaurante
30,0,15,71,Finland,Steven Buchanan,1996-10-03 00:00:00.000,Dairy Products,516.0,4,Federal Shipping,Flotemysost,Oulu,WARTH,10320,Norske Meierier,5,17.20,Medium Value,516.0,Wartian Herkku
10,0,16,35,UK,Janet Leverling,1996-10-03 00:00:00.000,Beverages,144.0,1,United Package,Steeleye Stout,Cowes,ISLAT,10321,Bigfoot Breweries,3,14.40,Low Value,144.0,Island Trading
20,0,24,52,Mexico,Robert King,1996-10-04 00:00:00.000,Grains/Cereals,112.0,5,Federal Shipping,Filo Mix,México D.F.,PERIC,10322,G'day Mate,7,5.60,Low Value,112.0,Pericles Comidas clásicas
5,0,6,15,Germany,Margaret Peacock,1996-10-07 00:00:00.000,Condiments,62.0,2,Speedy Express,Genen Shouyu,Brandenburg,KOENE,10323,Mayumi's,4,12.40,High Value,62.0,Königlich Essen
4,0,11,25,Germany,Margaret Peacock,1996-10-07 00:00:00.000,Confections,44.8,3,Speedy Express,NuNuCa Nuß-Nougat-Creme,Brandenburg,KOENE,10323,Heli Süßwaren GmbH & Co. KG,4,11.20,High Value,44.8,Königlich Essen
4,0,18,39,Germany,Margaret Peacock,1996-10-07 00:00:00.000,Beverages,57.6,1,Speedy Express,Chartreuse verte,Brandenburg,KOENE,10323,Aux joyeux ecclésiastiques,4,14.40,High Value,57.6,Königlich Essen
21,0.15,7,16,USA,Anne Dodsworth,1996-10-08 00:00:00.000,Confections,248.115,3,Speedy Express,Pavlova,Boise,SAVEA,10324,Pavlova Ltd.,9,13.90,High Value,248.115,Save-a-lot Markets
70,0.15,16,35,USA,Anne Dodsworth,1996-10-08 00:00:00.000,Beverages,856.8,1,Speedy Express,Steeleye Stout,Boise,SAVEA,10324,Bigfoot Breweries,9,14.40,High Value,856.8,Save-a-lot Markets
30,0,21,46,USA,Anne Dodsworth,1996-10-08 00:00:00.000,Seafood,288.0,8,Speedy Express,Spegesild,Boise,SAVEA,10324,Lyngbysild,9,9.60,High Value,288.0,Save-a-lot Markets
40,0.15,28,59,USA,Anne Dodsworth,1996-10-08 00:00:00.000,Dairy Products,1496.0,4,Speedy Express,Raclette Courdavault,Boise,SAVEA,10324,Gai pâturage,9,44.00,High Value,1496.0,Save-a-lot Markets
80,0.15,7,63,USA,Anne Dodsworth,1996-10-08 00:00:00.000,Condiments,2386.7999999999997,2,Speedy Express,Vegie-spread,Boise,SAVEA,10324,Pavlova Ltd.,9,35.10,High Value,2386.7999999999997,Save-a-lot Markets
6,0,3,6,Germany,Nancy Davolio,1996-10-09 00:00:00.000,Condiments,120.0,2,Federal Shipping,Grandma's Boysenberry Spread,Brandenburg,KOENE,10325,Grandma Kelly's Homestead,1,20.00,High Value,120.0,Königlich Essen
12,0,6,13,Germany,Nancy Davolio,1996-10-09 00:00:00.000,Seafood,57.599999999999994,8,Federal Shipping,Konbu,Brandenburg,KOENE,10325,Mayumi's,1,4.80,High Value,57.599999999999994,Königlich Essen
9,0,6,14,Germany,Nancy Davolio,1996-10-09 00:00:00.000,Produce,167.4,7,Federal Shipping,Tofu,Brandenburg,KOENE,10325,Mayumi's,1,18.60,High Value,167.4,Königlich Essen
4,0,14,31,Germany,Nancy Davolio,1996-10-09 00:00:00.000,Dairy Products,40.0,4,Federal Shipping,Gorgonzola Telino,Brandenburg,KOENE,10325,Formaggi Fortini s.r.l.,1,10.00,High Value,40.0,Königlich Essen
40,0,14,72,Germany,Nancy Davolio,1996-10-09 00:00:00.000,Dairy Products,1112.0,4,Federal Shipping,Mozzarella di Giovanni,Brandenburg,KOENE,10325,Formaggi Fortini s.r.l.,1,27.80,High Value,1112.0,Königlich Essen
24,0,2,4,Spain,Margaret Peacock,1996-10-10 00:00:00.000,Condiments,422.40000000000003,2,United Package,Chef Anton's Cajun Seasoning,Madrid,BOLID,10326,New Orleans Cajun Delights,4,17.60,Low Value,422.40000000000003,Bólido Comidas preparadas
16,0,26,57,Spain,Margaret Peacock,1996-10-10 00:00:00.000,Grains/Cereals,249.6,5,United Package,Ravioli Angelo,Madrid,BOLID,10326,Pasta Buttini s.r.l.,4,15.60,Low Value,249.6,Bólido Comidas preparadas
50,0,12,75,Spain,Margaret Peacock,1996-10-10 00:00:00.000,Beverages,310.0,1,United Package,Rhönbräu Klosterbier,Madrid,BOLID,10326,Plutzer Lebensmittelgroßmärkte AG,4,6.20,Low Value,310.0,Bólido Comidas preparadas
25,0.2,1,2,Sweden,Andrew Fuller,1996-10-11 00:00:00.000,Beverages,304.0,1,Speedy Express,Chang,Bräcke,FOLKO,10327,Exotic Liquids,2,15.20,High Value,304.0,Folk och fä HB
50,0.2,5,11,Sweden,Andrew Fuller,1996-10-11 00:00:00.000,Dairy Products,672.0,4,Speedy Express,Queso Cabrales,Bräcke,FOLKO,10327,Cooperativa de Quesos 'Las Cabras',2,16.80,High Value,672.0,Folk och fä HB
35,0.2,13,30,Sweden,Andrew Fuller,1996-10-11 00:00:00.000,Seafood,579.6,8,Speedy Express,Nord-Ost Matjeshering,Bräcke,FOLKO,10327,Nord-Ost-Fisch Handelsgesellschaft mbH,2,20.70,High Value,579.6,Folk och fä HB
30,0.2,27,58,Sweden,Andrew Fuller,1996-10-11 00:00:00.000,Seafood,254.4,8,Speedy Express,Escargots de Bourgogne,Bräcke,FOLKO,10327,Escargots Nouveaux,2,10.60,High Value,254.4,Folk och fä HB
9,0,28,59,Portugal,Margaret Peacock,1996-10-14 00:00:00.000,Dairy Products,396.0,4,Federal Shipping,Raclette Courdavault,Lisboa,FURIB,10328,Gai pâturage,4,44.00,Low Value,396.0,Furia Bacalhau e Frutos do Mar
40,0,2,65,Portugal,Margaret Peacock,1996-10-14 00:00:00.000,Condiments,672.0,2,Federal Shipping,Louisiana Fiery Hot Pepper Sauce,Lisboa,FURIB,10328,New Orleans Cajun Delights,4,16.80,Low Value,672.0,Furia Bacalhau e Frutos do Mar
10,0,8,68,Portugal,Margaret Peacock,1996-10-14 00:00:00.000,Confections,100.0,3,Federal Shipping,Scottish Longbreads,Lisboa,FURIB,10328,Specialty Biscuits Ltd.,4,10.00,Low Value,100.0,Furia Bacalhau e Frutos do Mar
10,0.05,8,19,USA,Margaret Peacock,1996-10-15 00:00:00.000,Confections,69.35,3,United Package,Teatime Chocolate Biscuits,Lander,SPLIR,10329,Specialty Biscuits Ltd.,4,7.30,Medium Value,69.35,Split Rail Beer & Ale
8,0.05,13,30,USA,Margaret Peacock,1996-10-15 00:00:00.000,Seafood,157.32,8,United Package,Nord-Ost Matjeshering,Lander,SPLIR,10329,Nord-Ost-Fisch Handelsgesellschaft mbH,4,20.70,Medium Value,157.32,Split Rail Beer & Ale
20,0.05,18,38,USA,Margaret Peacock,1996-10-15 00:00:00.000,Beverages,4005.2,1,United Package,Côte de Blaye,Lander,SPLIR,10329,Aux joyeux ecclésiastiques,4,210.80,Medium Value,4005.2,Split Rail Beer & Ale
12,0.05,26,56,USA,Margaret Peacock,1996-10-15 00:00:00.000,Grains/Cereals,346.55999999999995,5,United Package,Gnocchi di nonna Alice,Lander,SPLIR,10329,Pasta Buttini s.r.l.,4,30.40,Medium Value,346.55999999999995,Split Rail Beer & Ale
50,0.15,11,26,Venezuela,Janet Leverling,1996-10-16 00:00:00.000,Confections,1058.25,3,Speedy Express,Gumbär Gummibärchen,Barquisimeto,LILAS,10330,Heli Süßwaren GmbH & Co. KG,3,24.90,Medium Value,1058.25,LILA-Supermercado
25,0.15,14,72,Venezuela,Janet Leverling,1996-10-16 00:00:00.000,Dairy Products,590.75,4,Speedy Express,Mozzarella di Giovanni,Barquisimeto,LILAS,10330,Formaggi Fortini s.r.l.,3,27.80,Medium Value,590.75,LILA-Supermercado
15,0,25,54,France,Anne Dodsworth,1996-10-16 00:00:00.000,Meat/Poultry,88.5,6,Speedy Express,Tourtière,Marseille,BONAP,10331,Ma Maison,9,5.90,High Value,88.5,Bon app'
40,0.2,7,18,Canada,Janet Leverling,1996-10-17 00:00:00.000,Seafood,1600.0,8,United Package,Carnarvon Tigers,Montréal,MEREP,10332,Pavlova Ltd.,3,50.00,High Value,1600.0,Mère Paillarde
10,0.2,20,42,Canada,Janet Leverling,1996-10-17 00:00:00.000,Grains/Cereals,89.60000000000001,5,United Package,Singaporean Hokkien Fried Mee,Montréal,MEREP,10332,Leka Trading,3,11.20,High Value,89.60000000000001,Mère Paillarde
16,0.2,22,47,Canada,Janet Leverling,1996-10-17 00:00:00.000,Confections,97.28,3,United Package,Zaanse koeken,Montréal,MEREP,10332,Zaanse Snoepfabriek,3,7.60,High Value,97.28,Mère Paillarde
10,0,6,14,Finland,Steven Buchanan,1996-10-18 00:00:00.000,Produce,186.0,7,Federal Shipping,Tofu,Oulu,WARTH,10333,Mayumi's,5,18.60,Medium Value,186.0,Wartian Herkku
10,0.1,8,21,Finland,Steven Buchanan,1996-10-18 00:00:00.000,Confections,72.0,3,Federal Shipping,Sir Rodney's Scones,Oulu,WARTH,10333,Specialty Biscuits Ltd.,5,8.00,Medium Value,72.0,Wartian Herkku
40,0.1,15,71,Finland,Steven Buchanan,1996-10-18 00:00:00.000,Dairy Products,619.2,4,Federal Shipping,Flotemysost,Oulu,WARTH,10333,Norske Meierier,5,17.20,Medium Value,619.2,Wartian Herkku
8,0,24,52,France,Laura Callahan,1996-10-21 00:00:00.000,Grains/Cereals,44.8,5,United Package,Filo Mix,Lyon,VICTE,10334,G'day Mate,8,5.60,Medium Value,44.8,Victuailles en stock
10,0,8,68,France,Laura Callahan,1996-10-21 00:00:00.000,Confections,100.0,3,United Package,Scottish Longbreads,Lyon,VICTE,10334,Specialty Biscuits Ltd.,8,10.00,Medium Value,100.0,Victuailles en stock
7,0.2,1,2,Ireland,Robert King,1996-10-22 00:00:00.000,Beverages,85.12,1,United Package,Chang,Cork,HUNGO,10335,Exotic Liquids,7,15.20,High Value,85.12,Hungry Owl All-Night Grocers
25,0.2,14,31,Ireland,Robert King,1996-10-22 00:00:00.000,Dairy Products,200.0,4,United Package,Gorgonzola Telino,Cork,HUNGO,10335,Formaggi Fortini s.r.l.,7,10.00,High Value,200.0,Hungry Owl All-Night Grocers
6,0.2,14,32,Ireland,Robert King,1996-10-22 00:00:00.000,Dairy Products,122.88000000000002,4,United Package,Mascarpone Fabioli,Cork,HUNGO,10335,Formaggi Fortini s.r.l.,7,25.60,High Value,122.88000000000002,Hungry Owl All-Night Grocers
48,0.2,24,51,Ireland,Robert King,1996-10-22 00:00:00.000,Produce,1628.1599999999999,7,United Package,Manjimup Dried Apples,Cork,HUNGO,10335,G'day Mate,7,42.40,High Value,1628.1599999999999,Hungry Owl All-Night Grocers
18,0.1,2,4,Portugal,Robert King,1996-10-23 00:00:00.000,Condiments,285.12,2,United Package,Chef Anton's Cajun Seasoning,Lisboa,PRINI,10336,New Orleans Cajun Delights,7,17.60,Low Value,285.12,Princesa Isabel Vinhos
40,0,9,23,Germany,Margaret Peacock,1996-10-24 00:00:00.000,Grains/Cereals,288.0,5,Federal Shipping,Tunnbröd,München,FRANK,10337,PB Knäckebröd AB,4,7.20,High Value,288.0,Frankenversand
24,0,11,26,Germany,Margaret Peacock,1996-10-24 00:00:00.000,Confections,597.5999999999999,3,Federal Shipping,Gumbär Gummibärchen,München,FRANK,10337,Heli Süßwaren GmbH & Co. KG,4,24.90,High Value,597.5999999999999,Frankenversand
20,0,17,36,Germany,Margaret Peacock,1996-10-24 00:00:00.000,Seafood,304.0,8,Federal Shipping,Inlagd Sill,München,FRANK,10337,Svensk Sjöföda AB,4,15.20,High Value,304.0,Frankenversand
28,0,17,37,Germany,Margaret Peacock,1996-10-24 00:00:00.000,Seafood,582.4,8,Federal Shipping,Gravad lax,München,FRANK,10337,Svensk Sjöföda AB,4,20.80,High Value,582.4,Frankenversand
25,0,14,72,Germany,Margaret Peacock,1996-10-24 00:00:00.000,Dairy Products,695.0,4,Federal Shipping,Mozzarella di Giovanni,München,FRANK,10337,Formaggi Fortini s.r.l.,4,27.80,High Value,695.0,Frankenversand
20,0,7,17,USA,Margaret Peacock,1996-10-25 00:00:00.000,Meat/Poultry,624.0,6,Federal Shipping,Alice Mutton,Anchorage,OLDWO,10338,Pavlova Ltd.,4,31.20,Medium Value,624.0,Old World Delicatessen
15,0,13,30,USA,Margaret Peacock,1996-10-25 00:00:00.000,Seafood,310.5,8,Federal Shipping,Nord-Ost Matjeshering,Anchorage,OLDWO,10338,Nord-Ost-Fisch Handelsgesellschaft mbH,4,20.70,Medium Value,310.5,Old World Delicatessen
10,0,2,4,Canada,Andrew Fuller,1996-10-28 00:00:00.000,Condiments,176.0,2,United Package,Chef Anton's Cajun Seasoning,Montréal,MEREP,10339,New Orleans Cajun Delights,2,17.60,High Value,176.0,Mère Paillarde
70,0.05,7,17,Canada,Andrew Fuller,1996-10-28 00:00:00.000,Meat/Poultry,2074.7999999999997,6,United Package,Alice Mutton,Montréal,MEREP,10339,Pavlova Ltd.,2,31.20,High Value,2074.7999999999997,Mère Paillarde
28,0,29,62,Canada,Andrew Fuller,1996-10-28 00:00:00.000,Confections,1103.2,3,United Package,Tarte au sucre,Montréal,MEREP,10339,Forêts d'érables,2,39.40,High Value,1103.2,Mère Paillarde
20,0.05,7,18,France,Nancy Davolio,1996-10-29 00:00:00.000,Seafood,950.0,8,Federal Shipping,Carnarvon Tigers,Marseille,BONAP,10340,Pavlova Ltd.,1,50.00,High Value,950.0,Bon app'
12,0.05,19,41,France,Nancy Davolio,1996-10-29 00:00:00.000,Seafood,87.78,8,Federal Shipping,Jack's New England Clam Chowder,Marseille,BONAP,10340,New England Seafood Cannery,1,7.70,High Value,87.78,Bon app'
40,0.05,20,43,France,Nancy Davolio,1996-10-29 00:00:00.000,Beverages,1398.3999999999999,1,Federal Shipping,Ipoh Coffee,Marseille,BONAP,10340,Leka Trading,1,36.80,High Value,1398.3999999999999,Bon app'
8,0,15,33,Denmark,Robert King,1996-10-29 00:00:00.000,Dairy Products,16.0,4,Federal Shipping,Geitost,Kobenhavn,SIMOB,10341,Norske Meierier,7,2.00,High Value,16.0,Simons bistro
9,0.15,28,59,Denmark,Robert King,1996-10-29 00:00:00.000,Dairy Products,336.59999999999997,4,Federal Shipping,Raclette Courdavault,Kobenhavn,SIMOB,10341,Gai pâturage,7,44.00,High Value,336.59999999999997,Simons bistro
24,0.2,1,2,Germany,Margaret Peacock,1996-10-30 00:00:00.000,Beverages,291.84,1,United Package,Chang,München,FRANK,10342,Exotic Liquids,4,15.20,High Value,291.84,Frankenversand
56,0.2,14,31,Germany,Margaret Peacock,1996-10-30 00:00:00.000,Dairy Products,448.0,4,United Package,Gorgonzola Telino,München,FRANK,10342,Formaggi Fortini s.r.l.,4,10.00,High Value,448.0,Frankenversand
40,0.2,17,36,Germany,Margaret Peacock,1996-10-30 00:00:00.000,Seafood,486.40000000000003,8,United Package,Inlagd Sill,München,FRANK,10342,Svensk Sjöföda AB,4,15.20,High Value,486.40000000000003,Frankenversand
40,0.2,25,55,Germany,Margaret Peacock,1996-10-30 00:00:00.000,Meat/Poultry,614.4000000000001,6,United Package,Pâté chinois,München,FRANK,10342,Ma Maison,4,19.20,High Value,614.4000000000001,Frankenversand
50,0,12,64,Germany,Margaret Peacock,1996-10-31 00:00:00.000,Grains/Cereals,1330.0,5,Speedy Express,Wimmers gute Semmelknödel,Frankfurt a.M.,LEHMS,10343,Plutzer Lebensmittelgroßmärkte AG,4,26.60,High Value,1330.0,Lehmanns Marktstand
4,0.05,8,68,Germany,Margaret Peacock,1996-10-31 00:00:00.000,Confections,38.0,3,Speedy Express,Scottish Longbreads,Frankfurt a.M.,LEHMS,10343,Specialty Biscuits Ltd.,4,10.00,High Value,38.0,Lehmanns Marktstand
15,0,23,76,Germany,Margaret Peacock,1996-10-31 00:00:00.000,Beverages,216.0,1,Speedy Express,Lakkalikööri,Frankfurt a.M.,LEHMS,10343,Karkki Oy,4,14.40,High Value,216.0,Lehmanns Marktstand
35,0,2,4,USA,Margaret Peacock,1996-11-01 00:00:00.000,Condiments,616.0,2,United Package,Chef Anton's Cajun Seasoning,Seattle,WHITC,10344,New Orleans Cajun Delights,4,17.60,High Value,616.0,White Clover Markets
70,0.25,3,8,USA,Margaret Peacock,1996-11-01 00:00:00.000,Condiments,1680.0,2,United Package,Northwoods Cranberry Sauce,Seattle,WHITC,10344,Grandma Kelly's Homestead,4,32.00,High Value,1680.0,White Clover Markets
70,0,3,8,Germany,Andrew Fuller,1996-11-04 00:00:00.000,Condiments,2240.0,2,United Package,Northwoods Cranberry Sauce,Cunewalde,QUICK,10345,Grandma Kelly's Homestead,2,32.00,High Value,2240.0,QUICK-Stop
80,0,8,19,Germany,Andrew Fuller,1996-11-04 00:00:00.000,Confections,584.0,3,United Package,Teatime Chocolate Biscuits,Cunewalde,QUICK,10345,Specialty Biscuits Ltd.,2,7.30,High Value,584.0,QUICK-Stop
9,0,20,42,Germany,Andrew Fuller,1996-11-04 00:00:00.000,Grains/Cereals,100.8,5,United Package,Singaporean Hokkien Fried Mee,Cunewalde,QUICK,10345,Leka Trading,2,11.20,High Value,100.8,QUICK-Stop
36,0.1,7,17,USA,Janet Leverling,1996-11-05 00:00:00.000,Meat/Poultry,1010.8800000000001,6,Federal Shipping,Alice Mutton,Albuquerque,RATTC,10346,Pavlova Ltd.,3,31.20,High Value,1010.8800000000001,Rattlesnake Canyon Grocery
20,0,26,56,USA,Janet Leverling,1996-11-05 00:00:00.000,Grains/Cereals,608.0,5,Federal Shipping,Gnocchi di nonna Alice,Albuquerque,RATTC,10346,Pasta Buttini s.r.l.,3,30.40,High Value,608.0,Rattlesnake Canyon Grocery
10,0,11,25,Brazil,Margaret Peacock,1996-11-06 00:00:00.000,Confections,112.0,3,Federal Shipping,NuNuCa Nuß-Nougat-Creme,Sao Paulo,FAMIA,10347,Heli Süßwaren GmbH & Co. KG,4,11.20,Low Value,112.0,Familia Arquibaldo
50,0.15,18,39,Brazil,Margaret Peacock,1996-11-06 00:00:00.000,Beverages,612.0,1,Federal Shipping,Chartreuse verte,Sao Paulo,FAMIA,10347,Aux joyeux ecclésiastiques,4,14.40,Low Value,612.0,Familia Arquibaldo
4,0,19,40,Brazil,Margaret Peacock,1996-11-06 00:00:00.000,Seafood,58.8,8,Federal Shipping,Boston Crab Meat,Sao Paulo,FAMIA,10347,New England Seafood Cannery,4,14.70,Low Value,58.8,Familia Arquibaldo
6,0.15,12,75,Brazil,Margaret Peacock,1996-11-06 00:00:00.000,Beverages,31.62,1,Federal Shipping,Rhönbräu Klosterbier,Sao Paulo,FAMIA,10347,Plutzer Lebensmittelgroßmärkte AG,4,6.20,Low Value,31.62,Familia Arquibaldo
15,0.15,1,1,Germany,Margaret Peacock,1996-11-07 00:00:00.000,Beverages,183.6,1,United Package,Chai,Stuttgart,WANDK,10348,Exotic Liquids,4,14.40,Medium Value,183.6,Die Wandernde Kuh
25,0,9,23,Germany,Margaret Peacock,1996-11-07 00:00:00.000,Grains/Cereals,180.0,5,United Package,Tunnbröd,Stuttgart,WANDK,10348,PB Knäckebröd AB,4,7.20,Medium Value,180.0,Die Wandernde Kuh
24,0,25,54,USA,Robert King,1996-11-08 00:00:00.000,Meat/Poultry,141.60000000000002,6,Speedy Express,Tourtière,Lander,SPLIR,10349,Ma Maison,7,5.90,Medium Value,141.60000000000002,Split Rail Beer & Ale
15,0.1,23,50,France,Michael Suyama,1996-11-11 00:00:00.000,Confections,175.5,3,United Package,Valkoinen suklaa,Toulouse,LAMAI,10350,Karkki Oy,6,13.00,Medium Value,175.5,La maison d'Asie
18,0.1,15,69,France,Michael Suyama,1996-11-11 00:00:00.000,Dairy Products,466.56,4,United Package,Gudbrandsdalsost,Toulouse,LAMAI,10350,Norske Meierier,6,28.80,Medium Value,466.56,La maison d'Asie
20,0.05,18,38,Austria,Nancy Davolio,1996-11-11 00:00:00.000,Beverages,4005.2,1,Speedy Express,Côte de Blaye,Graz,ERNSH,10351,Aux joyeux ecclésiastiques,1,210.80,High Value,4005.2,Ernst Handel
13,0,19,41,Austria,Nancy Davolio,1996-11-11 00:00:00.000,Seafood,100.10000000000001,8,Speedy Express,Jack's New England Clam Chowder,Graz,ERNSH,10351,New England Seafood Cannery,1,7.70,High Value,100.10000000000001,Ernst Handel
77,0.05,20,44,Austria,Nancy Davolio,1996-11-11 00:00:00.000,Condiments,1133.825,2,Speedy Express,Gula Malacca,Graz,ERNSH,10351,Leka Trading,1,15.50,High Value,1133.825,Ernst Handel
10,0.05,2,65,Austria,Nancy Davolio,1996-11-11 00:00:00.000,Condiments,159.6,2,Speedy Express,Louisiana Fiery Hot Pepper Sauce,Graz,ERNSH,10351,New Orleans Cajun Delights,1,16.80,High Value,159.6,Ernst Handel
10,0,10,24,Portugal,Janet Leverling,1996-11-12 00:00:00.000,Beverages,36.0,1,Federal Shipping,Guaraná Fantástica,Lisboa,FURIB,10352,Refrescos Americanas LTDA,3,3.60,Low Value,36.0,Furia Bacalhau e Frutos do Mar
20,0.15,25,54,Portugal,Janet Leverling,1996-11-12 00:00:00.000,Meat/Poultry,100.3,6,Federal Shipping,Tourtière,Lisboa,FURIB,10352,Ma Maison,3,5.90,Low Value,100.3,Furia Bacalhau e Frutos do Mar
12,0.2,5,11,Austria,Robert King,1996-11-13 00:00:00.000,Dairy Products,161.28000000000003,4,Federal Shipping,Queso Cabrales,Salzburg,PICCO,10353,Cooperativa de Quesos 'Las Cabras',7,16.80,High Value,161.28000000000003,Piccolo und mehr
50,0.2,18,38,Austria,Robert King,1996-11-13 00:00:00.000,Beverages,8432.0,1,Federal Shipping,Côte de Blaye,Salzburg,PICCO,10353,Aux joyeux ecclésiastiques,7,210.80,High Value,8432.0,Piccolo und mehr
12,0,1,1,Mexico,Laura Callahan,1996-11-14 00:00:00.000,Beverages,172.8,1,Federal Shipping,Chai,México D.F.,PERIC,10354,Exotic Liquids,8,14.40,Low Value,172.8,Pericles Comidas clásicas
4,0,12,29,Mexico,Laura Callahan,1996-11-14 00:00:00.000,Meat/Poultry,396.0,6,Federal Shipping,Thüringer Rostbratwurst,México D.F.,PERIC,10354,Plutzer Lebensmittelgroßmärkte AG,8,99.00,Low Value,396.0,Pericles Comidas clásicas
25,0,10,24,UK,Michael Suyama,1996-11-15 00:00:00.000,Beverages,90.0,1,Speedy Express,Guaraná Fantástica,Colchester,AROUT,10355,Refrescos Americanas LTDA,6,3.60,Medium Value,90.0,Around the Horn
25,0,26,57,UK,Michael Suyama,1996-11-15 00:00:00.000,Grains/Cereals,390.0,5,Speedy Express,Ravioli Angelo,Colchester,AROUT,10355,Pasta Buttini s.r.l.,6,15.60,Medium Value,390.0,Around the Horn
30,0,14,31,Germany,Michael Suyama,1996-11-18 00:00:00.000,Dairy Products,300.0,4,United Package,Gorgonzola Telino,Stuttgart,WANDK,10356,Formaggi Fortini s.r.l.,6,10.00,Medium Value,300.0,Die Wandernde Kuh
12,0,25,55,Germany,Michael Suyama,1996-11-18 00:00:00.000,Meat/Poultry,230.39999999999998,6,United Package,Pâté chinois,Stuttgart,WANDK,10356,Ma Maison,6,19.20,Medium Value,230.39999999999998,Die Wandernde Kuh
20,0,15,69,Germany,Michael Suyama,1996-11-18 00:00:00.000,Dairy Products,576.0,4,United Package,Gudbrandsdalsost,Stuttgart,WANDK,10356,Norske Meierier,6,28.80,Medium Value,576.0,Die Wandernde Kuh
30,0.2,4,10,Venezuela,Nancy Davolio,1996-11-19 00:00:00.000,Seafood,595.2,8,Federal Shipping,Ikura,Barquisimeto,LILAS,10357,Tokyo Traders,1,24.80,Medium Value,595.2,LILA-Supermercado
16,0,11,26,Venezuela,Nancy Davolio,1996-11-19 00:00:00.000,Confections,398.4,3,Federal Shipping,Gumbär Gummibärchen,Barquisimeto,LILAS,10357,Heli Süßwaren GmbH & Co. KG,1,24.90,Medium Value,398.4,LILA-Supermercado
8,0.2,28,60,Venezuela,Nancy Davolio,1996-11-19 00:00:00.000,Dairy Products,174.08,4,Federal Shipping,Camembert Pierrot,Barquisimeto,LILAS,10357,Gai pâturage,1,27.20,Medium Value,174.08,LILA-Supermercado
10,0.05,10,24,France,Steven Buchanan,1996-11-20 00:00:00.000,Beverages,34.199999999999996,1,Speedy Express,Guaraná Fantástica,Toulouse,LAMAI,10358,Refrescos Americanas LTDA,5,3.60,Medium Value,34.199999999999996,La maison d'Asie
10,0.05,16,34,France,Steven Buchanan,1996-11-20 00:00:00.000,Beverages,106.39999999999999,1,Speedy Express,Sasquatch Ale,Toulouse,LAMAI,10358,Bigfoot Breweries,5,11.20,Medium Value,106.39999999999999,La maison d'Asie
20,0.05,17,36,France,Steven Buchanan,1996-11-20 00:00:00.000,Seafood,288.8,8,Speedy Express,Inlagd Sill,Toulouse,LAMAI,10358,Svensk Sjöföda AB,5,15.20,Medium Value,288.8,La maison d'Asie
56,0.05,7,16,UK,Steven Buchanan,1996-11-21 00:00:00.000,Confections,739.4799999999999,3,Federal Shipping,Pavlova,London,SEVES,10359,Pavlova Ltd.,5,13.90,Medium Value,739.4799999999999,Seven Seas Imports
70,0.05,14,31,UK,Steven Buchanan,1996-11-21 00:00:00.000,Dairy Products,665.0,4,Federal Shipping,Gorgonzola Telino,London,SEVES,10359,Formaggi Fortini s.r.l.,5,10.00,Medium Value,665.0,Seven Seas Imports
80,0.05,28,60,UK,Steven Buchanan,1996-11-21 00:00:00.000,Dairy Products,2067.2,4,Federal Shipping,Camembert Pierrot,London,SEVES,10359,Gai pâturage,5,27.20,Medium Value,2067.2,Seven Seas Imports
30,0,12,28,France,Margaret Peacock,1996-11-22 00:00:00.000,Produce,1092.0,7,Federal Shipping,Rössle Sauerkraut,Strasbourg,BLONP,10360,Plutzer Lebensmittelgroßmärkte AG,4,36.40,High Value,1092.0,Blondesddsl père et fils
35,0,12,29,France,Margaret Peacock,1996-11-22 00:00:00.000,Meat/Poultry,3465.0,6,Federal Shipping,Thüringer Rostbratwurst,Strasbourg,BLONP,10360,Plutzer Lebensmittelgroßmärkte AG,4,99.00,High Value,3465.0,Blondesddsl père et fils
10,0,18,38,France,Margaret Peacock,1996-11-22 00:00:00.000,Beverages,2108.0,1,Federal Shipping,Côte de Blaye,Strasbourg,BLONP,10360,Aux joyeux ecclésiastiques,4,210.80,High Value,2108.0,Blondesddsl père et fils
35,0,23,49,France,Margaret Peacock,1996-11-22 00:00:00.000,Confections,560.0,3,Federal Shipping,Maxilaku,Strasbourg,BLONP,10360,Karkki Oy,4,16.00,High Value,560.0,Blondesddsl père et fils
28,0,25,54,France,Margaret Peacock,1996-11-22 00:00:00.000,Meat/Poultry,165.20000000000002,6,Federal Shipping,Tourtière,Strasbourg,BLONP,10360,Ma Maison,4,5.90,High Value,165.20000000000002,Blondesddsl père et fils
54,0.1,18,39,Germany,Nancy Davolio,1996-11-22 00:00:00.000,Beverages,699.84,1,United Package,Chartreuse verte,Cunewalde,QUICK,10361,Aux joyeux ecclésiastiques,1,14.40,High Value,699.84,QUICK-Stop
55,0.1,28,60,Germany,Nancy Davolio,1996-11-22 00:00:00.000,Dairy Products,1346.4,4,United Package,Camembert Pierrot,Cunewalde,QUICK,10361,Gai pâturage,1,27.20,High Value,1346.4,QUICK-Stop
50,0,11,25,France,Janet Leverling,1996-11-25 00:00:00.000,Confections,560.0,3,Speedy Express,NuNuCa Nuß-Nougat-Creme,Marseille,BONAP,10362,Heli Süßwaren GmbH & Co. KG,3,11.20,High Value,560.0,Bon app'
20,0,24,51,France,Janet Leverling,1996-11-25 00:00:00.000,Produce,848.0,7,Speedy Express,Manjimup Dried Apples,Marseille,BONAP,10362,G'day Mate,3,42.40,High Value,848.0,Bon app'
24,0,25,54,France,Janet Leverling,1996-11-25 00:00:00.000,Meat/Poultry,141.60000000000002,6,Speedy Express,Tourtière,Marseille,BONAP,10362,Ma Maison,3,5.90,High Value,141.60000000000002,Bon app'
20,0,14,31,Germany,Margaret Peacock,1996-11-26 00:00:00.000,Dairy Products,200.0,4,Federal Shipping,Gorgonzola Telino,Aachen,DRACD,10363,Formaggi Fortini s.r.l.,4,10.00,Low Value,200.0,Drachenblut Delikatessen
12,0,12,75,Germany,Margaret Peacock,1996-11-26 00:00:00.000,Beverages,74.4,1,Federal Shipping,Rhönbräu Klosterbier,Aachen,DRACD,10363,Plutzer Lebensmittelgroßmärkte AG,4,6.20,Low Value,74.4,Drachenblut Delikatessen
12,0,23,76,Germany,Margaret Peacock,1996-11-26 00:00:00.000,Beverages,172.8,1,Federal Shipping,Lakkalikööri,Aachen,DRACD,10363,Karkki Oy,4,14.40,Low Value,172.8,Drachenblut Delikatessen
30,0,15,69,UK,Nancy Davolio,1996-11-26 00:00:00.000,Dairy Products,864.0,4,Speedy Express,Gudbrandsdalsost,London,EASTC,10364,Norske Meierier,1,28.80,Medium Value,864.0,Eastern Connection
5,0,15,71,UK,Nancy Davolio,1996-11-26 00:00:00.000,Dairy Products,86.0,4,Speedy Express,Flotemysost,London,EASTC,10364,Norske Meierier,1,17.20,Medium Value,86.0,Eastern Connection
24,0,5,11,Mexico,Janet Leverling,1996-11-27 00:00:00.000,Dairy Products,403.20000000000005,4,United Package,Queso Cabrales,México D.F.,ANTON,10365,Cooperativa de Quesos 'Las Cabras',3,16.80,Low Value,403.20000000000005,Antonio Moreno Taquería
5,0,2,65,Spain,Laura Callahan,1996-11-28 00:00:00.000,Condiments,84.0,2,United Package,Louisiana Fiery Hot Pepper Sauce,Barcelona,GALED,10366,New Orleans Cajun Delights,8,16.80,Low Value,84.0,Galería del gastrónomo
5,0,12,77,Spain,Laura Callahan,1996-11-28 00:00:00.000,Condiments,52.0,2,United Package,Original Frankfurter grüne Soße,Barcelona,GALED,10366,Plutzer Lebensmittelgroßmärkte AG,8,10.40,Low Value,52.0,Galería del gastrónomo
36,0,16,34,Denmark,Robert King,1996-11-28 00:00:00.000,Beverages,403.2,1,Federal Shipping,Sasquatch Ale,Århus,VAFFE,10367,Bigfoot Breweries,7,11.20,Medium Value,403.2,Vaffeljernet
18,0,25,54,Denmark,Robert King,1996-11-28 00:00:00.000,Meat/Poultry,106.2,6,Federal Shipping,Tourtière,Århus,VAFFE,10367,Ma Maison,7,5.90,Medium Value,106.2,Vaffeljernet
15,0,2,65,Denmark,Robert King,1996-11-28 00:00:00.000,Condiments,252.0,2,Federal Shipping,Louisiana Fiery Hot Pepper Sauce,Århus,VAFFE,10367,New Orleans Cajun Delights,7,16.80,Medium Value,252.0,Vaffeljernet
7,0,12,77,Denmark,Robert King,1996-11-28 00:00:00.000,Condiments,72.8,2,Federal Shipping,Original Frankfurter grüne Soße,Århus,VAFFE,10367,Plutzer Lebensmittelgroßmärkte AG,7,10.40,Medium Value,72.8,Vaffeljernet
5,0.1,8,21,Austria,Andrew Fuller,1996-11-29 00:00:00.000,Confections,36.0,3,United Package,Sir Rodney's Scones,Graz,ERNSH,10368,Specialty Biscuits Ltd.,2,8.00,High Value,36.0,Ernst Handel
13,0.1,12,28,Austria,Andrew Fuller,1996-11-29 00:00:00.000,Produce,425.88,7,United Package,Rössle Sauerkraut,Graz,ERNSH,10368,Plutzer Lebensmittelgroßmärkte AG,2,36.40,High Value,425.88,Ernst Handel
25,0,26,57,Austria,Andrew Fuller,1996-11-29 00:00:00.000,Grains/Cereals,390.0,5,United Package,Ravioli Angelo,Graz,ERNSH,10368,Pasta Buttini s.r.l.,2,15.60,High Value,390.0,Ernst Handel
35,0.1,12,64,Austria,Andrew Fuller,1996-11-29 00:00:00.000,Grains/Cereals,837.9,5,United Package,Wimmers gute Semmelknödel,Graz,ERNSH,10368,Plutzer Lebensmittelgroßmärkte AG,2,26.60,High Value,837.9,Ernst Handel
20,0,12,29,USA,Laura Callahan,1996-12-02 00:00:00.000,Meat/Poultry,1980.0,6,United Package,Thüringer Rostbratwurst,Lander,SPLIR,10369,Plutzer Lebensmittelgroßmärkte AG,8,99.00,Medium Value,1980.0,Split Rail Beer & Ale
18,0.25,26,56,USA,Laura Callahan,1996-12-02 00:00:00.000,Grains/Cereals,410.4,5,United Package,Gnocchi di nonna Alice,Lander,SPLIR,10369,Pasta Buttini s.r.l.,8,30.40,Medium Value,410.4,Split Rail Beer & Ale
15,0.15,1,1,Switzerland,Michael Suyama,1996-12-03 00:00:00.000,Beverages,183.6,1,United Package,Chai,Bern,CHOPS,10370,Exotic Liquids,6,14.40,Medium Value,183.6,Chop-suey Chinese
30,0,12,64,Switzerland,Michael Suyama,1996-12-03 00:00:00.000,Grains/Cereals,798.0,5,United Package,Wimmers gute Semmelknödel,Bern,CHOPS,10370,Plutzer Lebensmittelgroßmärkte AG,6,26.60,Medium Value,798.0,Chop-suey Chinese
20,0.15,4,74,Switzerland,Michael Suyama,1996-12-03 00:00:00.000,Produce,136.0,7,United Package,Longlife Tofu,Bern,CHOPS,10370,Tokyo Traders,6,8.00,Medium Value,136.0,Chop-suey Chinese
6,0.2,17,36,France,Nancy Davolio,1996-12-03 00:00:00.000,Seafood,72.96,8,Speedy Express,Inlagd Sill,Toulouse,LAMAI,10371,Svensk Sjöföda AB,1,15.20,Medium Value,72.96,La maison d'Asie
12,0.25,8,20,Brazil,Steven Buchanan,1996-12-04 00:00:00.000,Confections,583.1999999999999,3,United Package,Sir Rodney's Marmalade,Sao Paulo,QUEEN,10372,Specialty Biscuits Ltd.,5,64.80,High Value,583.1999999999999,Queen Cozinha
40,0.25,18,38,Brazil,Steven Buchanan,1996-12-04 00:00:00.000,Beverages,6324.0,1,United Package,Côte de Blaye,Sao Paulo,QUEEN,10372,Aux joyeux ecclésiastiques,5,210.80,High Value,6324.0,Queen Cozinha
70,0.25,28,60,Brazil,Steven Buchanan,1996-12-04 00:00:00.000,Dairy Products,1428.0,4,United Package,Camembert Pierrot,Sao Paulo,QUEEN,10372,Gai pâturage,5,27.20,High Value,1428.0,Queen Cozinha
42,0.25,14,72,Brazil,Steven Buchanan,1996-12-04 00:00:00.000,Dairy Products,875.7,4,United Package,Mozzarella di Giovanni,Sao Paulo,QUEEN,10372,Formaggi Fortini s.r.l.,5,27.80,High Value,875.7,Queen Cozinha
80,0.2,27,58,Ireland,Margaret Peacock,1996-12-05 00:00:00.000,Seafood,678.4000000000001,8,Federal Shipping,Escargots de Bourgogne,Cork,HUNGO,10373,Escargots Nouveaux,4,10.60,High Value,678.4000000000001,Hungry Owl All-Night Grocers
50,0.2,15,71,Ireland,Margaret Peacock,1996-12-05 00:00:00.000,Dairy Products,688.0,4,Federal Shipping,Flotemysost,Cork,HUNGO,10373,Norske Meierier,4,17.20,High Value,688.0,Hungry Owl All-Night Grocers
30,0,14,31,Poland,Nancy Davolio,1996-12-05 00:00:00.000,Dairy Products,300.0,4,Federal Shipping,Gorgonzola Telino,Warszawa,WOLZA,10374,Formaggi Fortini s.r.l.,1,10.00,Low Value,300.0,Wolski  Zajazd
15,0,27,58,Poland,Nancy Davolio,1996-12-05 00:00:00.000,Seafood,159.0,8,Federal Shipping,Escargots de Bourgogne,Warszawa,WOLZA,10374,Escargots Nouveaux,1,10.60,Low Value,159.0,Wolski  Zajazd
15,0,6,14,USA,Janet Leverling,1996-12-06 00:00:00.000,Produce,279.0,7,United Package,Tofu,Elgin,HUNGC,10375,Mayumi's,3,18.60,Low Value,279.0,Hungry Coyote Import Store
10,0,25,54,USA,Janet Leverling,1996-12-06 00:00:00.000,Meat/Poultry,59.0,6,United Package,Tourtière,Elgin,HUNGC,10375,Ma Maison,3,5.90,Low Value,59.0,Hungry Coyote Import Store
42,0.05,14,31,Canada,Nancy Davolio,1996-12-09 00:00:00.000,Dairy Products,399.0,4,United Package,Gorgonzola Telino,Montréal,MEREP,10376,Formaggi Fortini s.r.l.,1,10.00,High Value,399.0,Mère Paillarde
20,0.15,12,28,UK,Nancy Davolio,1996-12-09 00:00:00.000,Produce,618.8,7,Federal Shipping,Rössle Sauerkraut,London,SEVES,10377,Plutzer Lebensmittelgroßmärkte AG,1,36.40,Medium Value,618.8,Seven Seas Imports
20,0.15,18,39,UK,Nancy Davolio,1996-12-09 00:00:00.000,Beverages,244.79999999999998,1,Federal Shipping,Chartreuse verte,London,SEVES,10377,Aux joyeux ecclésiastiques,1,14.40,Medium Value,244.79999999999998,Seven Seas Imports
6,0,15,71,Sweden,Steven Buchanan,1996-12-10 00:00:00.000,Dairy Products,103.19999999999999,4,Federal Shipping,Flotemysost,Bräcke,FOLKO,10378,Norske Meierier,5,17.20,High Value,103.19999999999999,Folk och fä HB
8,0.1,19,41,Brazil,Andrew Fuller,1996-12-11 00:00:00.000,Seafood,55.440000000000005,8,Speedy Express,Jack's New England Clam Chowder,Rio de Janeiro,QUEDE,10379,New England Seafood Cannery,2,7.70,Low Value,55.440000000000005,Que Delícia
16,0.1,7,63,Brazil,Andrew Fuller,1996-12-11 00:00:00.000,Condiments,505.44000000000005,2,Speedy Express,Vegie-spread,Rio de Janeiro,QUEDE,10379,Pavlova Ltd.,2,35.10,Low Value,505.44000000000005,Que Delícia
20,0.1,2,65,Brazil,Andrew Fuller,1996-12-11 00:00:00.000,Condiments,302.40000000000003,2,Speedy Express,Louisiana Fiery Hot Pepper Sauce,Rio de Janeiro,QUEDE,10379,New Orleans Cajun Delights,2,16.80,Low Value,302.40000000000003,Que Delícia
18,0.1,13,30,Ireland,Laura Callahan,1996-12-12 00:00:00.000,Seafood,335.34,8,Federal Shipping,Nord-Ost Matjeshering,Cork,HUNGO,10380,Nord-Ost-Fisch Handelsgesellschaft mbH,8,20.70,High Value,335.34,Hungry Owl All-Night Grocers
20,0.1,24,53,Ireland,Laura Callahan,1996-12-12 00:00:00.000,Meat/Poultry,471.6,6,Federal Shipping,Perth Pasties,Cork,HUNGO,10380,G'day Mate,8,26.20,High Value,471.6,Hungry Owl All-Night Grocers
6,0.1,28,60,Ireland,Laura Callahan,1996-12-12 00:00:00.000,Dairy Products,146.88,4,Federal Shipping,Camembert Pierrot,Cork,HUNGO,10380,Gai pâturage,8,27.20,High Value,146.88,Hungry Owl All-Night Grocers
30,0,7,70,Ireland,Laura Callahan,1996-12-12 00:00:00.000,Beverages,360.0,1,Federal Shipping,Outback Lager,Cork,HUNGO,10380,Pavlova Ltd.,8,12.00,High Value,360.0,Hungry Owl All-Night Grocers
14,0,4,74,Venezuela,Janet Leverling,1996-12-12 00:00:00.000,Produce,112.0,7,Federal Shipping,Longlife Tofu,Barquisimeto,LILAS,10381,Tokyo Traders,3,8.00,Medium Value,112.0,LILA-Supermercado
32,0,2,5,Austria,Margaret Peacock,1996-12-13 00:00:00.000,Condiments,544.0,2,Speedy Express,Chef Anton's Gumbo Mix,Graz,ERNSH,10382,New Orleans Cajun Delights,4,17.00,High Value,544.0,Ernst Handel
9,0,7,18,Austria,Margaret Peacock,1996-12-13 00:00:00.000,Seafood,450.0,8,Speedy Express,Carnarvon Tigers,Graz,ERNSH,10382,Pavlova Ltd.,4,50.00,High Value,450.0,Ernst Handel
14,0,12,29,Austria,Margaret Peacock,1996-12-13 00:00:00.000,Meat/Poultry,1386.0,6,Speedy Express,Thüringer Rostbratwurst,Graz,ERNSH,10382,Plutzer Lebensmittelgroßmärkte AG,4,99.00,High Value,1386.0,Ernst Handel
60,0,15,33,Austria,Margaret Peacock,1996-12-13 00:00:00.000,Dairy Products,120.0,4,Speedy Express,Geitost,Graz,ERNSH,10382,Norske Meierier,4,2.00,High Value,120.0,Ernst Handel
50,0,4,74,Austria,Margaret Peacock,1996-12-13 00:00:00.000,Produce,400.0,7,Speedy Express,Longlife Tofu,Graz,ERNSH,10382,Tokyo Traders,4,8.00,High Value,400.0,Ernst Handel
20,0,6,13,UK,Laura Callahan,1996-12-16 00:00:00.000,Seafood,96.0,8,Federal Shipping,Konbu,Colchester,AROUT,10383,Mayumi's,8,4.80,Medium Value,96.0,Around the Horn
15,0,23,50,UK,Laura Callahan,1996-12-16 00:00:00.000,Confections,195.0,3,Federal Shipping,Valkoinen suklaa,Colchester,AROUT,10383,Karkki Oy,8,13.00,Medium Value,195.0,Around the Horn
20,0,26,56,UK,Laura Callahan,1996-12-16 00:00:00.000,Grains/Cereals,608.0,5,Federal Shipping,Gnocchi di nonna Alice,Colchester,AROUT,10383,Pasta Buttini s.r.l.,8,30.40,Medium Value,608.0,Around the Horn
28,0,8,20,Sweden,Janet Leverling,1996-12-16 00:00:00.000,Confections,1814.3999999999999,3,Federal Shipping,Sir Rodney's Marmalade,Luleå,BERGS,10384,Specialty Biscuits Ltd.,3,64.80,High Value,1814.3999999999999,Berglunds snabbköp
15,0,28,60,Sweden,Janet Leverling,1996-12-16 00:00:00.000,Dairy Products,408.0,4,Federal Shipping,Camembert Pierrot,Luleå,BERGS,10384,Gai pâturage,3,27.20,High Value,408.0,Berglunds snabbköp
10,0.2,3,7,USA,Nancy Davolio,1996-12-17 00:00:00.000,Produce,192.0,7,United Package,Uncle Bob's Organic Dried Pears,Lander,SPLIR,10385,Grandma Kelly's Homestead,1,24.00,Medium Value,192.0,Split Rail Beer & Ale
20,0.2,28,60,USA,Nancy Davolio,1996-12-17 00:00:00.000,Dairy Products,435.20000000000005,4,United Package,Camembert Pierrot,Lander,SPLIR,10385,Gai pâturage,1,27.20,Medium Value,435.20000000000005,Split Rail Beer & Ale
8,0.2,8,68,USA,Nancy Davolio,1996-12-17 00:00:00.000,Confections,64.0,3,United Package,Scottish Longbreads,Lander,SPLIR,10385,Specialty Biscuits Ltd.,1,10.00,Medium Value,64.0,Split Rail Beer & Ale
15,0,10,24,Brazil,Anne Dodsworth,1996-12-18 00:00:00.000,Beverages,54.0,1,Federal Shipping,Guaraná Fantástica,Sao Paulo,FAMIA,10386,Refrescos Americanas LTDA,9,3.60,Low Value,54.0,Familia Arquibaldo
10,0,16,34,Brazil,Anne Dodsworth,1996-12-18 00:00:00.000,Beverages,112.0,1,Federal Shipping,Sasquatch Ale,Sao Paulo,FAMIA,10386,Bigfoot Breweries,9,11.20,Low Value,112.0,Familia Arquibaldo
15,0,10,24,Norway,Nancy Davolio,1996-12-18 00:00:00.000,Beverages,54.0,1,United Package,Guaraná Fantástica,Stavern,SANTG,10387,Refrescos Americanas LTDA,1,3.60,Low Value,54.0,Santé Gourmet
6,0,12,28,Norway,Nancy Davolio,1996-12-18 00:00:00.000,Produce,218.39999999999998,7,United Package,Rössle Sauerkraut,Stavern,SANTG,10387,Plutzer Lebensmittelgroßmärkte AG,1,36.40,Low Value,218.39999999999998,Santé Gourmet
12,0,28,59,Norway,Nancy Davolio,1996-12-18 00:00:00.000,Dairy Products,528.0,4,United Package,Raclette Courdavault,Stavern,SANTG,10387,Gai pâturage,1,44.00,Low Value,528.0,Santé Gourmet
15,0,15,71,Norway,Nancy Davolio,1996-12-18 00:00:00.000,Dairy Products,258.0,4,United Package,Flotemysost,Stavern,SANTG,10387,Norske Meierier,1,17.20,Low Value,258.0,Santé Gourmet
15,0.2,21,45,UK,Andrew Fuller,1996-12-19 00:00:00.000,Seafood,91.2,8,Speedy Express,Rogede sild,London,SEVES,10388,Lyngbysild,2,7.60,Medium Value,91.2,Seven Seas Imports
20,0.2,24,52,UK,Andrew Fuller,1996-12-19 00:00:00.000,Grains/Cereals,89.60000000000001,5,Speedy Express,Filo Mix,London,SEVES,10388,G'day Mate,2,5.60,Medium Value,89.60000000000001,Seven Seas Imports
40,0,24,53,UK,Andrew Fuller,1996-12-19 00:00:00.000,Meat/Poultry,1048.0,6,Speedy Express,Perth Pasties,London,SEVES,10388,G'day Mate,2,26.20,Medium Value,1048.0,Seven Seas Imports
16,0,4,10,Canada,Margaret Peacock,1996-12-20 00:00:00.000,Seafood,396.8,8,United Package,Ikura,Tsawassen,BOTTM,10389,Tokyo Traders,4,24.80,High Value,396.8,Bottom-Dollar Markets
15,0,25,55,Canada,Margaret Peacock,1996-12-20 00:00:00.000,Meat/Poultry,288.0,6,United Package,Pâté chinois,Tsawassen,BOTTM,10389,Ma Maison,4,19.20,High Value,288.0,Bottom-Dollar Markets
20,0,29,62,Canada,Margaret Peacock,1996-12-20 00:00:00.000,Confections,788.0,3,United Package,Tarte au sucre,Tsawassen,BOTTM,10389,Forêts d'érables,4,39.40,High Value,788.0,Bottom-Dollar Markets
30,0,7,70,Canada,Margaret Peacock,1996-12-20 00:00:00.000,Beverages,360.0,1,United Package,Outback Lager,Tsawassen,BOTTM,10389,Pavlova Ltd.,4,12.00,High Value,360.0,Bottom-Dollar Markets
60,0.1,14,31,Austria,Michael Suyama,1996-12-23 00:00:00.000,Dairy Products,540.0,4,Speedy Express,Gorgonzola Telino,Graz,ERNSH,10390,Formaggi Fortini s.r.l.,6,10.00,High Value,540.0,Ernst Handel
40,0.1,16,35,Austria,Michael Suyama,1996-12-23 00:00:00.000,Beverages,518.4,1,Speedy Express,Steeleye Stout,Graz,ERNSH,10390,Bigfoot Breweries,6,14.40,High Value,518.4,Ernst Handel
45,0,21,46,Austria,Michael Suyama,1996-12-23 00:00:00.000,Seafood,432.0,8,Speedy Express,Spegesild,Graz,ERNSH,10390,Lyngbysild,6,9.60,High Value,432.0,Ernst Handel
24,0.1,14,72,Austria,Michael Suyama,1996-12-23 00:00:00.000,Dairy Products,600.48,4,Speedy Express,Mozzarella di Giovanni,Graz,ERNSH,10390,Formaggi Fortini s.r.l.,6,27.80,High Value,600.48,Ernst Handel
18,0,6,13,Germany,Janet Leverling,1996-12-23 00:00:00.000,Seafood,86.39999999999999,8,Federal Shipping,Konbu,Aachen,DRACD,10391,Mayumi's,3,4.80,Low Value,86.39999999999999,Drachenblut Delikatessen
50,0,15,69,Austria,Andrew Fuller,1996-12-24 00:00:00.000,Dairy Products,1440.0,4,Federal Shipping,Gudbrandsdalsost,Salzburg,PICCO,10392,Norske Meierier,2,28.80,High Value,1440.0,Piccolo und mehr
25,0.25,1,2,USA,Nancy Davolio,1996-12-25 00:00:00.000,Beverages,285.0,1,Federal Shipping,Chang,Boise,SAVEA,10393,Exotic Liquids,1,15.20,High Value,285.0,Save-a-lot Markets
42,0.25,6,14,USA,Nancy Davolio,1996-12-25 00:00:00.000,Produce,585.9000000000001,7,Federal Shipping,Tofu,Boise,SAVEA,10393,Mayumi's,1,18.60,High Value,585.9000000000001,Save-a-lot Markets
7,0.25,11,25,USA,Nancy Davolio,1996-12-25 00:00:00.000,Confections,58.8,3,Federal Shipping,NuNuCa Nuß-Nougat-Creme,Boise,SAVEA,10393,Heli Süßwaren GmbH & Co. KG,1,11.20,High Value,58.8,Save-a-lot Markets
70,0.25,11,26,USA,Nancy Davolio,1996-12-25 00:00:00.000,Confections,1307.25,3,Federal Shipping,Gumbär Gummibärchen,Boise,SAVEA,10393,Heli Süßwaren GmbH & Co. KG,1,24.90,High Value,1307.25,Save-a-lot Markets
32,0,14,31,USA,Nancy Davolio,1996-12-25 00:00:00.000,Dairy Products,320.0,4,Federal Shipping,Gorgonzola Telino,Boise,SAVEA,10393,Formaggi Fortini s.r.l.,1,10.00,High Value,320.0,Save-a-lot Markets
10,0,6,13,USA,Nancy Davolio,1996-12-25 00:00:00.000,Seafood,48.0,8,Federal Shipping,Konbu,Elgin,HUNGC,10394,Mayumi's,1,4.80,Low Value,48.0,Hungry Coyote Import Store
10,0,29,62,USA,Nancy Davolio,1996-12-25 00:00:00.000,Confections,394.0,3,Federal Shipping,Tarte au sucre,Elgin,HUNGC,10394,Forêts d'érables,1,39.40,Low Value,394.0,Hungry Coyote Import Store
28,0.1,21,46,Venezuela,Michael Suyama,1996-12-26 00:00:00.000,Seafood,241.92000000000002,8,Speedy Express,Spegesild,San Cristóbal,HILAA,10395,Lyngbysild,6,9.60,High Value,241.92000000000002,HILARION-Abastos
70,0.1,24,53,Venezuela,Michael Suyama,1996-12-26 00:00:00.000,Meat/Poultry,1650.6000000000001,6,Speedy Express,Perth Pasties,San Cristóbal,HILAA,10395,G'day Mate,6,26.20,High Value,1650.6000000000001,HILARION-Abastos
8,0,15,69,Venezuela,Michael Suyama,1996-12-26 00:00:00.000,Dairy Products,230.4,4,Speedy Express,Gudbrandsdalsost,San Cristóbal,HILAA,10395,Norske Meierier,6,28.80,High Value,230.4,HILARION-Abastos
40,0,9,23,Germany,Nancy Davolio,1996-12-27 00:00:00.000,Grains/Cereals,288.0,5,Federal Shipping,Tunnbröd,München,FRANK,10396,PB Knäckebröd AB,1,7.20,High Value,288.0,Frankenversand
60,0,15,71,Germany,Nancy Davolio,1996-12-27 00:00:00.000,Dairy Products,1032.0,4,Federal Shipping,Flotemysost,München,FRANK,10396,Norske Meierier,1,17.20,High Value,1032.0,Frankenversand
21,0,14,72,Germany,Nancy Davolio,1996-12-27 00:00:00.000,Dairy Products,583.8000000000001,4,Federal Shipping,Mozzarella di Giovanni,München,FRANK,10396,Formaggi Fortini s.r.l.,1,27.80,High Value,583.8000000000001,Frankenversand
10,0.15,8,21,Portugal,Steven Buchanan,1996-12-27 00:00:00.000,Confections,68.0,3,Speedy Express,Sir Rodney's Scones,Lisboa,PRINI,10397,Specialty Biscuits Ltd.,5,8.00,Low Value,68.0,Princesa Isabel Vinhos
18,0.15,24,51,Portugal,Steven Buchanan,1996-12-27 00:00:00.000,Produce,648.7199999999999,7,Speedy Express,Manjimup Dried Apples,Lisboa,PRINI,10397,G'day Mate,5,42.40,Low Value,648.7199999999999,Princesa Isabel Vinhos
30,0,16,35,USA,Andrew Fuller,1996-12-30 00:00:00.000,Beverages,432.0,1,Federal Shipping,Steeleye Stout,Boise,SAVEA,10398,Bigfoot Breweries,2,14.40,High Value,432.0,Save-a-lot Markets
120,0.1,25,55,USA,Andrew Fuller,1996-12-30 00:00:00.000,Meat/Poultry,2073.6,6,Federal Shipping,Pâté chinois,Boise,SAVEA,10398,Ma Maison,2,19.20,High Value,2073.6,Save-a-lot Markets
60,0,8,68,Denmark,Laura Callahan,1996-12-31 00:00:00.000,Confections,600.0,3,Federal Shipping,Scottish Longbreads,Århus,VAFFE,10399,Specialty Biscuits Ltd.,8,10.00,Medium Value,600.0,Vaffeljernet
30,0,15,71,Denmark,Laura Callahan,1996-12-31 00:00:00.000,Dairy Products,516.0,4,Federal Shipping,Flotemysost,Århus,VAFFE,10399,Norske Meierier,8,17.20,Medium Value,516.0,Vaffeljernet
35,0,23,76,Denmark,Laura Callahan,1996-12-31 00:00:00.000,Beverages,504.0,1,Federal Shipping,Lakkalikööri,Århus,VAFFE,10399,Karkki Oy,8,14.40,Medium Value,504.0,Vaffeljernet
14,0,12,77,Denmark,Laura Callahan,1996-12-31 00:00:00.000,Condiments,145.6,2,Federal Shipping,Original Frankfurter grüne Soße,Århus,VAFFE,10399,Plutzer Lebensmittelgroßmärkte AG,8,10.40,Medium Value,145.6,Vaffeljernet
21,0,12,29,UK,Nancy Davolio,1997-01-01 00:00:00.000,Meat/Poultry,2079.0,6,Federal Shipping,Thüringer Rostbratwurst,London,EASTC,10400,Plutzer Lebensmittelgroßmärkte AG,1,99.00,Medium Value,2079.0,Eastern Connection
35,0,16,35,UK,Nancy Davolio,1997-01-01 00:00:00.000,Beverages,504.0,1,Federal Shipping,Steeleye Stout,London,EASTC,10400,Bigfoot Breweries,1,14.40,Medium Value,504.0,Eastern Connection
30,0,23,49,UK,Nancy Davolio,1997-01-01 00:00:00.000,Confections,480.0,3,Federal Shipping,Maxilaku,London,EASTC,10400,Karkki Oy,1,16.00,Medium Value,480.0,Eastern Connection
18,0,13,30,USA,Nancy Davolio,1997-01-01 00:00:00.000,Seafood,372.59999999999997,8,Speedy Express,Nord-Ost Matjeshering,Albuquerque,RATTC,10401,Nord-Ost-Fisch Handelsgesellschaft mbH,1,20.70,High Value,372.59999999999997,Rattlesnake Canyon Grocery
70,0,26,56,USA,Nancy Davolio,1997-01-01 00:00:00.000,Grains/Cereals,2128.0,5,Speedy Express,Gnocchi di nonna Alice,Albuquerque,RATTC,10401,Pasta Buttini s.r.l.,1,30.40,High Value,2128.0,Rattlesnake Canyon Grocery
20,0,2,65,USA,Nancy Davolio,1997-01-01 00:00:00.000,Condiments,336.0,2,Speedy Express,Louisiana Fiery Hot Pepper Sauce,Albuquerque,RATTC,10401,New Orleans Cajun Delights,1,16.80,High Value,336.0,Rattlesnake Canyon Grocery
60,0,15,71,USA,Nancy Davolio,1997-01-01 00:00:00.000,Dairy Products,1032.0,4,Speedy Express,Flotemysost,Albuquerque,RATTC,10401,Norske Meierier,1,17.20,High Value,1032.0,Rattlesnake Canyon Grocery
60,0,9,23,Austria,Laura Callahan,1997-01-02 00:00:00.000,Grains/Cereals,432.0,5,United Package,Tunnbröd,Graz,ERNSH,10402,PB Knäckebröd AB,8,7.20,High Value,432.0,Ernst Handel
65,0,7,63,Austria,Laura Callahan,1997-01-02 00:00:00.000,Condiments,2281.5,2,United Package,Vegie-spread,Graz,ERNSH,10402,Pavlova Ltd.,8,35.10,High Value,2281.5,Ernst Handel
21,0.15,7,16,Austria,Margaret Peacock,1997-01-03 00:00:00.000,Confections,248.115,3,Federal Shipping,Pavlova,Graz,ERNSH,10403,Pavlova Ltd.,4,13.90,High Value,248.115,Ernst Handel
70,0.15,22,48,Austria,Margaret Peacock,1997-01-03 00:00:00.000,Confections,606.9,3,Federal Shipping,Chocolade,Graz,ERNSH,10403,Zaanse Snoepfabriek,4,10.20,High Value,606.9,Ernst Handel
30,0.05,11,26,Italy,Andrew Fuller,1997-01-03 00:00:00.000,Confections,709.65,3,Speedy Express,Gumbär Gummibärchen,Bergamo,MAGAA,10404,Heli Süßwaren GmbH & Co. KG,2,24.90,Medium Value,709.65,Magazzini Alimentari Riuniti
40,0.05,20,42,Italy,Andrew Fuller,1997-01-03 00:00:00.000,Grains/Cereals,425.59999999999997,5,Speedy Express,Singaporean Hokkien Fried Mee,Bergamo,MAGAA,10404,Leka Trading,2,11.20,Medium Value,425.59999999999997,Magazzini Alimentari Riuniti
30,0.05,23,49,Italy,Andrew Fuller,1997-01-03 00:00:00.000,Confections,456.0,3,Speedy Express,Maxilaku,Bergamo,MAGAA,10404,Karkki Oy,2,16.00,Medium Value,456.0,Magazzini Alimentari Riuniti
50,0,1,3,Venezuela,Nancy Davolio,1997-01-06 00:00:00.000,Condiments,400.0,2,Speedy Express,Aniseed Syrup,I. de Margarita,LINOD,10405,Exotic Liquids,1,8.00,Medium Value,400.0,LINO-Delicateses
10,0,1,1,Brazil,Robert King,1997-01-07 00:00:00.000,Beverages,144.0,1,Speedy Express,Chai,Sao Paulo,QUEEN,10406,Exotic Liquids,7,14.40,High Value,144.0,Queen Cozinha
30,0.1,8,21,Brazil,Robert King,1997-01-07 00:00:00.000,Confections,216.0,3,Speedy Express,Sir Rodney's Scones,Sao Paulo,QUEEN,10406,Specialty Biscuits Ltd.,7,8.00,High Value,216.0,Queen Cozinha
42,0.1,12,28,Brazil,Robert King,1997-01-07 00:00:00.000,Produce,1375.92,7,Speedy Express,Rössle Sauerkraut,Sao Paulo,QUEEN,10406,Plutzer Lebensmittelgroßmärkte AG,7,36.40,High Value,1375.92,Queen Cozinha
5,0.1,17,36,Brazil,Robert King,1997-01-07 00:00:00.000,Seafood,68.4,8,Speedy Express,Inlagd Sill,Sao Paulo,QUEEN,10406,Svensk Sjöföda AB,7,15.20,High Value,68.4,Queen Cozinha
2,0.1,19,40,Brazil,Robert King,1997-01-07 00:00:00.000,Seafood,26.46,8,Speedy Express,Boston Crab Meat,Sao Paulo,QUEEN,10406,New England Seafood Cannery,7,14.70,High Value,26.46,Queen Cozinha
30,0,5,11,Germany,Andrew Fuller,1997-01-07 00:00:00.000,Dairy Products,504.0,4,United Package,Queso Cabrales,Köln,OTTIK,10407,Cooperativa de Quesos 'Las Cabras',2,16.80,Medium Value,504.0,Ottilies Käseladen
15,0,15,69,Germany,Andrew Fuller,1997-01-07 00:00:00.000,Dairy Products,432.0,4,United Package,Gudbrandsdalsost,Köln,OTTIK,10407,Norske Meierier,2,28.80,Medium Value,432.0,Ottilies Käseladen
15,0,15,71,Germany,Andrew Fuller,1997-01-07 00:00:00.000,Dairy Products,258.0,4,United Package,Flotemysost,Köln,OTTIK,10407,Norske Meierier,2,17.20,Medium Value,258.0,Ottilies Käseladen
10,0,17,37,France,Laura Callahan,1997-01-08 00:00:00.000,Seafood,208.0,8,Speedy Express,Gravad lax,Lille,FOLIG,10408,Svensk Sjöföda AB,8,20.80,Medium Value,208.0,Folies gourmandes
6,0,25,54,France,Laura Callahan,1997-01-08 00:00:00.000,Meat/Poultry,35.400000000000006,6,Speedy Express,Tourtière,Lille,FOLIG,10408,Ma Maison,8,5.90,Medium Value,35.400000000000006,Folies gourmandes
35,0,29,62,France,Laura Callahan,1997-01-08 00:00:00.000,Confections,1379.0,3,Speedy Express,Tarte au sucre,Lille,FOLIG,10408,Forêts d'érables,8,39.40,Medium Value,1379.0,Folies gourmandes
12,0,6,14,Argentina,Janet Leverling,1997-01-09 00:00:00.000,Produce,223.20000000000002,7,Speedy Express,Tofu,Buenos Aires,OCEAN,10409,Mayumi's,3,18.60,Low Value,223.20000000000002,Océano Atlántico Ltda.
12,0,8,21,Argentina,Janet Leverling,1997-01-09 00:00:00.000,Confections,96.0,3,Speedy Express,Sir Rodney's Scones,Buenos Aires,OCEAN,10409,Specialty Biscuits Ltd.,3,8.00,Low Value,96.0,Océano Atlántico Ltda.
49,0,15,33,Canada,Janet Leverling,1997-01-10 00:00:00.000,Dairy Products,98.0,4,Federal Shipping,Geitost,Tsawassen,BOTTM,10410,Norske Meierier,3,2.00,High Value,98.0,Bottom-Dollar Markets
16,0,28,59,Canada,Janet Leverling,1997-01-10 00:00:00.000,Dairy Products,704.0,4,Federal Shipping,Raclette Courdavault,Tsawassen,BOTTM,10410,Gai pâturage,3,44.00,High Value,704.0,Bottom-Dollar Markets
25,0.2,19,41,Canada,Anne Dodsworth,1997-01-10 00:00:00.000,Seafood,154.0,8,Federal Shipping,Jack's New England Clam Chowder,Tsawassen,BOTTM,10411,New England Seafood Cannery,9,7.70,High Value,154.0,Bottom-Dollar Markets
40,0.2,20,44,Canada,Anne Dodsworth,1997-01-10 00:00:00.000,Condiments,496.0,2,Federal Shipping,Gula Malacca,Tsawassen,BOTTM,10411,Leka Trading,9,15.50,High Value,496.0,Bottom-Dollar Markets
9,0.2,28,59,Canada,Anne Dodsworth,1997-01-10 00:00:00.000,Dairy Products,316.8,4,Federal Shipping,Raclette Courdavault,Tsawassen,BOTTM,10411,Gai pâturage,9,44.00,High Value,316.8,Bottom-Dollar Markets
20,0.1,6,14,Finland,Laura Callahan,1997-01-13 00:00:00.000,Produce,334.8,7,United Package,Tofu,Oulu,WARTH,10412,Mayumi's,8,18.60,Medium Value,334.8,Wartian Herkku
24,0,1,1,France,Janet Leverling,1997-01-14 00:00:00.000,Beverages,345.6,1,United Package,Chai,Toulouse,LAMAI,10413,Exotic Liquids,3,14.40,Medium Value,345.6,La maison d'Asie
40,0,29,62,France,Janet Leverling,1997-01-14 00:00:00.000,Confections,1576.0,3,United Package,Tarte au sucre,Toulouse,LAMAI,10413,Forêts d'érables,3,39.40,Medium Value,1576.0,La maison d'Asie
14,0,23,76,France,Janet Leverling,1997-01-14 00:00:00.000,Beverages,201.6,1,United Package,Lakkalikööri,Toulouse,LAMAI,10413,Karkki Oy,3,14.40,Medium Value,201.6,La maison d'Asie
18,0.05,8,19,Brazil,Andrew Fuller,1997-01-14 00:00:00.000,Confections,124.83,3,Federal Shipping,Teatime Chocolate Biscuits,Sao Paulo,FAMIA,10414,Specialty Biscuits Ltd.,2,7.30,Low Value,124.83,Familia Arquibaldo
50,0,15,33,Brazil,Andrew Fuller,1997-01-14 00:00:00.000,Dairy Products,100.0,4,Federal Shipping,Geitost,Sao Paulo,FAMIA,10414,Norske Meierier,2,2.00,Low Value,100.0,Familia Arquibaldo
2,0,7,17,USA,Janet Leverling,1997-01-15 00:00:00.000,Meat/Poultry,62.4,6,Speedy Express,Alice Mutton,Elgin,HUNGC,10415,Pavlova Ltd.,3,31.20,Low Value,62.4,Hungry Coyote Import Store
20,0,15,33,USA,Janet Leverling,1997-01-15 00:00:00.000,Dairy Products,40.0,4,Speedy Express,Geitost,Elgin,HUNGC,10415,Norske Meierier,3,2.00,Low Value,40.0,Hungry Coyote Import Store
20,0,8,19,Finland,Laura Callahan,1997-01-16 00:00:00.000,Confections,146.0,3,Federal Shipping,Teatime Chocolate Biscuits,Oulu,WARTH,10416,Specialty Biscuits Ltd.,8,7.30,Medium Value,146.0,Wartian Herkku
10,0,24,53,Finland,Laura Callahan,1997-01-16 00:00:00.000,Meat/Poultry,262.0,6,Federal Shipping,Perth Pasties,Oulu,WARTH,10416,G'day Mate,8,26.20,Medium Value,262.0,Wartian Herkku
20,0,26,57,Finland,Laura Callahan,1997-01-16 00:00:00.000,Grains/Cereals,312.0,5,Federal Shipping,Ravioli Angelo,Oulu,WARTH,10416,Pasta Buttini s.r.l.,8,15.60,Medium Value,312.0,Wartian Herkku
50,0,18,38,Denmark,Margaret Peacock,1997-01-16 00:00:00.000,Beverages,10540.0,1,Federal Shipping,Côte de Blaye,Kobenhavn,SIMOB,10417,Aux joyeux ecclésiastiques,4,210.80,High Value,10540.0,Simons bistro
2,0.25,21,46,Denmark,Margaret Peacock,1997-01-16 00:00:00.000,Seafood,14.399999999999999,8,Federal Shipping,Spegesild,Kobenhavn,SIMOB,10417,Lyngbysild,4,9.60,High Value,14.399999999999999,Simons bistro
36,0.25,8,68,Denmark,Margaret Peacock,1997-01-16 00:00:00.000,Confections,270.0,3,Federal Shipping,Scottish Longbreads,Kobenhavn,SIMOB,10417,Specialty Biscuits Ltd.,4,10.00,High Value,270.0,Simons bistro
35,0,12,77,Denmark,Margaret Peacock,1997-01-16 00:00:00.000,Condiments,364.0,2,Federal Shipping,Original Frankfurter grüne Soße,Kobenhavn,SIMOB,10417,Plutzer Lebensmittelgroßmärkte AG,4,10.40,High Value,364.0,Simons bistro
60,0,1,2,Germany,Margaret Peacock,1997-01-17 00:00:00.000,Beverages,912.0,1,Speedy Express,Chang,Cunewalde,QUICK,10418,Exotic Liquids,4,15.20,High Value,912.0,QUICK-Stop
55,0,22,47,Germany,Margaret Peacock,1997-01-17 00:00:00.000,Confections,418.0,3,Speedy Express,Zaanse koeken,Cunewalde,QUICK,10418,Zaanse Snoepfabriek,4,7.60,High Value,418.0,QUICK-Stop
16,0,29,61,Germany,Margaret Peacock,1997-01-17 00:00:00.000,Condiments,364.8,2,Speedy Express,Sirop d'érable,Cunewalde,QUICK,10418,Forêts d'érables,4,22.80,High Value,364.8,QUICK-Stop
15,0,4,74,Germany,Margaret Peacock,1997-01-17 00:00:00.000,Produce,120.0,7,Speedy Express,Longlife Tofu,Cunewalde,QUICK,10418,Tokyo Traders,4,8.00,High Value,120.0,QUICK-Stop
60,0.05,28,60,Switzerland,Margaret Peacock,1997-01-20 00:00:00.000,Dairy Products,1550.3999999999999,4,United Package,Camembert Pierrot,Genève,RICSU,10419,Gai pâturage,4,27.20,High Value,1550.3999999999999,Richter Supermarkt
20,0.05,15,69,Switzerland,Margaret Peacock,1997-01-20 00:00:00.000,Dairy Products,547.1999999999999,4,United Package,Gudbrandsdalsost,Genève,RICSU,10419,Norske Meierier,4,28.80,High Value,547.1999999999999,Richter Supermarkt
20,0.1,4,9,Brazil,Janet Leverling,1997-01-21 00:00:00.000,Meat/Poultry,1396.8,6,Speedy Express,Mishi Kobe Niku,Resende,WELLI,10420,Tokyo Traders,3,77.60,Low Value,1396.8,Wellington Importadora
2,0.1,6,13,Brazil,Janet Leverling,1997-01-21 00:00:00.000,Seafood,8.64,8,Speedy Express,Konbu,Resende,WELLI,10420,Mayumi's,3,4.80,Low Value,8.64,Wellington Importadora
8,0.1,7,70,Brazil,Janet Leverling,1997-01-21 00:00:00.000,Beverages,86.4,1,Speedy Express,Outback Lager,Resende,WELLI,10420,Pavlova Ltd.,3,12.00,Low Value,86.4,Wellington Importadora
20,0.1,17,73,Brazil,Janet Leverling,1997-01-21 00:00:00.000,Seafood,216.0,8,Speedy Express,Röd Kaviar,Resende,WELLI,10420,Svensk Sjöföda AB,3,12.00,Low Value,216.0,Wellington Importadora
4,0.15,8,19,Brazil,Laura Callahan,1997-01-21 00:00:00.000,Confections,24.82,3,Speedy Express,Teatime Chocolate Biscuits,Rio de Janeiro,QUEDE,10421,Specialty Biscuits Ltd.,8,7.30,Low Value,24.82,Que Delícia
30,0,11,26,Brazil,Laura Callahan,1997-01-21 00:00:00.000,Confections,747.0,3,Speedy Express,Gumbär Gummibärchen,Rio de Janeiro,QUEDE,10421,Heli Süßwaren GmbH & Co. KG,8,24.90,Low Value,747.0,Que Delícia
15,0.15,24,53,Brazil,Laura Callahan,1997-01-21 00:00:00.000,Meat/Poultry,334.05,6,Speedy Express,Perth Pasties,Rio de Janeiro,QUEDE,10421,G'day Mate,8,26.20,Low Value,334.05,Que Delícia
10,0.15,12,77,Brazil,Laura Callahan,1997-01-21 00:00:00.000,Condiments,88.39999999999999,2,Speedy Express,Original Frankfurter grüne Soße,Rio de Janeiro,QUEDE,10421,Plutzer Lebensmittelgroßmärkte AG,8,10.40,Low Value,88.39999999999999,Que Delícia
2,0,11,26,Italy,Andrew Fuller,1997-01-22 00:00:00.000,Confections,49.8,3,Speedy Express,Gumbär Gummibärchen,Torino,FRANS,10422,Heli Süßwaren GmbH & Co. KG,2,24.90,Low Value,49.8,Franchi S.p.A.
14,0,14,31,Brazil,Michael Suyama,1997-01-23 00:00:00.000,Dairy Products,140.0,4,Federal Shipping,Gorgonzola Telino,Campinas,GOURL,10423,Formaggi Fortini s.r.l.,6,10.00,Medium Value,140.0,Gourmet Lanchonetes
20,0,28,59,Brazil,Michael Suyama,1997-01-23 00:00:00.000,Dairy Products,880.0,4,Federal Shipping,Raclette Courdavault,Campinas,GOURL,10423,Gai pâturage,6,44.00,Medium Value,880.0,Gourmet Lanchonetes
60,0.2,16,35,Canada,Robert King,1997-01-23 00:00:00.000,Beverages,691.2,1,United Package,Steeleye Stout,Montréal,MEREP,10424,Bigfoot Breweries,7,14.40,High Value,691.2,Mère Paillarde
49,0.2,18,38,Canada,Robert King,1997-01-23 00:00:00.000,Beverages,8263.36,1,United Package,Côte de Blaye,Montréal,MEREP,10424,Aux joyeux ecclésiastiques,7,210.80,High Value,8263.36,Mère Paillarde
30,0.2,8,68,Canada,Robert King,1997-01-23 00:00:00.000,Confections,240.0,3,United Package,Scottish Longbreads,Montréal,MEREP,10424,Specialty Biscuits Ltd.,7,10.00,High Value,240.0,Mère Paillarde
10,0.25,25,55,France,Michael Suyama,1997-01-24 00:00:00.000,Meat/Poultry,144.0,6,United Package,Pâté chinois,Toulouse,LAMAI,10425,Ma Maison,6,19.20,Medium Value,144.0,La maison d'Asie
20,0.25,23,76,France,Michael Suyama,1997-01-24 00:00:00.000,Beverages,216.0,1,United Package,Lakkalikööri,Toulouse,LAMAI,10425,Karkki Oy,6,14.40,Medium Value,216.0,La maison d'Asie
5,0,26,56,Spain,Margaret Peacock,1997-01-27 00:00:00.000,Grains/Cereals,152.0,5,Speedy Express,Gnocchi di nonna Alice,Barcelona,GALED,10426,Pasta Buttini s.r.l.,4,30.40,Low Value,152.0,Galería del gastrónomo
7,0,12,64,Spain,Margaret Peacock,1997-01-27 00:00:00.000,Grains/Cereals,186.20000000000002,5,Speedy Express,Wimmers gute Semmelknödel,Barcelona,GALED,10426,Plutzer Lebensmittelgroßmärkte AG,4,26.60,Low Value,186.20000000000002,Galería del gastrónomo
35,0,6,14,Austria,Margaret Peacock,1997-01-27 00:00:00.000,Produce,651.0,7,United Package,Tofu,Salzburg,PICCO,10427,Mayumi's,4,18.60,High Value,651.0,Piccolo und mehr
20,0,21,46,Italy,Robert King,1997-01-28 00:00:00.000,Seafood,192.0,8,Speedy Express,Spegesild,Reggio Emilia,REGGC,10428,Lyngbysild,7,9.60,Medium Value,192.0,Reggiani Caseifici
40,0,23,50,Ireland,Janet Leverling,1997-01-29 00:00:00.000,Confections,520.0,3,United Package,Valkoinen suklaa,Cork,HUNGO,10429,Karkki Oy,3,13.00,High Value,520.0,Hungry Owl All-Night Grocers
35,0.25,7,63,Ireland,Janet Leverling,1997-01-29 00:00:00.000,Condiments,921.375,2,United Package,Vegie-spread,Cork,HUNGO,10429,Pavlova Ltd.,3,35.10,High Value,921.375,Hungry Owl All-Night Grocers
45,0.2,7,17,Austria,Margaret Peacock,1997-01-30 00:00:00.000,Meat/Poultry,1123.2,6,Speedy Express,Alice Mutton,Graz,ERNSH,10430,Pavlova Ltd.,4,31.20,High Value,1123.2,Ernst Handel
50,0,8,21,Austria,Margaret Peacock,1997-01-30 00:00:00.000,Confections,400.0,3,Speedy Express,Sir Rodney's Scones,Graz,ERNSH,10430,Specialty Biscuits Ltd.,4,8.00,High Value,400.0,Ernst Handel
30,0,26,56,Austria,Margaret Peacock,1997-01-30 00:00:00.000,Grains/Cereals,912.0,5,Speedy Express,Gnocchi di nonna Alice,Graz,ERNSH,10430,Pasta Buttini s.r.l.,4,30.40,High Value,912.0,Ernst Handel
70,0.2,28,59,Austria,Margaret Peacock,1997-01-30 00:00:00.000,Dairy Products,2464.0,4,Speedy Express,Raclette Courdavault,Graz,ERNSH,10430,Gai pâturage,4,44.00,High Value,2464.0,Ernst Handel
50,0.25,7,17,Canada,Margaret Peacock,1997-01-30 00:00:00.000,Meat/Poultry,1170.0,6,United Package,Alice Mutton,Tsawassen,BOTTM,10431,Pavlova Ltd.,4,31.20,High Value,1170.0,Bottom-Dollar Markets
50,0.25,19,40,Canada,Margaret Peacock,1997-01-30 00:00:00.000,Seafood,551.25,8,United Package,Boston Crab Meat,Tsawassen,BOTTM,10431,New England Seafood Cannery,4,14.70,High Value,551.25,Bottom-Dollar Markets
30,0.25,22,47,Canada,Margaret Peacock,1997-01-30 00:00:00.000,Confections,171.0,3,United Package,Zaanse koeken,Tsawassen,BOTTM,10431,Zaanse Snoepfabriek,4,7.60,High Value,171.0,Bottom-Dollar Markets
10,0,11,26,USA,Janet Leverling,1997-01-31 00:00:00.000,Confections,249.0,3,United Package,Gumbär Gummibärchen,Lander,SPLIR,10432,Heli Süßwaren GmbH & Co. KG,3,24.90,Medium Value,249.0,Split Rail Beer & Ale
40,0,25,54,USA,Janet Leverling,1997-01-31 00:00:00.000,Meat/Poultry,236.0,6,United Package,Tourtière,Lander,SPLIR,10432,Ma Maison,3,5.90,Medium Value,236.0,Split Rail Beer & Ale
28,0,26,56,Portugal,Janet Leverling,1997-02-03 00:00:00.000,Grains/Cereals,851.1999999999999,5,Federal Shipping,Gnocchi di nonna Alice,Lisboa,PRINI,10433,Pasta Buttini s.r.l.,3,30.40,Low Value,851.1999999999999,Princesa Isabel Vinhos
6,0,5,11,Sweden,Janet Leverling,1997-02-03 00:00:00.000,Dairy Products,100.80000000000001,4,United Package,Queso Cabrales,Bräcke,FOLKO,10434,Cooperativa de Quesos 'Las Cabras',3,16.80,High Value,100.80000000000001,Folk och fä HB
18,0.15,23,76,Sweden,Janet Leverling,1997-02-03 00:00:00.000,Beverages,220.32,1,United Package,Lakkalikööri,Bräcke,FOLKO,10434,Karkki Oy,3,14.40,High Value,220.32,Folk och fä HB
10,0,1,2,UK,Laura Callahan,1997-02-04 00:00:00.000,Beverages,152.0,1,United Package,Chang,London,CONSH,10435,Exotic Liquids,8,15.20,Low Value,152.0,Consolidated Holdings
12,0,9,22,UK,Laura Callahan,1997-02-04 00:00:00.000,Grains/Cereals,201.60000000000002,5,United Package,Gustaf's Knäckebröd,London,CONSH,10435,PB Knäckebröd AB,8,16.80,Low Value,201.60000000000002,Consolidated Holdings
10,0,14,72,UK,Laura Callahan,1997-02-04 00:00:00.000,Dairy Products,278.0,4,United Package,Mozzarella di Giovanni,London,CONSH,10435,Formaggi Fortini s.r.l.,8,27.80,Low Value,278.0,Consolidated Holdings
5,0,21,46,France,Janet Leverling,1997-02-05 00:00:00.000,Seafood,48.0,8,United Package,Spegesild,Strasbourg,BLONP,10436,Lyngbysild,3,9.60,High Value,48.0,Blondesddsl père et fils
40,0.1,26,56,France,Janet Leverling,1997-02-05 00:00:00.000,Grains/Cereals,1094.4,5,United Package,Gnocchi di nonna Alice,Strasbourg,BLONP,10436,Pasta Buttini s.r.l.,3,30.40,High Value,1094.4,Blondesddsl père et fils
30,0.1,12,64,France,Janet Leverling,1997-02-05 00:00:00.000,Grains/Cereals,718.2,5,United Package,Wimmers gute Semmelknödel,Strasbourg,BLONP,10436,Plutzer Lebensmittelgroßmärkte AG,3,26.60,High Value,718.2,Blondesddsl père et fils
24,0.1,12,75,France,Janet Leverling,1997-02-05 00:00:00.000,Beverages,133.92000000000002,1,United Package,Rhönbräu Klosterbier,Strasbourg,BLONP,10436,Plutzer Lebensmittelgroßmärkte AG,3,6.20,High Value,133.92000000000002,Blondesddsl père et fils
15,0,24,53,Finland,Laura Callahan,1997-02-05 00:00:00.000,Meat/Poultry,393.0,6,Speedy Express,Perth Pasties,Oulu,WARTH,10437,G'day Mate,8,26.20,Medium Value,393.0,Wartian Herkku
15,0.2,8,19,Germany,Janet Leverling,1997-02-06 00:00:00.000,Confections,87.60000000000001,3,United Package,Teatime Chocolate Biscuits,Münster,TOMSP,10438,Specialty Biscuits Ltd.,3,7.30,Low Value,87.60000000000001,Toms Spezialitäten
20,0.2,16,34,Germany,Janet Leverling,1997-02-06 00:00:00.000,Beverages,179.20000000000002,1,United Package,Sasquatch Ale,Münster,TOMSP,10438,Bigfoot Breweries,3,11.20,Low Value,179.20000000000002,Toms Spezialitäten
15,0.2,26,57,Germany,Janet Leverling,1997-02-06 00:00:00.000,Grains/Cereals,187.20000000000002,5,United Package,Ravioli Angelo,Münster,TOMSP,10438,Pasta Buttini s.r.l.,3,15.60,Low Value,187.20000000000002,Toms Spezialitäten
15,0,5,12,Canada,Michael Suyama,1997-02-07 00:00:00.000,Dairy Products,456.0,4,Federal Shipping,Queso Manchego La Pastora,Montréal,MEREP,10439,Cooperativa de Quesos 'Las Cabras',6,30.40,High Value,456.0,Mère Paillarde
16,0,7,16,Canada,Michael Suyama,1997-02-07 00:00:00.000,Confections,222.4,3,Federal Shipping,Pavlova,Montréal,MEREP,10439,Pavlova Ltd.,6,13.90,High Value,222.4,Mère Paillarde
6,0,12,64,Canada,Michael Suyama,1997-02-07 00:00:00.000,Grains/Cereals,159.60000000000002,5,Federal Shipping,Wimmers gute Semmelknödel,Montréal,MEREP,10439,Plutzer Lebensmittelgroßmärkte AG,6,26.60,High Value,159.60000000000002,Mère Paillarde
30,0,4,74,Canada,Michael Suyama,1997-02-07 00:00:00.000,Produce,240.0,7,Federal Shipping,Longlife Tofu,Montréal,MEREP,10439,Tokyo Traders,6,8.00,High Value,240.0,Mère Paillarde
45,0.15,1,2,USA,Margaret Peacock,1997-02-10 00:00:00.000,Beverages,581.4,1,United Package,Chang,Boise,SAVEA,10440,Exotic Liquids,4,15.20,High Value,581.4,Save-a-lot Markets
49,0.15,7,16,USA,Margaret Peacock,1997-02-10 00:00:00.000,Confections,578.9350000000001,3,United Package,Pavlova,Boise,SAVEA,10440,Pavlova Ltd.,4,13.90,High Value,578.9350000000001,Save-a-lot Markets
24,0.15,12,29,USA,Margaret Peacock,1997-02-10 00:00:00.000,Meat/Poultry,2019.6,6,United Package,Thüringer Rostbratwurst,Boise,SAVEA,10440,Plutzer Lebensmittelgroßmärkte AG,4,99.00,High Value,2019.6,Save-a-lot Markets
90,0.15,29,61,USA,Margaret Peacock,1997-02-10 00:00:00.000,Condiments,1744.2,2,United Package,Sirop d'érable,Boise,SAVEA,10440,Forêts d'érables,4,22.80,High Value,1744.2,Save-a-lot Markets
50,0,11,27,USA,Janet Leverling,1997-02-10 00:00:00.000,Confections,1755.0,3,United Package,Schoggi Schokolade,Anchorage,OLDWO,10441,Heli Süßwaren GmbH & Co. KG,3,35.10,Medium Value,1755.0,Old World Delicatessen
30,0,5,11,Austria,Janet Leverling,1997-02-11 00:00:00.000,Dairy Products,504.0,4,United Package,Queso Cabrales,Graz,ERNSH,10442,Cooperativa de Quesos 'Las Cabras',3,16.80,High Value,504.0,Ernst Handel
80,0,25,54,Austria,Janet Leverling,1997-02-11 00:00:00.000,Meat/Poultry,472.0,6,United Package,Tourtière,Graz,ERNSH,10442,Ma Maison,3,5.90,High Value,472.0,Ernst Handel
60,0,2,66,Austria,Janet Leverling,1997-02-11 00:00:00.000,Condiments,816.0,2,United Package,Louisiana Hot Spiced Okra,Graz,ERNSH,10442,New Orleans Cajun Delights,3,13.60,High Value,816.0,Ernst Handel
6,0.2,5,11,Italy,Laura Callahan,1997-02-12 00:00:00.000,Dairy Products,80.64000000000001,4,Speedy Express,Queso Cabrales,Reggio Emilia,REGGC,10443,Cooperativa de Quesos 'Las Cabras',8,16.80,Medium Value,80.64000000000001,Reggiani Caseifici
12,0,12,28,Italy,Laura Callahan,1997-02-12 00:00:00.000,Produce,436.79999999999995,7,Speedy Express,Rössle Sauerkraut,Reggio Emilia,REGGC,10443,Plutzer Lebensmittelgroßmärkte AG,8,36.40,Medium Value,436.79999999999995,Reggiani Caseifici
10,0,7,17,Sweden,Janet Leverling,1997-02-12 00:00:00.000,Meat/Poultry,312.0,6,Federal Shipping,Alice Mutton,Luleå,BERGS,10444,Pavlova Ltd.,3,31.20,High Value,312.0,Berglunds snabbköp
15,0,11,26,Sweden,Janet Leverling,1997-02-12 00:00:00.000,Confections,373.5,3,Federal Shipping,Gumbär Gummibärchen,Luleå,BERGS,10444,Heli Süßwaren GmbH & Co. KG,3,24.90,High Value,373.5,Berglunds snabbköp
8,0,16,35,Sweden,Janet Leverling,1997-02-12 00:00:00.000,Beverages,115.2,1,Federal Shipping,Steeleye Stout,Luleå,BERGS,10444,Bigfoot Breweries,3,14.40,High Value,115.2,Berglunds snabbköp
30,0,19,41,Sweden,Janet Leverling,1997-02-12 00:00:00.000,Seafood,231.0,8,Federal Shipping,Jack's New England Clam Chowder,Luleå,BERGS,10444,New England Seafood Cannery,3,7.70,High Value,231.0,Berglunds snabbköp
6,0,18,39,Sweden,Janet Leverling,1997-02-13 00:00:00.000,Beverages,86.4,1,Speedy Express,Chartreuse verte,Luleå,BERGS,10445,Aux joyeux ecclésiastiques,3,14.40,High Value,86.4,Berglunds snabbköp
15,0,25,54,Sweden,Janet Leverling,1997-02-13 00:00:00.000,Meat/Poultry,88.5,6,Speedy Express,Tourtière,Luleå,BERGS,10445,Ma Maison,3,5.90,High Value,88.5,Berglunds snabbköp
12,0.1,8,19,Germany,Michael Suyama,1997-02-14 00:00:00.000,Confections,78.84,3,Speedy Express,Teatime Chocolate Biscuits,Münster,TOMSP,10446,Specialty Biscuits Ltd.,6,7.30,Low Value,78.84,Toms Spezialitäten
20,0.1,10,24,Germany,Michael Suyama,1997-02-14 00:00:00.000,Beverages,64.8,1,Speedy Express,Guaraná Fantástica,Münster,TOMSP,10446,Refrescos Americanas LTDA,6,3.60,Low Value,64.8,Toms Spezialitäten
3,0.1,14,31,Germany,Michael Suyama,1997-02-14 00:00:00.000,Dairy Products,27.0,4,Speedy Express,Gorgonzola Telino,Münster,TOMSP,10446,Formaggi Fortini s.r.l.,6,10.00,Low Value,27.0,Toms Spezialitäten
15,0.1,24,52,Germany,Michael Suyama,1997-02-14 00:00:00.000,Grains/Cereals,75.60000000000001,5,Speedy Express,Filo Mix,Münster,TOMSP,10446,G'day Mate,6,5.60,Low Value,75.60000000000001,Toms Spezialitäten
40,0,8,19,Brazil,Margaret Peacock,1997-02-14 00:00:00.000,Confections,292.0,3,United Package,Teatime Chocolate Biscuits,Rio de Janeiro,RICAR,10447,Specialty Biscuits Ltd.,4,7.30,Medium Value,292.0,Ricardo Adocicados
35,0,2,65,Brazil,Margaret Peacock,1997-02-14 00:00:00.000,Condiments,588.0,2,United Package,Louisiana Fiery Hot Pepper Sauce,Rio de Janeiro,RICAR,10447,New Orleans Cajun Delights,4,16.80,Medium Value,588.0,Ricardo Adocicados
2,0,15,71,Brazil,Margaret Peacock,1997-02-14 00:00:00.000,Dairy Products,34.4,4,United Package,Flotemysost,Rio de Janeiro,RICAR,10447,Norske Meierier,4,17.20,Medium Value,34.4,Ricardo Adocicados
6,0,11,26,Argentina,Margaret Peacock,1997-02-17 00:00:00.000,Confections,149.39999999999998,3,United Package,Gumbär Gummibärchen,Buenos Aires,RANCH,10448,Heli Süßwaren GmbH & Co. KG,4,24.90,Low Value,149.39999999999998,Rancho grande
20,0,19,40,Argentina,Margaret Peacock,1997-02-17 00:00:00.000,Seafood,294.0,8,United Package,Boston Crab Meat,Buenos Aires,RANCH,10448,New England Seafood Cannery,4,14.70,Low Value,294.0,Rancho grande
14,0,4,10,France,Janet Leverling,1997-02-18 00:00:00.000,Seafood,347.2,8,United Package,Ikura,Strasbourg,BLONP,10449,Tokyo Traders,3,24.80,High Value,347.2,Blondesddsl père et fils
20,0,24,52,France,Janet Leverling,1997-02-18 00:00:00.000,Grains/Cereals,112.0,5,United Package,Filo Mix,Strasbourg,BLONP,10449,G'day Mate,3,5.60,High Value,112.0,Blondesddsl père et fils
35,0,29,62,France,Janet Leverling,1997-02-18 00:00:00.000,Confections,1379.0,3,United Package,Tarte au sucre,Strasbourg,BLONP,10449,Forêts d'érables,3,39.40,High Value,1379.0,Blondesddsl père et fils
20,0.2,4,10,France,Laura Callahan,1997-02-19 00:00:00.000,Seafood,396.8,8,United Package,Ikura,Lyon,VICTE,10450,Tokyo Traders,8,24.80,Medium Value,396.8,Victuailles en stock
6,0.2,25,54,France,Laura Callahan,1997-02-19 00:00:00.000,Meat/Poultry,28.320000000000007,6,United Package,Tourtière,Lyon,VICTE,10450,Ma Maison,8,5.90,Medium Value,28.320000000000007,Victuailles en stock
120,0.1,25,55,Germany,Margaret Peacock,1997-02-19 00:00:00.000,Meat/Poultry,2073.6,6,Federal Shipping,Pâté chinois,Cunewalde,QUICK,10451,Ma Maison,4,19.20,High Value,2073.6,QUICK-Stop
35,0.1,12,64,Germany,Margaret Peacock,1997-02-19 00:00:00.000,Grains/Cereals,837.9,5,Federal Shipping,Wimmers gute Semmelknödel,Cunewalde,QUICK,10451,Plutzer Lebensmittelgroßmärkte AG,4,26.60,High Value,837.9,QUICK-Stop
28,0.1,2,65,Germany,Margaret Peacock,1997-02-19 00:00:00.000,Condiments,423.36,2,Federal Shipping,Louisiana Fiery Hot Pepper Sauce,Cunewalde,QUICK,10451,New Orleans Cajun Delights,4,16.80,High Value,423.36,QUICK-Stop
55,0.1,12,77,Germany,Margaret Peacock,1997-02-19 00:00:00.000,Condiments,514.8000000000001,2,Federal Shipping,Original Frankfurter grüne Soße,Cunewalde,QUICK,10451,Plutzer Lebensmittelgroßmärkte AG,4,10.40,High Value,514.8000000000001,QUICK-Stop
15,0,12,28,USA,Laura Callahan,1997-02-20 00:00:00.000,Produce,546.0,7,Speedy Express,Rössle Sauerkraut,Boise,SAVEA,10452,Plutzer Lebensmittelgroßmärkte AG,8,36.40,High Value,546.0,Save-a-lot Markets
100,0.05,20,44,USA,Laura Callahan,1997-02-20 00:00:00.000,Condiments,1472.5,2,Speedy Express,Gula Malacca,Boise,SAVEA,10452,Leka Trading,8,15.50,High Value,1472.5,Save-a-lot Markets
15,0.1,22,48,UK,Nancy Davolio,1997-02-21 00:00:00.000,Confections,137.70000000000002,3,United Package,Chocolade,Colchester,AROUT,10453,Zaanse Snoepfabriek,1,10.20,Medium Value,137.70000000000002,Around the Horn
25,0.1,7,70,UK,Nancy Davolio,1997-02-21 00:00:00.000,Beverages,270.0,1,United Package,Outback Lager,Colchester,AROUT,10453,Pavlova Ltd.,1,12.00,Medium Value,270.0,Around the Horn
20,0.2,7,16,France,Margaret Peacock,1997-02-21 00:00:00.000,Confections,222.4,3,Federal Shipping,Pavlova,Toulouse,LAMAI,10454,Pavlova Ltd.,4,13.90,Medium Value,222.4,La maison d'Asie
20,0.2,15,33,France,Margaret Peacock,1997-02-21 00:00:00.000,Dairy Products,32.0,4,Federal Shipping,Geitost,Toulouse,LAMAI,10454,Norske Meierier,4,2.00,Medium Value,32.0,La maison d'Asie
10,0.2,21,46,France,Margaret Peacock,1997-02-21 00:00:00.000,Seafood,76.80000000000001,8,Federal Shipping,Spegesild,Toulouse,LAMAI,10454,Lyngbysild,4,9.60,Medium Value,76.80000000000001,La maison d'Asie
20,0,18,39,Finland,Laura Callahan,1997-02-24 00:00:00.000,Beverages,288.0,1,United Package,Chartreuse verte,Oulu,WARTH,10455,Aux joyeux ecclésiastiques,8,14.40,Medium Value,288.0,Wartian Herkku
50,0,24,53,Finland,Laura Callahan,1997-02-24 00:00:00.000,Meat/Poultry,1310.0,6,United Package,Perth Pasties,Oulu,WARTH,10455,G'day Mate,8,26.20,Medium Value,1310.0,Wartian Herkku
25,0,29,61,Finland,Laura Callahan,1997-02-24 00:00:00.000,Condiments,570.0,2,United Package,Sirop d'érable,Oulu,WARTH,10455,Forêts d'érables,8,22.80,Medium Value,570.0,Wartian Herkku
30,0,15,71,Finland,Laura Callahan,1997-02-24 00:00:00.000,Dairy Products,516.0,4,United Package,Flotemysost,Oulu,WARTH,10455,Norske Meierier,8,17.20,Medium Value,516.0,Wartian Herkku
40,0.15,8,21,Germany,Laura Callahan,1997-02-25 00:00:00.000,Confections,272.0,3,United Package,Sir Rodney's Scones,Brandenburg,KOENE,10456,Specialty Biscuits Ltd.,8,8.00,High Value,272.0,Königlich Essen
21,0.15,23,49,Germany,Laura Callahan,1997-02-25 00:00:00.000,Confections,285.59999999999997,3,United Package,Maxilaku,Brandenburg,KOENE,10456,Karkki Oy,8,16.00,High Value,285.59999999999997,Königlich Essen
36,0,28,59,Germany,Andrew Fuller,1997-02-25 00:00:00.000,Dairy Products,1584.0,4,Speedy Express,Raclette Courdavault,Brandenburg,KOENE,10457,Gai pâturage,2,44.00,High Value,1584.0,Königlich Essen
30,0,11,26,Belgium,Robert King,1997-02-26 00:00:00.000,Confections,747.0,3,Federal Shipping,Gumbär Gummibärchen,Charleroi,SUPRD,10458,Heli Süßwaren GmbH & Co. KG,7,24.90,High Value,747.0,Suprêmes délices
30,0,12,28,Belgium,Robert King,1997-02-26 00:00:00.000,Produce,1092.0,7,Federal Shipping,Rössle Sauerkraut,Charleroi,SUPRD,10458,Plutzer Lebensmittelgroßmärkte AG,7,36.40,High Value,1092.0,Suprêmes délices
20,0,20,43,Belgium,Robert King,1997-02-26 00:00:00.000,Beverages,736.0,1,Federal Shipping,Ipoh Coffee,Charleroi,SUPRD,10458,Leka Trading,7,36.80,High Value,736.0,Suprêmes délices
15,0,26,56,Belgium,Robert King,1997-02-26 00:00:00.000,Grains/Cereals,456.0,5,Federal Shipping,Gnocchi di nonna Alice,Charleroi,SUPRD,10458,Pasta Buttini s.r.l.,7,30.40,High Value,456.0,Suprêmes délices
50,0,15,71,Belgium,Robert King,1997-02-26 00:00:00.000,Dairy Products,860.0,4,Federal Shipping,Flotemysost,Charleroi,SUPRD,10458,Norske Meierier,7,17.20,High Value,860.0,Suprêmes délices
16,0.05,3,7,France,Margaret Peacock,1997-02-27 00:00:00.000,Produce,364.79999999999995,7,United Package,Uncle Bob's Organic Dried Pears,Lyon,VICTE,10459,Grandma Kelly's Homestead,4,24.00,Medium Value,364.79999999999995,Victuailles en stock
20,0.05,21,46,France,Margaret Peacock,1997-02-27 00:00:00.000,Seafood,182.39999999999998,8,United Package,Spegesild,Lyon,VICTE,10459,Lyngbysild,4,9.60,Medium Value,182.39999999999998,Victuailles en stock
40,0,14,72,France,Margaret Peacock,1997-02-27 00:00:00.000,Dairy Products,1112.0,4,United Package,Mozzarella di Giovanni,Lyon,VICTE,10459,Formaggi Fortini s.r.l.,4,27.80,Medium Value,1112.0,Victuailles en stock
21,0.25,8,68,Sweden,Laura Callahan,1997-02-28 00:00:00.000,Confections,157.5,3,Speedy Express,Scottish Longbreads,Bräcke,FOLKO,10460,Specialty Biscuits Ltd.,8,10.00,High Value,157.5,Folk och fä HB
4,0.25,12,75,Sweden,Laura Callahan,1997-02-28 00:00:00.000,Beverages,18.6,1,Speedy Express,Rhönbräu Klosterbier,Bräcke,FOLKO,10460,Plutzer Lebensmittelgroßmärkte AG,8,6.20,High Value,18.6,Folk och fä HB
40,0.25,8,21,Venezuela,Nancy Davolio,1997-02-28 00:00:00.000,Confections,240.0,3,Federal Shipping,Sir Rodney's Scones,Barquisimeto,LILAS,10461,Specialty Biscuits Ltd.,1,8.00,Medium Value,240.0,LILA-Supermercado
28,0.25,13,30,Venezuela,Nancy Davolio,1997-02-28 00:00:00.000,Seafood,434.70000000000005,8,Federal Shipping,Nord-Ost Matjeshering,Barquisimeto,LILAS,10461,Nord-Ost-Fisch Handelsgesellschaft mbH,1,20.70,Medium Value,434.70000000000005,LILA-Supermercado
60,0.25,25,55,Venezuela,Nancy Davolio,1997-02-28 00:00:00.000,Meat/Poultry,864.0,6,Federal Shipping,Pâté chinois,Barquisimeto,LILAS,10461,Ma Maison,1,19.20,Medium Value,864.0,LILA-Supermercado
1,0,6,13,UK,Andrew Fuller,1997-03-03 00:00:00.000,Seafood,4.8,8,Speedy Express,Konbu,London,CONSH,10462,Mayumi's,2,4.80,Low Value,4.8,Consolidated Holdings
21,0,9,23,UK,Andrew Fuller,1997-03-03 00:00:00.000,Grains/Cereals,151.20000000000002,5,Speedy Express,Tunnbröd,London,CONSH,10462,PB Knäckebröd AB,2,7.20,Low Value,151.20000000000002,Consolidated Holdings
21,0,8,19,Belgium,Steven Buchanan,1997-03-04 00:00:00.000,Confections,153.29999999999998,3,Federal Shipping,Teatime Chocolate Biscuits,Charleroi,SUPRD,10463,Specialty Biscuits Ltd.,5,7.30,High Value,153.29999999999998,Suprêmes délices
50,0,20,42,Belgium,Steven Buchanan,1997-03-04 00:00:00.000,Grains/Cereals,560.0,5,Federal Shipping,Singaporean Hokkien Fried Mee,Charleroi,SUPRD,10463,Leka Trading,5,11.20,High Value,560.0,Suprêmes délices
16,0.2,2,4,Portugal,Margaret Peacock,1997-03-04 00:00:00.000,Condiments,225.28000000000003,2,United Package,Chef Anton's Cajun Seasoning,Lisboa,FURIB,10464,New Orleans Cajun Delights,4,17.60,Low Value,225.28000000000003,Furia Bacalhau e Frutos do Mar
3,0,20,43,Portugal,Margaret Peacock,1997-03-04 00:00:00.000,Beverages,110.39999999999999,1,United Package,Ipoh Coffee,Lisboa,FURIB,10464,Leka Trading,4,36.80,Low Value,110.39999999999999,Furia Bacalhau e Frutos do Mar
30,0.2,26,56,Portugal,Margaret Peacock,1997-03-04 00:00:00.000,Grains/Cereals,729.6,5,United Package,Gnocchi di nonna Alice,Lisboa,FURIB,10464,Pasta Buttini s.r.l.,4,30.40,Low Value,729.6,Furia Bacalhau e Frutos do Mar
20,0,28,60,Portugal,Margaret Peacock,1997-03-04 00:00:00.000,Dairy Products,544.0,4,United Package,Camembert Pierrot,Lisboa,FURIB,10464,Gai pâturage,4,27.20,Low Value,544.0,Furia Bacalhau e Frutos do Mar
25,0,10,24,Denmark,Nancy Davolio,1997-03-05 00:00:00.000,Beverages,90.0,1,Federal Shipping,Guaraná Fantástica,Århus,VAFFE,10465,Refrescos Americanas LTDA,1,3.60,Medium Value,90.0,Vaffeljernet
18,0.1,12,29,Denmark,Nancy Davolio,1997-03-05 00:00:00.000,Meat/Poultry,1603.8,6,Federal Shipping,Thüringer Rostbratwurst,Århus,VAFFE,10465,Plutzer Lebensmittelgroßmärkte AG,1,99.00,Medium Value,1603.8,Vaffeljernet
20,0,19,40,Denmark,Nancy Davolio,1997-03-05 00:00:00.000,Seafood,294.0,8,Federal Shipping,Boston Crab Meat,Århus,VAFFE,10465,New England Seafood Cannery,1,14.70,Medium Value,294.0,Vaffeljernet
30,0.1,21,45,Denmark,Nancy Davolio,1997-03-05 00:00:00.000,Seafood,205.20000000000002,8,Federal Shipping,Rogede sild,Århus,VAFFE,10465,Lyngbysild,1,7.60,Medium Value,205.20000000000002,Vaffeljernet
25,0,23,50,Denmark,Nancy Davolio,1997-03-05 00:00:00.000,Confections,325.0,3,Federal Shipping,Valkoinen suklaa,Århus,VAFFE,10465,Karkki Oy,1,13.00,Medium Value,325.0,Vaffeljernet
10,0,5,11,Brazil,Margaret Peacock,1997-03-06 00:00:00.000,Dairy Products,168.0,4,Speedy Express,Queso Cabrales,Sao Paulo,COMMI,10466,Cooperativa de Quesos 'Las Cabras',4,16.80,Low Value,168.0,Comércio Mineiro
5,0,21,46,Brazil,Margaret Peacock,1997-03-06 00:00:00.000,Seafood,48.0,8,Speedy Express,Spegesild,Sao Paulo,COMMI,10466,Lyngbysild,4,9.60,Low Value,48.0,Comércio Mineiro
28,0,10,24,Italy,Laura Callahan,1997-03-06 00:00:00.000,Beverages,100.8,1,United Package,Guaraná Fantástica,Bergamo,MAGAA,10467,Refrescos Americanas LTDA,8,3.60,Medium Value,100.8,Magazzini Alimentari Riuniti
12,0,11,25,Italy,Laura Callahan,1997-03-06 00:00:00.000,Confections,134.39999999999998,3,United Package,NuNuCa Nuß-Nougat-Creme,Bergamo,MAGAA,10467,Heli Süßwaren GmbH & Co. KG,8,11.20,Medium Value,134.39999999999998,Magazzini Alimentari Riuniti
8,0,13,30,Germany,Janet Leverling,1997-03-07 00:00:00.000,Seafood,165.6,8,Federal Shipping,Nord-Ost Matjeshering,Brandenburg,KOENE,10468,Nord-Ost-Fisch Handelsgesellschaft mbH,3,20.70,High Value,165.6,Königlich Essen
15,0,20,43,Germany,Janet Leverling,1997-03-07 00:00:00.000,Beverages,552.0,1,Federal Shipping,Ipoh Coffee,Brandenburg,KOENE,10468,Leka Trading,3,36.80,High Value,552.0,Königlich Essen
40,0.15,1,2,USA,Nancy Davolio,1997-03-10 00:00:00.000,Beverages,516.8,1,Speedy Express,Chang,Seattle,WHITC,10469,Exotic Liquids,1,15.20,High Value,516.8,White Clover Markets
35,0.15,7,16,USA,Nancy Davolio,1997-03-10 00:00:00.000,Confections,413.525,3,Speedy Express,Pavlova,Seattle,WHITC,10469,Pavlova Ltd.,1,13.90,High Value,413.525,White Clover Markets
2,0.15,20,44,USA,Nancy Davolio,1997-03-10 00:00:00.000,Condiments,26.349999999999998,2,Speedy Express,Gula Malacca,Seattle,WHITC,10469,Leka Trading,1,15.50,High Value,26.349999999999998,White Clover Markets
30,0,7,18,France,Margaret Peacock,1997-03-11 00:00:00.000,Seafood,1500.0,8,United Package,Carnarvon Tigers,Marseille,BONAP,10470,Pavlova Ltd.,4,50.00,High Value,1500.0,Bon app'
15,0,9,23,France,Margaret Peacock,1997-03-11 00:00:00.000,Grains/Cereals,108.0,5,United Package,Tunnbröd,Marseille,BONAP,10470,PB Knäckebröd AB,4,7.20,High Value,108.0,Bon app'
8,0,12,64,France,Margaret Peacock,1997-03-11 00:00:00.000,Grains/Cereals,212.8,5,United Package,Wimmers gute Semmelknödel,Marseille,BONAP,10470,Plutzer Lebensmittelgroßmärkte AG,4,26.60,High Value,212.8,Bon app'
30,0,3,7,UK,Andrew Fuller,1997-03-11 00:00:00.000,Produce,720.0,7,Federal Shipping,Uncle Bob's Organic Dried Pears,London,BSBEV,10471,Grandma Kelly's Homestead,2,24.00,Low Value,720.0,B's Beverages
20,0,26,56,UK,Andrew Fuller,1997-03-11 00:00:00.000,Grains/Cereals,608.0,5,Federal Shipping,Gnocchi di nonna Alice,London,BSBEV,10471,Pasta Buttini s.r.l.,2,30.40,Low Value,608.0,B's Beverages
80,0.05,10,24,UK,Laura Callahan,1997-03-12 00:00:00.000,Beverages,273.59999999999997,1,Speedy Express,Guaraná Fantástica,London,SEVES,10472,Refrescos Americanas LTDA,8,3.60,Medium Value,273.59999999999997,Seven Seas Imports
18,0,24,51,UK,Laura Callahan,1997-03-12 00:00:00.000,Produce,763.1999999999999,7,Speedy Express,Manjimup Dried Apples,London,SEVES,10472,G'day Mate,8,42.40,Medium Value,763.1999999999999,Seven Seas Imports
12,0,15,33,UK,Nancy Davolio,1997-03-13 00:00:00.000,Dairy Products,24.0,4,Federal Shipping,Geitost,Cowes,ISLAT,10473,Norske Meierier,1,2.00,Low Value,24.0,Island Trading
12,0,15,71,UK,Nancy Davolio,1997-03-13 00:00:00.000,Dairy Products,206.39999999999998,4,Federal Shipping,Flotemysost,Cowes,ISLAT,10473,Norske Meierier,1,17.20,Low Value,206.39999999999998,Island Trading
12,0,6,14,Mexico,Steven Buchanan,1997-03-13 00:00:00.000,Produce,223.20000000000002,7,United Package,Tofu,México D.F.,PERIC,10474,Mayumi's,5,18.60,Low Value,223.20000000000002,Pericles Comidas clásicas
18,0,12,28,Mexico,Steven Buchanan,1997-03-13 00:00:00.000,Produce,655.1999999999999,7,United Package,Rössle Sauerkraut,México D.F.,PERIC,10474,Plutzer Lebensmittelgroßmärkte AG,5,36.40,Low Value,655.1999999999999,Pericles Comidas clásicas
21,0,19,40,Mexico,Steven Buchanan,1997-03-13 00:00:00.000,Seafood,308.7,8,United Package,Boston Crab Meat,México D.F.,PERIC,10474,New England Seafood Cannery,5,14.70,Low Value,308.7,Pericles Comidas clásicas
10,0,12,75,Mexico,Steven Buchanan,1997-03-13 00:00:00.000,Beverages,62.0,1,United Package,Rhönbräu Klosterbier,México D.F.,PERIC,10474,Plutzer Lebensmittelgroßmärkte AG,5,6.20,Low Value,62.0,Pericles Comidas clásicas
35,0.15,14,31,Belgium,Anne Dodsworth,1997-03-14 00:00:00.000,Dairy Products,297.5,4,Speedy Express,Gorgonzola Telino,Charleroi,SUPRD,10475,Formaggi Fortini s.r.l.,9,10.00,High Value,297.5,Suprêmes délices
60,0.15,2,66,Belgium,Anne Dodsworth,1997-03-14 00:00:00.000,Condiments,693.6,2,Speedy Express,Louisiana Hot Spiced Okra,Charleroi,SUPRD,10475,New Orleans Cajun Delights,9,13.60,High Value,693.6,Suprêmes délices
42,0.15,23,76,Belgium,Anne Dodsworth,1997-03-14 00:00:00.000,Beverages,514.08,1,Speedy Express,Lakkalikööri,Charleroi,SUPRD,10475,Karkki Oy,9,14.40,High Value,514.08,Suprêmes délices
2,0.05,25,55,Venezuela,Laura Callahan,1997-03-17 00:00:00.000,Meat/Poultry,36.48,6,Federal Shipping,Pâté chinois,San Cristóbal,HILAA,10476,Ma Maison,8,19.20,High Value,36.48,HILARION-Abastos
12,0,7,70,Venezuela,Laura Callahan,1997-03-17 00:00:00.000,Beverages,144.0,1,Federal Shipping,Outback Lager,San Cristóbal,HILAA,10476,Pavlova Ltd.,8,12.00,High Value,144.0,HILARION-Abastos
15,0,1,1,Portugal,Steven Buchanan,1997-03-17 00:00:00.000,Beverages,216.0,1,United Package,Chai,Lisboa,PRINI,10477,Exotic Liquids,5,14.40,Low Value,216.0,Princesa Isabel Vinhos
21,0.25,8,21,Portugal,Steven Buchanan,1997-03-17 00:00:00.000,Confections,126.0,3,United Package,Sir Rodney's Scones,Lisboa,PRINI,10477,Specialty Biscuits Ltd.,5,8.00,Low Value,126.0,Princesa Isabel Vinhos
20,0.25,18,39,Portugal,Steven Buchanan,1997-03-17 00:00:00.000,Beverages,216.0,1,United Package,Chartreuse verte,Lisboa,PRINI,10477,Aux joyeux ecclésiastiques,5,14.40,Low Value,216.0,Princesa Isabel Vinhos
20,0.05,4,10,France,Andrew Fuller,1997-03-18 00:00:00.000,Seafood,471.2,8,Federal Shipping,Ikura,Lyon,VICTE,10478,Tokyo Traders,2,24.80,Medium Value,471.2,Victuailles en stock
30,0,18,38,USA,Janet Leverling,1997-03-19 00:00:00.000,Beverages,6324.0,1,Federal Shipping,Côte de Blaye,Albuquerque,RATTC,10479,Aux joyeux ecclésiastiques,3,210.80,High Value,6324.0,Rattlesnake Canyon Grocery
28,0,24,53,USA,Janet Leverling,1997-03-19 00:00:00.000,Meat/Poultry,733.6,6,Federal Shipping,Perth Pasties,Albuquerque,RATTC,10479,G'day Mate,3,26.20,High Value,733.6,Rattlesnake Canyon Grocery
60,0,28,59,USA,Janet Leverling,1997-03-19 00:00:00.000,Dairy Products,2640.0,4,Federal Shipping,Raclette Courdavault,Albuquerque,RATTC,10479,Gai pâturage,3,44.00,High Value,2640.0,Rattlesnake Canyon Grocery
30,0,12,64,USA,Janet Leverling,1997-03-19 00:00:00.000,Grains/Cereals,798.0,5,Federal Shipping,Wimmers gute Semmelknödel,Albuquerque,RATTC,10479,Plutzer Lebensmittelgroßmärkte AG,3,26.60,High Value,798.0,Rattlesnake Canyon Grocery
30,0,22,47,France,Michael Suyama,1997-03-20 00:00:00.000,Confections,228.0,3,United Package,Zaanse koeken,Lille,FOLIG,10480,Zaanse Snoepfabriek,6,7.60,Medium Value,228.0,Folies gourmandes
12,0,28,59,France,Michael Suyama,1997-03-20 00:00:00.000,Dairy Products,528.0,4,United Package,Raclette Courdavault,Lille,FOLIG,10480,Gai pâturage,6,44.00,Medium Value,528.0,Folies gourmandes
24,0,23,49,Brazil,Laura Callahan,1997-03-20 00:00:00.000,Confections,384.0,3,United Package,Maxilaku,Rio de Janeiro,RICAR,10481,Karkki Oy,8,16.00,Medium Value,384.0,Ricardo Adocicados
40,0,28,60,Brazil,Laura Callahan,1997-03-20 00:00:00.000,Dairy Products,1088.0,4,United Package,Camembert Pierrot,Rio de Janeiro,RICAR,10481,Gai pâturage,8,27.20,Medium Value,1088.0,Ricardo Adocicados
10,0,19,40,USA,Nancy Davolio,1997-03-21 00:00:00.000,Seafood,147.0,8,Federal Shipping,Boston Crab Meat,Walla Walla,LAZYK,10482,New England Seafood Cannery,1,14.70,Low Value,147.0,Lazy K Kountry Store
35,0.05,16,34,USA,Robert King,1997-03-24 00:00:00.000,Beverages,372.4,1,United Package,Sasquatch Ale,Seattle,WHITC,10483,Bigfoot Breweries,7,11.20,High Value,372.4,White Clover Markets
30,0.05,12,77,USA,Robert King,1997-03-24 00:00:00.000,Condiments,296.4,2,United Package,Original Frankfurter grüne Soße,Seattle,WHITC,10483,Plutzer Lebensmittelgroßmärkte AG,7,10.40,High Value,296.4,White Clover Markets
14,0,8,21,UK,Janet Leverling,1997-03-24 00:00:00.000,Confections,112.0,3,Federal Shipping,Sir Rodney's Scones,London,BSBEV,10484,Specialty Biscuits Ltd.,3,8.00,Low Value,112.0,B's Beverages
10,0,19,40,UK,Janet Leverling,1997-03-24 00:00:00.000,Seafood,147.0,8,Federal Shipping,Boston Crab Meat,London,BSBEV,10484,New England Seafood Cannery,3,14.70,Low Value,147.0,B's Beverages
3,0,24,51,UK,Janet Leverling,1997-03-24 00:00:00.000,Produce,127.19999999999999,7,Federal Shipping,Manjimup Dried Apples,London,BSBEV,10484,G'day Mate,3,42.40,Low Value,127.19999999999999,B's Beverages
20,0.1,1,2,Venezuela,Margaret Peacock,1997-03-25 00:00:00.000,Beverages,273.6,1,United Package,Chang,I. de Margarita,LINOD,10485,Exotic Liquids,4,15.20,Medium Value,273.6,LINO-Delicateses
20,0.1,1,3,Venezuela,Margaret Peacock,1997-03-25 00:00:00.000,Condiments,144.0,2,United Package,Aniseed Syrup,I. de Margarita,LINOD,10485,Exotic Liquids,4,8.00,Medium Value,144.0,LINO-Delicateses
30,0.1,25,55,Venezuela,Margaret Peacock,1997-03-25 00:00:00.000,Meat/Poultry,518.4,6,United Package,Pâté chinois,I. de Margarita,LINOD,10485,Ma Maison,4,19.20,Medium Value,518.4,LINO-Delicateses
60,0.1,7,70,Venezuela,Margaret Peacock,1997-03-25 00:00:00.000,Beverages,648.0,1,United Package,Outback Lager,I. de Margarita,LINOD,10485,Pavlova Ltd.,4,12.00,Medium Value,648.0,LINO-Delicateses
5,0,5,11,Venezuela,Nancy Davolio,1997-03-26 00:00:00.000,Dairy Products,84.0,4,United Package,Queso Cabrales,San Cristóbal,HILAA,10486,Cooperativa de Quesos 'Las Cabras',1,16.80,High Value,84.0,HILARION-Abastos
25,0,24,51,Venezuela,Nancy Davolio,1997-03-26 00:00:00.000,Produce,1060.0,7,United Package,Manjimup Dried Apples,San Cristóbal,HILAA,10486,G'day Mate,1,42.40,High Value,1060.0,HILARION-Abastos
16,0,4,74,Venezuela,Nancy Davolio,1997-03-26 00:00:00.000,Produce,128.0,7,United Package,Longlife Tofu,San Cristóbal,HILAA,10486,Tokyo Traders,1,8.00,High Value,128.0,HILARION-Abastos
5,0,8,19,Brazil,Andrew Fuller,1997-03-26 00:00:00.000,Confections,36.5,3,United Package,Teatime Chocolate Biscuits,Sao Paulo,QUEEN,10487,Specialty Biscuits Ltd.,2,7.30,High Value,36.5,Queen Cozinha
30,0,11,26,Brazil,Andrew Fuller,1997-03-26 00:00:00.000,Confections,747.0,3,United Package,Gumbär Gummibärchen,Sao Paulo,QUEEN,10487,Heli Süßwaren GmbH & Co. KG,2,24.90,High Value,747.0,Queen Cozinha
24,0.25,25,54,Brazil,Andrew Fuller,1997-03-26 00:00:00.000,Meat/Poultry,106.20000000000002,6,United Package,Tourtière,Sao Paulo,QUEEN,10487,Ma Maison,2,5.90,High Value,106.20000000000002,Queen Cozinha
30,0,28,59,Germany,Laura Callahan,1997-03-27 00:00:00.000,Dairy Products,1320.0,4,United Package,Raclette Courdavault,München,FRANK,10488,Gai pâturage,8,44.00,High Value,1320.0,Frankenversand
20,0.2,17,73,Germany,Laura Callahan,1997-03-27 00:00:00.000,Seafood,192.0,8,United Package,Röd Kaviar,München,FRANK,10488,Svensk Sjöföda AB,8,12.00,High Value,192.0,Frankenversand
15,0.25,5,11,Austria,Michael Suyama,1997-03-28 00:00:00.000,Dairy Products,189.0,4,United Package,Queso Cabrales,Salzburg,PICCO,10489,Cooperativa de Quesos 'Las Cabras',6,16.80,High Value,189.0,Piccolo und mehr
18,0,7,16,Austria,Michael Suyama,1997-03-28 00:00:00.000,Confections,250.20000000000002,3,United Package,Pavlova,Salzburg,PICCO,10489,Pavlova Ltd.,6,13.90,High Value,250.20000000000002,Piccolo und mehr
60,0,28,59,Venezuela,Robert King,1997-03-31 00:00:00.000,Dairy Products,2640.0,4,United Package,Raclette Courdavault,San Cristóbal,HILAA,10490,Gai pâturage,7,44.00,High Value,2640.0,HILARION-Abastos
30,0,8,68,Venezuela,Robert King,1997-03-31 00:00:00.000,Confections,300.0,3,United Package,Scottish Longbreads,San Cristóbal,HILAA,10490,Specialty Biscuits Ltd.,7,10.00,High Value,300.0,HILARION-Abastos
36,0,12,75,Venezuela,Robert King,1997-03-31 00:00:00.000,Beverages,223.20000000000002,1,United Package,Rhönbräu Klosterbier,San Cristóbal,HILAA,10490,Plutzer Lebensmittelgroßmärkte AG,7,6.20,High Value,223.20000000000002,HILARION-Abastos
15,0.15,20,44,Portugal,Laura Callahan,1997-03-31 00:00:00.000,Condiments,197.625,2,Federal Shipping,Gula Malacca,Lisboa,FURIB,10491,Leka Trading,8,15.50,Low Value,197.625,Furia Bacalhau e Frutos do Mar
7,0.15,12,77,Portugal,Laura Callahan,1997-03-31 00:00:00.000,Condiments,61.879999999999995,2,Federal Shipping,Original Frankfurter grüne Soße,Lisboa,FURIB,10491,Plutzer Lebensmittelgroßmärkte AG,8,10.40,Low Value,61.879999999999995,Furia Bacalhau e Frutos do Mar
60,0.05,11,25,Canada,Janet Leverling,1997-04-01 00:00:00.000,Confections,638.4,3,Speedy Express,NuNuCa Nuß-Nougat-Creme,Tsawassen,BOTTM,10492,Heli Süßwaren GmbH & Co. KG,3,11.20,High Value,638.4,Bottom-Dollar Markets
20,0.05,20,42,Canada,Janet Leverling,1997-04-01 00:00:00.000,Grains/Cereals,212.79999999999998,5,Speedy Express,Singaporean Hokkien Fried Mee,Tsawassen,BOTTM,10492,Leka Trading,3,11.20,High Value,212.79999999999998,Bottom-Dollar Markets
15,0.1,2,65,France,Margaret Peacock,1997-04-02 00:00:00.000,Condiments,226.8,2,Federal Shipping,Louisiana Fiery Hot Pepper Sauce,Toulouse,LAMAI,10493,New Orleans Cajun Delights,4,16.80,Medium Value,226.8,La maison d'Asie
10,0.1,2,66,France,Margaret Peacock,1997-04-02 00:00:00.000,Condiments,122.4,2,Federal Shipping,Louisiana Hot Spiced Okra,Toulouse,LAMAI,10493,New Orleans Cajun Delights,4,13.60,Medium Value,122.4,La maison d'Asie
10,0.1,15,69,France,Margaret Peacock,1997-04-02 00:00:00.000,Dairy Products,259.2,4,Federal Shipping,Gudbrandsdalsost,Toulouse,LAMAI,10493,Norske Meierier,4,28.80,Medium Value,259.2,La maison d'Asie
30,0,26,56,Brazil,Margaret Peacock,1997-04-02 00:00:00.000,Grains/Cereals,912.0,5,United Package,Gnocchi di nonna Alice,Sao Paulo,COMMI,10494,Pasta Buttini s.r.l.,4,30.40,Low Value,912.0,Comércio Mineiro
10,0,9,23,Canada,Janet Leverling,1997-04-03 00:00:00.000,Grains/Cereals,72.0,5,Federal Shipping,Tunnbröd,Vancouver,LAUGB,10495,PB Knäckebröd AB,3,7.20,Low Value,72.0,Laughing Bacchus Wine Cellars
20,0,19,41,Canada,Janet Leverling,1997-04-03 00:00:00.000,Seafood,154.0,8,Federal Shipping,Jack's New England Clam Chowder,Vancouver,LAUGB,10495,New England Seafood Cannery,3,7.70,Low Value,154.0,Laughing Bacchus Wine Cellars
5,0,12,77,Canada,Janet Leverling,1997-04-03 00:00:00.000,Condiments,52.0,2,Federal Shipping,Original Frankfurter grüne Soße,Vancouver,LAUGB,10495,Plutzer Lebensmittelgroßmärkte AG,3,10.40,Low Value,52.0,Laughing Bacchus Wine Cellars
20,0.05,14,31,Brazil,Robert King,1997-04-04 00:00:00.000,Dairy Products,190.0,4,United Package,Gorgonzola Telino,Sao Paulo,TRADH,10496,Formaggi Fortini s.r.l.,7,10.00,Low Value,190.0,Tradição Hipermercados
14,0,26,56,Germany,Robert King,1997-04-04 00:00:00.000,Grains/Cereals,425.59999999999997,5,Speedy Express,Gnocchi di nonna Alice,Frankfurt a.M.,LEHMS,10497,Pasta Buttini s.r.l.,7,30.40,High Value,425.59999999999997,Lehmanns Marktstand
25,0,14,72,Germany,Robert King,1997-04-04 00:00:00.000,Dairy Products,695.0,4,Speedy Express,Mozzarella di Giovanni,Frankfurt a.M.,LEHMS,10497,Formaggi Fortini s.r.l.,7,27.80,High Value,695.0,Lehmanns Marktstand
25,0,12,77,Germany,Robert King,1997-04-04 00:00:00.000,Condiments,260.0,2,Speedy Express,Original Frankfurter grüne Soße,Frankfurt a.M.,LEHMS,10497,Plutzer Lebensmittelgroßmärkte AG,7,10.40,High Value,260.0,Lehmanns Marktstand
14,0,10,24,Venezuela,Laura Callahan,1997-04-07 00:00:00.000,Beverages,63.0,1,United Package,Guaraná Fantástica,San Cristóbal,HILAA,10498,Refrescos Americanas LTDA,8,4.50,High Value,63.0,HILARION-Abastos
5,0,19,40,Venezuela,Laura Callahan,1997-04-07 00:00:00.000,Seafood,92.0,8,United Package,Boston Crab Meat,San Cristóbal,HILAA,10498,New England Seafood Cannery,8,18.40,High Value,92.0,HILARION-Abastos
30,0,20,42,Venezuela,Laura Callahan,1997-04-07 00:00:00.000,Grains/Cereals,420.0,5,United Package,Singaporean Hokkien Fried Mee,San Cristóbal,HILAA,10498,Leka Trading,8,14.00,High Value,420.0,HILARION-Abastos
20,0,12,28,Venezuela,Margaret Peacock,1997-04-08 00:00:00.000,Produce,912.0,7,United Package,Rössle Sauerkraut,Barquisimeto,LILAS,10499,Plutzer Lebensmittelgroßmärkte AG,4,45.60,Medium Value,912.0,LILA-Supermercado
25,0,23,49,Venezuela,Margaret Peacock,1997-04-08 00:00:00.000,Confections,500.0,3,United Package,Maxilaku,Barquisimeto,LILAS,10499,Karkki Oy,4,20.00,Medium Value,500.0,LILA-Supermercado
12,0.05,6,15,France,Michael Suyama,1997-04-09 00:00:00.000,Condiments,176.7,2,Speedy Express,Genen Shouyu,Toulouse,LAMAI,10500,Mayumi's,6,15.50,Medium Value,176.7,La maison d'Asie
8,0.05,12,28,France,Michael Suyama,1997-04-09 00:00:00.000,Produce,346.56,7,Speedy Express,Rössle Sauerkraut,Toulouse,LAMAI,10500,Plutzer Lebensmittelgroßmärkte AG,6,45.60,Medium Value,346.56,La maison d'Asie
20,0,25,54,Germany,Anne Dodsworth,1997-04-09 00:00:00.000,Meat/Poultry,149.0,6,Federal Shipping,Tourtière,Mannheim,BLAUS,10501,Ma Maison,9,7.45,Low Value,149.0,Blauer See Delikatessen
21,0,21,45,Mexico,Andrew Fuller,1997-04-10 00:00:00.000,Seafood,199.5,8,Speedy Express,Rogede sild,México D.F.,PERIC,10502,Lyngbysild,2,9.50,Low Value,199.5,Pericles Comidas clásicas
6,0,24,53,Mexico,Andrew Fuller,1997-04-10 00:00:00.000,Meat/Poultry,196.79999999999998,6,Speedy Express,Perth Pasties,México D.F.,PERIC,10502,G'day Mate,2,32.80,Low Value,196.79999999999998,Pericles Comidas clásicas
30,0,16,67,Mexico,Andrew Fuller,1997-04-10 00:00:00.000,Beverages,420.0,1,Speedy Express,Laughing Lumberjack Lager,México D.F.,PERIC,10502,Bigfoot Breweries,2,14.00,Low Value,420.0,Pericles Comidas clásicas
70,0,6,14,Ireland,Michael Suyama,1997-04-11 00:00:00.000,Produce,1627.5,7,United Package,Tofu,Cork,HUNGO,10503,Mayumi's,6,23.25,High Value,1627.5,Hungry Owl All-Night Grocers
20,0,2,65,Ireland,Michael Suyama,1997-04-11 00:00:00.000,Condiments,421.0,2,United Package,Louisiana Fiery Hot Pepper Sauce,Cork,HUNGO,10503,New Orleans Cajun Delights,6,21.05,High Value,421.0,Hungry Owl All-Night Grocers
12,0,1,2,USA,Margaret Peacock,1997-04-11 00:00:00.000,Beverages,228.0,1,Federal Shipping,Chang,Seattle,WHITC,10504,Exotic Liquids,4,19.00,High Value,228.0,White Clover Markets
12,0,8,21,USA,Margaret Peacock,1997-04-11 00:00:00.000,Confections,120.0,3,Federal Shipping,Sir Rodney's Scones,Seattle,WHITC,10504,Specialty Biscuits Ltd.,4,10.00,High Value,120.0,White Clover Markets
10,0,24,53,USA,Margaret Peacock,1997-04-11 00:00:00.000,Meat/Poultry,328.0,6,Federal Shipping,Perth Pasties,Seattle,WHITC,10504,G'day Mate,4,32.80,High Value,328.0,White Clover Markets
25,0,29,61,USA,Margaret Peacock,1997-04-11 00:00:00.000,Condiments,712.5,2,Federal Shipping,Sirop d'érable,Seattle,WHITC,10504,Forêts d'érables,4,28.50,High Value,712.5,White Clover Markets
3,0,29,62,Canada,Janet Leverling,1997-04-14 00:00:00.000,Confections,147.89999999999998,3,Federal Shipping,Tarte au sucre,Montréal,MEREP,10505,Forêts d'érables,3,49.30,High Value,147.89999999999998,Mère Paillarde
18,0.1,11,25,Germany,Anne Dodsworth,1997-04-15 00:00:00.000,Confections,226.8,3,United Package,NuNuCa Nuß-Nougat-Creme,Brandenburg,KOENE,10506,Heli Süßwaren GmbH & Co. KG,9,14.00,High Value,226.8,Königlich Essen
14,0.1,7,70,Germany,Anne Dodsworth,1997-04-15 00:00:00.000,Beverages,189.0,1,United Package,Outback Lager,Brandenburg,KOENE,10506,Pavlova Ltd.,9,15.00,High Value,189.0,Königlich Essen
15,0.15,20,43,Mexico,Robert King,1997-04-15 00:00:00.000,Beverages,586.5,1,Speedy Express,Ipoh Coffee,México D.F.,ANTON,10507,Leka Trading,7,46.00,Low Value,586.5,Antonio Moreno Taquería
15,0.15,22,48,Mexico,Robert King,1997-04-15 00:00:00.000,Confections,162.5625,3,Speedy Express,Chocolade,México D.F.,ANTON,10507,Zaanse Snoepfabriek,7,12.75,Low Value,162.5625,Antonio Moreno Taquería
10,0,6,13,Germany,Nancy Davolio,1997-04-16 00:00:00.000,Seafood,60.0,8,United Package,Konbu,Köln,OTTIK,10508,Mayumi's,1,6.00,Medium Value,60.0,Ottilies Käseladen
10,0,18,39,Germany,Nancy Davolio,1997-04-16 00:00:00.000,Beverages,180.0,1,United Package,Chartreuse verte,Köln,OTTIK,10508,Aux joyeux ecclésiastiques,1,18.00,Medium Value,180.0,Ottilies Käseladen
3,0,12,28,Germany,Margaret Peacock,1997-04-17 00:00:00.000,Produce,136.8,7,Speedy Express,Rössle Sauerkraut,Mannheim,BLAUS,10509,Plutzer Lebensmittelgroßmärkte AG,4,45.60,Low Value,136.8,Blauer See Delikatessen
36,0,12,29,USA,Michael Suyama,1997-04-18 00:00:00.000,Meat/Poultry,4456.4400000000005,6,Federal Shipping,Thüringer Rostbratwurst,Boise,SAVEA,10510,Plutzer Lebensmittelgroßmärkte AG,6,123.79,High Value,4456.4400000000005,Save-a-lot Markets
36,0.1,12,75,USA,Michael Suyama,1997-04-18 00:00:00.000,Beverages,251.1,1,Federal Shipping,Rhönbräu Klosterbier,Boise,SAVEA,10510,Plutzer Lebensmittelgroßmärkte AG,6,7.75,High Value,251.1,Save-a-lot Markets
50,0.15,2,4,France,Margaret Peacock,1997-04-18 00:00:00.000,Condiments,935.0,2,Federal Shipping,Chef Anton's Cajun Seasoning,Marseille,BONAP,10511,New Orleans Cajun Delights,4,22.00,High Value,935.0,Bon app'
50,0.15,3,7,France,Margaret Peacock,1997-04-18 00:00:00.000,Produce,1275.0,7,Federal Shipping,Uncle Bob's Organic Dried Pears,Marseille,BONAP,10511,Grandma Kelly's Homestead,4,30.00,High Value,1275.0,Bon app'
10,0.15,3,8,France,Margaret Peacock,1997-04-18 00:00:00.000,Condiments,340.0,2,Federal Shipping,Northwoods Cranberry Sauce,Marseille,BONAP,10511,Grandma Kelly's Homestead,4,40.00,High Value,340.0,Bon app'
10,0.15,10,24,Brazil,Robert King,1997-04-21 00:00:00.000,Beverages,38.25,1,United Package,Guaraná Fantástica,Sao Paulo,FAMIA,10512,Refrescos Americanas LTDA,7,4.50,Low Value,38.25,Familia Arquibaldo
9,0.15,21,46,Brazil,Robert King,1997-04-21 00:00:00.000,Seafood,91.8,8,United Package,Spegesild,Sao Paulo,FAMIA,10512,Lyngbysild,7,12.00,Low Value,91.8,Familia Arquibaldo
6,0.15,22,47,Brazil,Robert King,1997-04-21 00:00:00.000,Confections,48.449999999999996,3,United Package,Zaanse koeken,Sao Paulo,FAMIA,10512,Zaanse Snoepfabriek,7,9.50,Low Value,48.449999999999996,Familia Arquibaldo
12,0.15,28,60,Brazil,Robert King,1997-04-21 00:00:00.000,Dairy Products,346.8,4,United Package,Camembert Pierrot,Sao Paulo,FAMIA,10512,Gai pâturage,7,34.00,Low Value,346.8,Familia Arquibaldo
40,0.2,8,21,Germany,Robert King,1997-04-22 00:00:00.000,Confections,320.0,3,Speedy Express,Sir Rodney's Scones,Stuttgart,WANDK,10513,Specialty Biscuits Ltd.,7,10.00,Medium Value,320.0,Die Wandernde Kuh
50,0.2,14,32,Germany,Robert King,1997-04-22 00:00:00.000,Dairy Products,1280.0,4,Speedy Express,Mascarpone Fabioli,Stuttgart,WANDK,10513,Formaggi Fortini s.r.l.,7,32.00,Medium Value,1280.0,Die Wandernde Kuh
15,0.2,29,61,Germany,Robert King,1997-04-22 00:00:00.000,Condiments,342.0,2,Speedy Express,Sirop d'érable,Stuttgart,WANDK,10513,Forêts d'érables,7,28.50,Medium Value,342.0,Die Wandernde Kuh
39,0,8,20,Austria,Janet Leverling,1997-04-22 00:00:00.000,Confections,3159.0,3,United Package,Sir Rodney's Marmalade,Graz,ERNSH,10514,Specialty Biscuits Ltd.,3,81.00,High Value,3159.0,Ernst Handel
35,0,12,28,Austria,Janet Leverling,1997-04-22 00:00:00.000,Produce,1596.0,7,United Package,Rössle Sauerkraut,Graz,ERNSH,10514,Plutzer Lebensmittelgroßmärkte AG,3,45.60,High Value,1596.0,Ernst Handel
70,0,26,56,Austria,Janet Leverling,1997-04-22 00:00:00.000,Grains/Cereals,2660.0,5,United Package,Gnocchi di nonna Alice,Graz,ERNSH,10514,Pasta Buttini s.r.l.,3,38.00,High Value,2660.0,Ernst Handel
39,0,2,65,Austria,Janet Leverling,1997-04-22 00:00:00.000,Condiments,820.95,2,United Package,Louisiana Fiery Hot Pepper Sauce,Graz,ERNSH,10514,New Orleans Cajun Delights,3,21.05,High Value,820.95,Ernst Handel
50,0,12,75,Austria,Janet Leverling,1997-04-22 00:00:00.000,Beverages,387.5,1,United Package,Rhönbräu Klosterbier,Graz,ERNSH,10514,Plutzer Lebensmittelgroßmärkte AG,3,7.75,High Value,387.5,Ernst Handel
16,0.15,4,9,Germany,Andrew Fuller,1997-04-23 00:00:00.000,Meat/Poultry,1319.2,6,Speedy Express,Mishi Kobe Niku,Cunewalde,QUICK,10515,Tokyo Traders,2,97.00,High Value,1319.2,QUICK-Stop
50,0,7,16,Germany,Andrew Fuller,1997-04-23 00:00:00.000,Confections,872.5,3,Speedy Express,Pavlova,Cunewalde,QUICK,10515,Pavlova Ltd.,2,17.45,High Value,872.5,QUICK-Stop
120,0,11,27,Germany,Andrew Fuller,1997-04-23 00:00:00.000,Confections,5268.0,3,Speedy Express,Schoggi Schokolade,Cunewalde,QUICK,10515,Heli Süßwaren GmbH & Co. KG,2,43.90,High Value,5268.0,QUICK-Stop
16,0.15,15,33,Germany,Andrew Fuller,1997-04-23 00:00:00.000,Dairy Products,34.0,4,Speedy Express,Geitost,Cunewalde,QUICK,10515,Norske Meierier,2,2.50,High Value,34.0,QUICK-Stop
84,0.15,28,60,Germany,Andrew Fuller,1997-04-23 00:00:00.000,Dairy Products,2427.6,4,Speedy Express,Camembert Pierrot,Cunewalde,QUICK,10515,Gai pâturage,2,34.00,High Value,2427.6,QUICK-Stop
25,0.1,7,18,Ireland,Andrew Fuller,1997-04-24 00:00:00.000,Seafood,1406.25,8,Federal Shipping,Carnarvon Tigers,Cork,HUNGO,10516,Pavlova Ltd.,2,62.50,High Value,1406.25,Hungry Owl All-Night Grocers
80,0.1,19,41,Ireland,Andrew Fuller,1997-04-24 00:00:00.000,Seafood,694.8000000000001,8,Federal Shipping,Jack's New England Clam Chowder,Cork,HUNGO,10516,New England Seafood Cannery,2,9.65,High Value,694.8000000000001,Hungry Owl All-Night Grocers
20,0,20,42,Ireland,Andrew Fuller,1997-04-24 00:00:00.000,Grains/Cereals,280.0,5,Federal Shipping,Singaporean Hokkien Fried Mee,Cork,HUNGO,10516,Leka Trading,2,14.00,High Value,280.0,Hungry Owl All-Night Grocers
6,0,24,52,UK,Janet Leverling,1997-04-24 00:00:00.000,Grains/Cereals,42.0,5,Federal Shipping,Filo Mix,London,NORTS,10517,G'day Mate,3,7.00,Low Value,42.0,North/South
4,0,28,59,UK,Janet Leverling,1997-04-24 00:00:00.000,Dairy Products,220.0,4,Federal Shipping,Raclette Courdavault,London,NORTS,10517,Gai pâturage,3,55.00,Low Value,220.0,North/South
6,0,7,70,UK,Janet Leverling,1997-04-24 00:00:00.000,Beverages,90.0,1,Federal Shipping,Outback Lager,London,NORTS,10517,Pavlova Ltd.,3,15.00,Low Value,90.0,North/South
5,0,10,24,Mexico,Margaret Peacock,1997-04-25 00:00:00.000,Beverages,22.5,1,United Package,Guaraná Fantástica,México D.F.,TORTU,10518,Refrescos Americanas LTDA,4,4.50,Medium Value,22.5,Tortuga Restaurante
15,0,18,38,Mexico,Margaret Peacock,1997-04-25 00:00:00.000,Beverages,3952.5,1,United Package,Côte de Blaye,México D.F.,TORTU,10518,Aux joyeux ecclésiastiques,4,263.50,Medium Value,3952.5,Tortuga Restaurante
9,0,20,44,Mexico,Margaret Peacock,1997-04-25 00:00:00.000,Condiments,175.04999999999998,2,United Package,Gula Malacca,México D.F.,TORTU,10518,Leka Trading,4,19.45,Medium Value,175.04999999999998,Tortuga Restaurante
16,0.05,4,10,Switzerland,Michael Suyama,1997-04-28 00:00:00.000,Seafood,471.2,8,Federal Shipping,Ikura,Bern,CHOPS,10519,Tokyo Traders,6,31.00,Medium Value,471.2,Chop-suey Chinese
40,0,26,56,Switzerland,Michael Suyama,1997-04-28 00:00:00.000,Grains/Cereals,1520.0,5,Federal Shipping,Gnocchi di nonna Alice,Bern,CHOPS,10519,Pasta Buttini s.r.l.,6,38.00,Medium Value,1520.0,Chop-suey Chinese
10,0.05,28,60,Switzerland,Michael Suyama,1997-04-28 00:00:00.000,Dairy Products,323.0,4,Federal Shipping,Camembert Pierrot,Bern,CHOPS,10519,Gai pâturage,6,34.00,Medium Value,323.0,Chop-suey Chinese
8,0,10,24,Norway,Robert King,1997-04-29 00:00:00.000,Beverages,36.0,1,Speedy Express,Guaraná Fantástica,Stavern,SANTG,10520,Refrescos Americanas LTDA,7,4.50,Low Value,36.0,Santé Gourmet
5,0,24,53,Norway,Robert King,1997-04-29 00:00:00.000,Meat/Poultry,164.0,6,Speedy Express,Perth Pasties,Stavern,SANTG,10520,G'day Mate,7,32.80,Low Value,164.0,Santé Gourmet
3,0,16,35,Argentina,Laura Callahan,1997-04-29 00:00:00.000,Beverages,54.0,1,United Package,Steeleye Stout,Buenos Aires,CACTU,10521,Bigfoot Breweries,8,18.00,Low Value,54.0,Cactus Comidas para llevar
10,0,19,41,Argentina,Laura Callahan,1997-04-29 00:00:00.000,Seafood,96.5,8,United Package,Jack's New England Clam Chowder,Buenos Aires,CACTU,10521,New England Seafood Cannery,8,9.65,Low Value,96.5,Cactus Comidas para llevar
6,0,8,68,Argentina,Laura Callahan,1997-04-29 00:00:00.000,Confections,75.0,3,United Package,Scottish Longbreads,Buenos Aires,CACTU,10521,Specialty Biscuits Ltd.,8,12.50,Low Value,75.0,Cactus Comidas para llevar
40,0.2,1,1,Germany,Margaret Peacock,1997-04-30 00:00:00.000,Beverages,576.0,1,Speedy Express,Chai,Frankfurt a.M.,LEHMS,10522,Exotic Liquids,4,18.00,High Value,576.0,Lehmanns Marktstand
24,0,3,8,Germany,Margaret Peacock,1997-04-30 00:00:00.000,Condiments,960.0,2,Speedy Express,Northwoods Cranberry Sauce,Frankfurt a.M.,LEHMS,10522,Grandma Kelly's Homestead,4,40.00,High Value,960.0,Lehmanns Marktstand
20,0.2,13,30,Germany,Margaret Peacock,1997-04-30 00:00:00.000,Seafood,414.24,8,Speedy Express,Nord-Ost Matjeshering,Frankfurt a.M.,LEHMS,10522,Nord-Ost-Fisch Handelsgesellschaft mbH,4,25.89,High Value,414.24,Lehmanns Marktstand
25,0.2,19,40,Germany,Margaret Peacock,1997-04-30 00:00:00.000,Seafood,368.0,8,Speedy Express,Boston Crab Meat,Frankfurt a.M.,LEHMS,10522,New England Seafood Cannery,4,18.40,High Value,368.0,Lehmanns Marktstand
25,0.1,7,17,UK,Robert King,1997-05-01 00:00:00.000,Meat/Poultry,877.5,6,United Package,Alice Mutton,London,SEVES,10523,Pavlova Ltd.,7,39.00,Medium Value,877.5,Seven Seas Imports
15,0.1,8,20,UK,Robert King,1997-05-01 00:00:00.000,Confections,1093.5,3,United Package,Sir Rodney's Marmalade,London,SEVES,10523,Specialty Biscuits Ltd.,7,81.00,Medium Value,1093.5,Seven Seas Imports
18,0.1,17,37,UK,Robert King,1997-05-01 00:00:00.000,Seafood,421.2,8,United Package,Gravad lax,London,SEVES,10523,Svensk Sjöföda AB,7,26.00,Medium Value,421.2,Seven Seas Imports
6,0.1,19,41,UK,Robert King,1997-05-01 00:00:00.000,Seafood,52.11000000000001,8,United Package,Jack's New England Clam Chowder,London,SEVES,10523,New England Seafood Cannery,7,9.65,Medium Value,52.11000000000001,Seven Seas Imports
2,0,4,10,Sweden,Nancy Davolio,1997-05-01 00:00:00.000,Seafood,62.0,8,United Package,Ikura,Luleå,BERGS,10524,Tokyo Traders,1,31.00,High Value,62.0,Berglunds snabbköp
10,0,13,30,Sweden,Nancy Davolio,1997-05-01 00:00:00.000,Seafood,258.9,8,United Package,Nord-Ost Matjeshering,Luleå,BERGS,10524,Nord-Ost-Fisch Handelsgesellschaft mbH,1,25.89,High Value,258.9,Berglunds snabbköp
60,0,20,43,Sweden,Nancy Davolio,1997-05-01 00:00:00.000,Beverages,2760.0,1,United Package,Ipoh Coffee,Luleå,BERGS,10524,Leka Trading,1,46.00,High Value,2760.0,Berglunds snabbköp
15,0,25,54,Sweden,Nancy Davolio,1997-05-01 00:00:00.000,Meat/Poultry,111.75,6,United Package,Tourtière,Luleå,BERGS,10524,Ma Maison,1,7.45,High Value,111.75,Berglunds snabbköp
30,0,17,36,France,Nancy Davolio,1997-05-02 00:00:00.000,Seafood,570.0,8,United Package,Inlagd Sill,Marseille,BONAP,10525,Svensk Sjöföda AB,1,19.00,High Value,570.0,Bon app'
15,0.1,19,40,France,Nancy Davolio,1997-05-02 00:00:00.000,Seafood,248.4,8,United Package,Boston Crab Meat,Marseille,BONAP,10525,New England Seafood Cannery,1,18.40,High Value,248.4,Bon app'
8,0.15,1,1,Finland,Margaret Peacock,1997-05-05 00:00:00.000,Beverages,122.39999999999999,1,United Package,Chai,Oulu,WARTH,10526,Exotic Liquids,4,18.00,Medium Value,122.39999999999999,Wartian Herkku
10,0,6,13,Finland,Margaret Peacock,1997-05-05 00:00:00.000,Seafood,60.0,8,United Package,Konbu,Oulu,WARTH,10526,Mayumi's,4,6.00,Medium Value,60.0,Wartian Herkku
30,0.15,26,56,Finland,Margaret Peacock,1997-05-05 00:00:00.000,Grains/Cereals,969.0,5,United Package,Gnocchi di nonna Alice,Oulu,WARTH,10526,Pasta Buttini s.r.l.,4,38.00,Medium Value,969.0,Wartian Herkku
50,0.1,2,4,Germany,Robert King,1997-05-05 00:00:00.000,Condiments,990.0,2,Speedy Express,Chef Anton's Cajun Seasoning,Cunewalde,QUICK,10527,New Orleans Cajun Delights,7,22.00,High Value,990.0,QUICK-Stop
30,0.1,17,36,Germany,Robert King,1997-05-05 00:00:00.000,Seafood,513.0,8,Speedy Express,Inlagd Sill,Cunewalde,QUICK,10527,Svensk Sjöföda AB,7,19.00,High Value,513.0,QUICK-Stop
3,0,5,11,USA,Michael Suyama,1997-05-06 00:00:00.000,Dairy Products,63.0,4,United Package,Queso Cabrales,Eugene,GREAL,10528,Cooperativa de Quesos 'Las Cabras',6,21.00,High Value,63.0,Great Lakes Food Market
8,0.2,15,33,USA,Michael Suyama,1997-05-06 00:00:00.000,Dairy Products,16.0,4,United Package,Geitost,Eugene,GREAL,10528,Norske Meierier,6,2.50,High Value,16.0,Great Lakes Food Market
9,0,14,72,USA,Michael Suyama,1997-05-06 00:00:00.000,Dairy Products,313.2,4,United Package,Mozzarella di Giovanni,Eugene,GREAL,10528,Formaggi Fortini s.r.l.,6,34.80,High Value,313.2,Great Lakes Food Market
14,0,25,55,Belgium,Steven Buchanan,1997-05-07 00:00:00.000,Meat/Poultry,336.0,6,United Package,Pâté chinois,Bruxelles,MAISD,10529,Ma Maison,5,24.00,Medium Value,336.0,Maison Dewey
20,0,8,68,Belgium,Steven Buchanan,1997-05-07 00:00:00.000,Confections,250.0,3,United Package,Scottish Longbreads,Bruxelles,MAISD,10529,Specialty Biscuits Ltd.,5,12.50,Medium Value,250.0,Maison Dewey
10,0,15,69,Belgium,Steven Buchanan,1997-05-07 00:00:00.000,Dairy Products,360.0,4,United Package,Gudbrandsdalsost,Bruxelles,MAISD,10529,Norske Meierier,5,36.00,Medium Value,360.0,Maison Dewey
40,0,7,17,Austria,Janet Leverling,1997-05-08 00:00:00.000,Meat/Poultry,1560.0,6,United Package,Alice Mutton,Salzburg,PICCO,10530,Pavlova Ltd.,3,39.00,High Value,1560.0,Piccolo und mehr
25,0,20,43,Austria,Janet Leverling,1997-05-08 00:00:00.000,Beverages,1150.0,1,United Package,Ipoh Coffee,Salzburg,PICCO,10530,Leka Trading,3,46.00,High Value,1150.0,Piccolo und mehr
20,0,29,61,Austria,Janet Leverling,1997-05-08 00:00:00.000,Condiments,570.0,2,United Package,Sirop d'érable,Salzburg,PICCO,10530,Forêts d'érables,3,28.50,High Value,570.0,Piccolo und mehr
50,0,23,76,Austria,Janet Leverling,1997-05-08 00:00:00.000,Beverages,900.0,1,United Package,Lakkalikööri,Salzburg,PICCO,10530,Karkki Oy,3,18.00,High Value,900.0,Piccolo und mehr
2,0,28,59,Argentina,Robert King,1997-05-08 00:00:00.000,Dairy Products,110.0,4,Speedy Express,Raclette Courdavault,Buenos Aires,OCEAN,10531,Gai pâturage,7,55.00,Low Value,110.0,Océano Atlántico Ltda.
15,0,13,30,UK,Robert King,1997-05-09 00:00:00.000,Seafood,388.35,8,Federal Shipping,Nord-Ost Matjeshering,London,EASTC,10532,Nord-Ost-Fisch Handelsgesellschaft mbH,7,25.89,Medium Value,388.35,Eastern Connection
24,0,2,66,UK,Robert King,1997-05-09 00:00:00.000,Condiments,408.0,2,Federal Shipping,Louisiana Hot Spiced Okra,London,EASTC,10532,New Orleans Cajun Delights,7,17.00,Medium Value,408.0,Eastern Connection
50,0.05,2,4,Sweden,Laura Callahan,1997-05-12 00:00:00.000,Condiments,1045.0,2,Speedy Express,Chef Anton's Cajun Seasoning,Bräcke,FOLKO,10533,New Orleans Cajun Delights,8,22.00,High Value,1045.0,Folk och fä HB
24,0,14,72,Sweden,Laura Callahan,1997-05-12 00:00:00.000,Dairy Products,835.1999999999999,4,Speedy Express,Mozzarella di Giovanni,Bräcke,FOLKO,10533,Formaggi Fortini s.r.l.,8,34.80,High Value,835.1999999999999,Folk och fä HB
24,0.05,17,73,Sweden,Laura Callahan,1997-05-12 00:00:00.000,Seafood,342.0,8,Speedy Express,Röd Kaviar,Bräcke,FOLKO,10533,Svensk Sjöföda AB,8,15.00,High Value,342.0,Folk och fä HB
10,0,13,30,Germany,Laura Callahan,1997-05-12 00:00:00.000,Seafood,258.9,8,United Package,Nord-Ost Matjeshering,Frankfurt a.M.,LEHMS,10534,Nord-Ost-Fisch Handelsgesellschaft mbH,8,25.89,High Value,258.9,Lehmanns Marktstand
10,0.2,19,40,Germany,Laura Callahan,1997-05-12 00:00:00.000,Seafood,147.20000000000002,8,United Package,Boston Crab Meat,Frankfurt a.M.,LEHMS,10534,New England Seafood Cannery,8,18.40,High Value,147.20000000000002,Lehmanns Marktstand
10,0.2,25,54,Germany,Laura Callahan,1997-05-12 00:00:00.000,Meat/Poultry,59.6,6,United Package,Tourtière,Frankfurt a.M.,LEHMS,10534,Ma Maison,8,7.45,High Value,59.6,Lehmanns Marktstand
50,0.1,5,11,Mexico,Margaret Peacock,1997-05-13 00:00:00.000,Dairy Products,945.0,4,Speedy Express,Queso Cabrales,México D.F.,ANTON,10535,Cooperativa de Quesos 'Las Cabras',4,21.00,Low Value,945.0,Antonio Moreno Taquería
10,0.1,19,40,Mexico,Margaret Peacock,1997-05-13 00:00:00.000,Seafood,165.6,8,Speedy Express,Boston Crab Meat,México D.F.,ANTON,10535,New England Seafood Cannery,4,18.40,Low Value,165.6,Antonio Moreno Taquería
5,0.1,26,57,Mexico,Margaret Peacock,1997-05-13 00:00:00.000,Grains/Cereals,87.75,5,Speedy Express,Ravioli Angelo,México D.F.,ANTON,10535,Pasta Buttini s.r.l.,4,19.50,Low Value,87.75,Antonio Moreno Taquería
15,0.1,28,59,Mexico,Margaret Peacock,1997-05-13 00:00:00.000,Dairy Products,742.5,4,Speedy Express,Raclette Courdavault,México D.F.,ANTON,10535,Gai pâturage,4,55.00,Low Value,742.5,Antonio Moreno Taquería
15,0.25,5,12,Germany,Janet Leverling,1997-05-14 00:00:00.000,Dairy Products,427.5,4,United Package,Queso Manchego La Pastora,Frankfurt a.M.,LEHMS,10536,Cooperativa de Quesos 'Las Cabras',3,38.00,High Value,427.5,Lehmanns Marktstand
20,0,14,31,Germany,Janet Leverling,1997-05-14 00:00:00.000,Dairy Products,250.0,4,United Package,Gorgonzola Telino,Frankfurt a.M.,LEHMS,10536,Formaggi Fortini s.r.l.,3,12.50,High Value,250.0,Lehmanns Marktstand
30,0,15,33,Germany,Janet Leverling,1997-05-14 00:00:00.000,Dairy Products,75.0,4,United Package,Geitost,Frankfurt a.M.,LEHMS,10536,Norske Meierier,3,2.50,High Value,75.0,Lehmanns Marktstand
35,0.25,28,60,Germany,Janet Leverling,1997-05-14 00:00:00.000,Dairy Products,892.5,4,United Package,Camembert Pierrot,Frankfurt a.M.,LEHMS,10536,Gai pâturage,3,34.00,High Value,892.5,Lehmanns Marktstand
30,0,14,31,Switzerland,Nancy Davolio,1997-05-14 00:00:00.000,Dairy Products,375.0,4,Speedy Express,Gorgonzola Telino,Genève,RICSU,10537,Formaggi Fortini s.r.l.,1,12.50,High Value,375.0,Richter Supermarkt
6,0,24,51,Switzerland,Nancy Davolio,1997-05-14 00:00:00.000,Produce,318.0,7,Speedy Express,Manjimup Dried Apples,Genève,RICSU,10537,G'day Mate,1,53.00,High Value,318.0,Richter Supermarkt
20,0,27,58,Switzerland,Nancy Davolio,1997-05-14 00:00:00.000,Seafood,265.0,8,Speedy Express,Escargots de Bourgogne,Genève,RICSU,10537,Escargots Nouveaux,1,13.25,High Value,265.0,Richter Supermarkt
21,0,14,72,Switzerland,Nancy Davolio,1997-05-14 00:00:00.000,Dairy Products,730.8,4,Speedy Express,Mozzarella di Giovanni,Genève,RICSU,10537,Formaggi Fortini s.r.l.,1,34.80,High Value,730.8,Richter Supermarkt
9,0,17,73,Switzerland,Nancy Davolio,1997-05-14 00:00:00.000,Seafood,135.0,8,Speedy Express,Röd Kaviar,Genève,RICSU,10537,Svensk Sjöföda AB,1,15.00,High Value,135.0,Richter Supermarkt
7,0,7,70,UK,Anne Dodsworth,1997-05-15 00:00:00.000,Beverages,105.0,1,Federal Shipping,Outback Lager,London,BSBEV,10538,Pavlova Ltd.,9,15.00,Low Value,105.0,B's Beverages
1,0,14,72,UK,Anne Dodsworth,1997-05-15 00:00:00.000,Dairy Products,34.8,4,Federal Shipping,Mozzarella di Giovanni,London,BSBEV,10538,Formaggi Fortini s.r.l.,9,34.80,Low Value,34.8,B's Beverages
8,0,6,13,UK,Michael Suyama,1997-05-16 00:00:00.000,Seafood,48.0,8,Federal Shipping,Konbu,London,BSBEV,10539,Mayumi's,6,6.00,Low Value,48.0,B's Beverages
15,0,8,21,UK,Michael Suyama,1997-05-16 00:00:00.000,Confections,150.0,3,Federal Shipping,Sir Rodney's Scones,London,BSBEV,10539,Specialty Biscuits Ltd.,6,10.00,Low Value,150.0,B's Beverages
15,0,15,33,UK,Michael Suyama,1997-05-16 00:00:00.000,Dairy Products,37.5,4,Federal Shipping,Geitost,London,BSBEV,10539,Norske Meierier,6,2.50,Low Value,37.5,B's Beverages
6,0,23,49,UK,Michael Suyama,1997-05-16 00:00:00.000,Confections,120.0,3,Federal Shipping,Maxilaku,London,BSBEV,10539,Karkki Oy,6,20.00,Low Value,120.0,B's Beverages
60,0,1,3,Germany,Janet Leverling,1997-05-19 00:00:00.000,Condiments,600.0,2,Federal Shipping,Aniseed Syrup,Cunewalde,QUICK,10540,Exotic Liquids,3,10.00,High Value,600.0,QUICK-Stop
40,0,11,26,Germany,Janet Leverling,1997-05-19 00:00:00.000,Confections,1249.2,3,Federal Shipping,Gumbär Gummibärchen,Cunewalde,QUICK,10540,Heli Süßwaren GmbH & Co. KG,3,31.23,High Value,1249.2,QUICK-Stop
30,0,18,38,Germany,Janet Leverling,1997-05-19 00:00:00.000,Beverages,7905.0,1,Federal Shipping,Côte de Blaye,Cunewalde,QUICK,10540,Aux joyeux ecclésiastiques,3,263.50,High Value,7905.0,QUICK-Stop
35,0,8,68,Germany,Janet Leverling,1997-05-19 00:00:00.000,Confections,437.5,3,Federal Shipping,Scottish Longbreads,Cunewalde,QUICK,10540,Specialty Biscuits Ltd.,3,12.50,High Value,437.5,QUICK-Stop
35,0.1,10,24,Brazil,Andrew Fuller,1997-05-19 00:00:00.000,Beverages,141.75,1,Speedy Express,Guaraná Fantástica,Rio de Janeiro,HANAR,10541,Refrescos Americanas LTDA,2,4.50,High Value,141.75,Hanari Carnes
4,0.1,18,38,Brazil,Andrew Fuller,1997-05-19 00:00:00.000,Beverages,948.6,1,Speedy Express,Côte de Blaye,Rio de Janeiro,HANAR,10541,Aux joyeux ecclésiastiques,2,263.50,High Value,948.6,Hanari Carnes
36,0.1,2,65,Brazil,Andrew Fuller,1997-05-19 00:00:00.000,Condiments,682.0200000000001,2,Speedy Express,Louisiana Fiery Hot Pepper Sauce,Rio de Janeiro,HANAR,10541,New Orleans Cajun Delights,2,21.05,High Value,682.0200000000001,Hanari Carnes
9,0.1,15,71,Brazil,Andrew Fuller,1997-05-19 00:00:00.000,Dairy Products,174.15,4,Speedy Express,Flotemysost,Rio de Janeiro,HANAR,10541,Norske Meierier,2,21.50,High Value,174.15,Hanari Carnes
15,0.05,5,11,Germany,Nancy Davolio,1997-05-20 00:00:00.000,Dairy Products,299.25,4,Federal Shipping,Queso Cabrales,Brandenburg,KOENE,10542,Cooperativa de Quesos 'Las Cabras',1,21.00,High Value,299.25,Königlich Essen
24,0.05,25,54,Germany,Nancy Davolio,1997-05-20 00:00:00.000,Meat/Poultry,169.86,6,Federal Shipping,Tourtière,Brandenburg,KOENE,10542,Ma Maison,1,7.45,High Value,169.86,Königlich Essen
30,0.15,5,12,Venezuela,Laura Callahan,1997-05-21 00:00:00.000,Dairy Products,969.0,4,United Package,Queso Manchego La Pastora,Barquisimeto,LILAS,10543,Cooperativa de Quesos 'Las Cabras',8,38.00,Medium Value,969.0,LILA-Supermercado
70,0.15,9,23,Venezuela,Laura Callahan,1997-05-21 00:00:00.000,Grains/Cereals,535.5,5,United Package,Tunnbröd,Barquisimeto,LILAS,10543,PB Knäckebröd AB,8,9.00,Medium Value,535.5,LILA-Supermercado
7,0,12,28,USA,Margaret Peacock,1997-05-21 00:00:00.000,Produce,319.2,7,Speedy Express,Rössle Sauerkraut,Portland,LONEP,10544,Plutzer Lebensmittelgroßmärkte AG,4,45.60,Low Value,319.2,Lonesome Pine Restaurant
7,0,16,67,USA,Margaret Peacock,1997-05-21 00:00:00.000,Beverages,98.0,1,Speedy Express,Laughing Lumberjack Lager,Portland,LONEP,10544,Bigfoot Breweries,4,14.00,Low Value,98.0,Lonesome Pine Restaurant
10,0,5,11,USA,Laura Callahan,1997-05-22 00:00:00.000,Dairy Products,210.0,4,United Package,Queso Cabrales,Walla Walla,LAZYK,10545,Cooperativa de Quesos 'Las Cabras',8,21.00,Low Value,210.0,Lazy K Kountry Store
10,0,3,7,France,Nancy Davolio,1997-05-23 00:00:00.000,Produce,300.0,7,Federal Shipping,Uncle Bob's Organic Dried Pears,Lyon,VICTE,10546,Grandma Kelly's Homestead,1,30.00,Medium Value,300.0,Victuailles en stock
30,0,16,35,France,Nancy Davolio,1997-05-23 00:00:00.000,Beverages,540.0,1,Federal Shipping,Steeleye Stout,Lyon,VICTE,10546,Bigfoot Breweries,1,18.00,Medium Value,540.0,Victuailles en stock
40,0,29,62,France,Nancy Davolio,1997-05-23 00:00:00.000,Confections,1972.0,3,Federal Shipping,Tarte au sucre,Lyon,VICTE,10546,Forêts d'érables,1,49.30,Medium Value,1972.0,Victuailles en stock
24,0.15,14,32,UK,Janet Leverling,1997-05-23 00:00:00.000,Dairy Products,652.8,4,United Package,Mascarpone Fabioli,London,SEVES,10547,Formaggi Fortini s.r.l.,3,32.00,Medium Value,652.8,Seven Seas Imports
60,0,17,36,UK,Janet Leverling,1997-05-23 00:00:00.000,Seafood,1140.0,8,United Package,Inlagd Sill,London,SEVES,10547,Svensk Sjöföda AB,3,19.00,Medium Value,1140.0,Seven Seas Imports
10,0.25,16,34,Germany,Janet Leverling,1997-05-26 00:00:00.000,Beverages,105.0,1,United Package,Sasquatch Ale,Münster,TOMSP,10548,Bigfoot Breweries,3,14.00,Low Value,105.0,Toms Spezialitäten
14,0,19,41,Germany,Janet Leverling,1997-05-26 00:00:00.000,Seafood,135.1,8,United Package,Jack's New England Clam Chowder,Münster,TOMSP,10548,New England Seafood Cannery,3,9.65,Low Value,135.1,Toms Spezialitäten
55,0.15,14,31,Germany,Steven Buchanan,1997-05-27 00:00:00.000,Dairy Products,584.375,4,Speedy Express,Gorgonzola Telino,Cunewalde,QUICK,10549,Formaggi Fortini s.r.l.,5,12.50,High Value,584.375,QUICK-Stop
100,0.15,21,45,Germany,Steven Buchanan,1997-05-27 00:00:00.000,Seafood,807.5,8,Speedy Express,Rogede sild,Cunewalde,QUICK,10549,Lyngbysild,5,9.50,High Value,807.5,QUICK-Stop
48,0.15,24,51,Germany,Steven Buchanan,1997-05-27 00:00:00.000,Produce,2162.4,7,Speedy Express,Manjimup Dried Apples,Cunewalde,QUICK,10549,G'day Mate,5,53.00,High Value,2162.4,QUICK-Stop
8,0.1,7,17,Spain,Robert King,1997-05-28 00:00:00.000,Meat/Poultry,280.8,6,Federal Shipping,Alice Mutton,Sevilla,GODOS,10550,Pavlova Ltd.,7,39.00,Medium Value,280.8,Godos Cocina Típica
10,0,8,19,Spain,Robert King,1997-05-28 00:00:00.000,Confections,92.0,3,Federal Shipping,Teatime Chocolate Biscuits,Sevilla,GODOS,10550,Specialty Biscuits Ltd.,7,9.20,Medium Value,92.0,Godos Cocina Típica
6,0.1,8,21,Spain,Robert King,1997-05-28 00:00:00.000,Confections,54.0,3,Federal Shipping,Sir Rodney's Scones,Sevilla,GODOS,10550,Specialty Biscuits Ltd.,7,10.00,Medium Value,54.0,Godos Cocina Típica
10,0.1,29,61,Spain,Robert King,1997-05-28 00:00:00.000,Condiments,256.5,2,Federal Shipping,Sirop d'érable,Sevilla,GODOS,10550,Forêts d'érables,7,28.50,Medium Value,256.5,Godos Cocina Típica
40,0.15,7,16,Portugal,Margaret Peacock,1997-05-28 00:00:00.000,Confections,593.3,3,Federal Shipping,Pavlova,Lisboa,FURIB,10551,Pavlova Ltd.,4,17.45,Low Value,593.3,Furia Bacalhau e Frutos do Mar
20,0.15,16,35,Portugal,Margaret Peacock,1997-05-28 00:00:00.000,Beverages,306.0,1,Federal Shipping,Steeleye Stout,Lisboa,FURIB,10551,Bigfoot Breweries,4,18.00,Low Value,306.0,Furia Bacalhau e Frutos do Mar
40,0,20,44,Portugal,Margaret Peacock,1997-05-28 00:00:00.000,Condiments,778.0,2,Federal Shipping,Gula Malacca,Lisboa,FURIB,10551,Leka Trading,4,19.45,Low Value,778.0,Furia Bacalhau e Frutos do Mar
18,0,15,69,Venezuela,Andrew Fuller,1997-05-29 00:00:00.000,Dairy Products,648.0,4,Speedy Express,Gudbrandsdalsost,San Cristóbal,HILAA,10552,Norske Meierier,2,36.00,High Value,648.0,HILARION-Abastos
30,0,12,75,Venezuela,Andrew Fuller,1997-05-29 00:00:00.000,Beverages,232.5,1,Speedy Express,Rhönbräu Klosterbier,San Cristóbal,HILAA,10552,Plutzer Lebensmittelgroßmärkte AG,2,7.75,High Value,232.5,HILARION-Abastos
15,0,5,11,Finland,Andrew Fuller,1997-05-30 00:00:00.000,Dairy Products,315.0,4,United Package,Queso Cabrales,Oulu,WARTH,10553,Cooperativa de Quesos 'Las Cabras',2,21.00,Medium Value,315.0,Wartian Herkku
14,0,7,16,Finland,Andrew Fuller,1997-05-30 00:00:00.000,Confections,244.29999999999998,3,United Package,Pavlova,Oulu,WARTH,10553,Pavlova Ltd.,2,17.45,Medium Value,244.29999999999998,Wartian Herkku
24,0,9,22,Finland,Andrew Fuller,1997-05-30 00:00:00.000,Grains/Cereals,504.0,5,United Package,Gustaf's Knäckebröd,Oulu,WARTH,10553,PB Knäckebröd AB,2,21.00,Medium Value,504.0,Wartian Herkku
30,0,14,31,Finland,Andrew Fuller,1997-05-30 00:00:00.000,Dairy Products,375.0,4,United Package,Gorgonzola Telino,Oulu,WARTH,10553,Formaggi Fortini s.r.l.,2,12.50,Medium Value,375.0,Wartian Herkku
6,0,16,35,Finland,Andrew Fuller,1997-05-30 00:00:00.000,Beverages,108.0,1,United Package,Steeleye Stout,Oulu,WARTH,10553,Bigfoot Breweries,2,18.00,Medium Value,108.0,Wartian Herkku
30,0.05,7,16,Germany,Margaret Peacock,1997-05-30 00:00:00.000,Confections,497.325,3,Federal Shipping,Pavlova,Köln,OTTIK,10554,Pavlova Ltd.,4,17.45,Medium Value,497.325,Ottilies Käseladen
20,0.05,9,23,Germany,Margaret Peacock,1997-05-30 00:00:00.000,Grains/Cereals,171.0,5,Federal Shipping,Tunnbröd,Köln,OTTIK,10554,PB Knäckebröd AB,4,9.00,Medium Value,171.0,Ottilies Käseladen
20,0.05,29,62,Germany,Margaret Peacock,1997-05-30 00:00:00.000,Confections,936.6999999999999,3,Federal Shipping,Tarte au sucre,Köln,OTTIK,10554,Forêts d'érables,4,49.30,Medium Value,936.6999999999999,Ottilies Käseladen
10,0.05,12,77,Germany,Margaret Peacock,1997-05-30 00:00:00.000,Condiments,123.5,2,Federal Shipping,Original Frankfurter grüne Soße,Köln,OTTIK,10554,Plutzer Lebensmittelgroßmärkte AG,4,13.00,Medium Value,123.5,Ottilies Käseladen
30,0.2,6,14,USA,Michael Suyama,1997-06-02 00:00:00.000,Produce,558.0,7,Federal Shipping,Tofu,Boise,SAVEA,10555,Mayumi's,6,23.25,High Value,558.0,Save-a-lot Markets
35,0.2,8,19,USA,Michael Suyama,1997-06-02 00:00:00.000,Confections,257.6,3,Federal Shipping,Teatime Chocolate Biscuits,Boise,SAVEA,10555,Specialty Biscuits Ltd.,6,9.20,High Value,257.6,Save-a-lot Markets
18,0.2,10,24,USA,Michael Suyama,1997-06-02 00:00:00.000,Beverages,64.8,1,Federal Shipping,Guaraná Fantástica,Boise,SAVEA,10555,Refrescos Americanas LTDA,6,4.50,High Value,64.8,Save-a-lot Markets
20,0.2,24,51,USA,Michael Suyama,1997-06-02 00:00:00.000,Produce,848.0,7,Federal Shipping,Manjimup Dried Apples,Boise,SAVEA,10555,G'day Mate,6,53.00,High Value,848.0,Save-a-lot Markets
40,0.2,26,56,USA,Michael Suyama,1997-06-02 00:00:00.000,Grains/Cereals,1216.0,5,Federal Shipping,Gnocchi di nonna Alice,Boise,SAVEA,10555,Pasta Buttini s.r.l.,6,38.00,High Value,1216.0,Save-a-lot Markets
24,0,14,72,Denmark,Andrew Fuller,1997-06-03 00:00:00.000,Dairy Products,835.1999999999999,4,Speedy Express,Mozzarella di Giovanni,Kobenhavn,SIMOB,10556,Formaggi Fortini s.r.l.,2,34.80,High Value,835.1999999999999,Simons bistro
30,0,12,64,Germany,Anne Dodsworth,1997-06-03 00:00:00.000,Grains/Cereals,997.5,5,United Package,Wimmers gute Semmelknödel,Frankfurt a.M.,LEHMS,10557,Plutzer Lebensmittelgroßmärkte AG,9,33.25,High Value,997.5,Lehmanns Marktstand
20,0,12,75,Germany,Anne Dodsworth,1997-06-03 00:00:00.000,Beverages,155.0,1,United Package,Rhönbräu Klosterbier,Frankfurt a.M.,LEHMS,10557,Plutzer Lebensmittelgroßmärkte AG,9,7.75,High Value,155.0,Lehmanns Marktstand
25,0,22,47,UK,Nancy Davolio,1997-06-04 00:00:00.000,Confections,237.5,3,United Package,Zaanse koeken,Colchester,AROUT,10558,Zaanse Snoepfabriek,1,9.50,Medium Value,237.5,Around the Horn
20,0,24,51,UK,Nancy Davolio,1997-06-04 00:00:00.000,Produce,1060.0,7,United Package,Manjimup Dried Apples,Colchester,AROUT,10558,G'day Mate,1,53.00,Medium Value,1060.0,Around the Horn
30,0,24,52,UK,Nancy Davolio,1997-06-04 00:00:00.000,Grains/Cereals,210.0,5,United Package,Filo Mix,Colchester,AROUT,10558,G'day Mate,1,7.00,Medium Value,210.0,Around the Horn
18,0,24,53,UK,Nancy Davolio,1997-06-04 00:00:00.000,Meat/Poultry,590.4,6,United Package,Perth Pasties,Colchester,AROUT,10558,G'day Mate,1,32.80,Medium Value,590.4,Around the Horn
3,0,17,73,UK,Nancy Davolio,1997-06-04 00:00:00.000,Seafood,45.0,8,United Package,Röd Kaviar,Colchester,AROUT,10558,Svensk Sjöföda AB,1,15.00,Medium Value,45.0,Around the Horn
12,0.05,19,41,France,Michael Suyama,1997-06-05 00:00:00.000,Seafood,110.01,8,Speedy Express,Jack's New England Clam Chowder,Strasbourg,BLONP,10559,New England Seafood Cannery,6,9.65,High Value,110.01,Blondesddsl père et fils
18,0.05,25,55,France,Michael Suyama,1997-06-05 00:00:00.000,Meat/Poultry,410.4,6,Speedy Express,Pâté chinois,Strasbourg,BLONP,10559,Ma Maison,6,24.00,High Value,410.4,Blondesddsl père et fils
20,0,13,30,Germany,Laura Callahan,1997-06-06 00:00:00.000,Seafood,517.8,8,Speedy Express,Nord-Ost Matjeshering,München,FRANK,10560,Nord-Ost-Fisch Handelsgesellschaft mbH,8,25.89,High Value,517.8,Frankenversand
15,0.25,29,62,Germany,Laura Callahan,1997-06-06 00:00:00.000,Confections,554.625,3,Speedy Express,Tarte au sucre,München,FRANK,10560,Forêts d'érables,8,49.30,High Value,554.625,Frankenversand
10,0,20,44,Sweden,Andrew Fuller,1997-06-06 00:00:00.000,Condiments,194.5,2,United Package,Gula Malacca,Bräcke,FOLKO,10561,Leka Trading,2,19.45,High Value,194.5,Folk och fä HB
50,0,24,51,Sweden,Andrew Fuller,1997-06-06 00:00:00.000,Produce,2650.0,7,United Package,Manjimup Dried Apples,Bräcke,FOLKO,10561,G'day Mate,2,53.00,High Value,2650.0,Folk och fä HB
20,0.1,15,33,Italy,Nancy Davolio,1997-06-09 00:00:00.000,Dairy Products,45.0,4,Speedy Express,Geitost,Reggio Emilia,REGGC,10562,Norske Meierier,1,2.50,Medium Value,45.0,Reggiani Caseifici
10,0.1,29,62,Italy,Nancy Davolio,1997-06-09 00:00:00.000,Confections,443.7,3,Speedy Express,Tarte au sucre,Reggio Emilia,REGGC,10562,Forêts d'érables,1,49.30,Medium Value,443.7,Reggiani Caseifici
25,0,17,36,Brazil,Andrew Fuller,1997-06-10 00:00:00.000,Seafood,475.0,8,United Package,Inlagd Sill,Rio de Janeiro,RICAR,10563,Svensk Sjöföda AB,2,19.00,Medium Value,475.0,Ricardo Adocicados
70,0,24,52,Brazil,Andrew Fuller,1997-06-10 00:00:00.000,Grains/Cereals,490.0,5,United Package,Filo Mix,Rio de Janeiro,RICAR,10563,G'day Mate,2,7.00,Medium Value,490.0,Ricardo Adocicados
16,0.05,7,17,USA,Margaret Peacock,1997-06-10 00:00:00.000,Meat/Poultry,592.8,6,Federal Shipping,Alice Mutton,Albuquerque,RATTC,10564,Pavlova Ltd.,4,39.00,High Value,592.8,Rattlesnake Canyon Grocery
6,0.05,14,31,USA,Margaret Peacock,1997-06-10 00:00:00.000,Dairy Products,71.25,4,Federal Shipping,Gorgonzola Telino,Albuquerque,RATTC,10564,Formaggi Fortini s.r.l.,4,12.50,High Value,71.25,Rattlesnake Canyon Grocery
25,0.05,25,55,USA,Margaret Peacock,1997-06-10 00:00:00.000,Meat/Poultry,570.0,6,Federal Shipping,Pâté chinois,Albuquerque,RATTC,10564,Ma Maison,4,24.00,High Value,570.0,Rattlesnake Canyon Grocery
25,0.1,10,24,Canada,Laura Callahan,1997-06-11 00:00:00.000,Beverages,101.25,1,United Package,Guaraná Fantástica,Montréal,MEREP,10565,Refrescos Americanas LTDA,8,4.50,High Value,101.25,Mère Paillarde
18,0.1,12,64,Canada,Laura Callahan,1997-06-11 00:00:00.000,Grains/Cereals,538.65,5,United Package,Wimmers gute Semmelknödel,Montréal,MEREP,10565,Plutzer Lebensmittelgroßmärkte AG,8,33.25,High Value,538.65,Mère Paillarde
35,0.15,5,11,France,Anne Dodsworth,1997-06-12 00:00:00.000,Dairy Products,624.75,4,Speedy Express,Queso Cabrales,Strasbourg,BLONP,10566,Cooperativa de Quesos 'Las Cabras',9,21.00,High Value,624.75,Blondesddsl père et fils
18,0.15,7,18,France,Anne Dodsworth,1997-06-12 00:00:00.000,Seafood,956.25,8,Speedy Express,Carnarvon Tigers,Strasbourg,BLONP,10566,Pavlova Ltd.,9,62.50,High Value,956.25,Blondesddsl père et fils
10,0,23,76,France,Anne Dodsworth,1997-06-12 00:00:00.000,Beverages,180.0,1,Speedy Express,Lakkalikööri,Strasbourg,BLONP,10566,Karkki Oy,9,18.00,High Value,180.0,Blondesddsl père et fils
60,0.2,14,31,Ireland,Nancy Davolio,1997-06-12 00:00:00.000,Dairy Products,600.0,4,Speedy Express,Gorgonzola Telino,Cork,HUNGO,10567,Formaggi Fortini s.r.l.,1,12.50,High Value,600.0,Hungry Owl All-Night Grocers
3,0,24,51,Ireland,Nancy Davolio,1997-06-12 00:00:00.000,Produce,159.0,7,Speedy Express,Manjimup Dried Apples,Cork,HUNGO,10567,G'day Mate,1,53.00,High Value,159.0,Hungry Owl All-Night Grocers
40,0.2,28,59,Ireland,Nancy Davolio,1997-06-12 00:00:00.000,Dairy Products,1760.0,4,Speedy Express,Raclette Courdavault,Cork,HUNGO,10567,Gai pâturage,1,55.00,High Value,1760.0,Hungry Owl All-Night Grocers
5,0,4,10,Spain,Janet Leverling,1997-06-13 00:00:00.000,Seafood,155.0,8,Federal Shipping,Ikura,Barcelona,GALED,10568,Tokyo Traders,3,31.00,Low Value,155.0,Galería del gastrónomo
35,0.2,14,31,USA,Steven Buchanan,1997-06-16 00:00:00.000,Dairy Products,350.0,4,Speedy Express,Gorgonzola Telino,Albuquerque,RATTC,10569,Formaggi Fortini s.r.l.,5,12.50,High Value,350.0,Rattlesnake Canyon Grocery
30,0,23,76,USA,Steven Buchanan,1997-06-16 00:00:00.000,Beverages,540.0,1,Speedy Express,Lakkalikööri,Albuquerque,RATTC,10569,Karkki Oy,5,18.00,High Value,540.0,Rattlesnake Canyon Grocery
15,0.05,5,11,Canada,Janet Leverling,1997-06-17 00:00:00.000,Dairy Products,299.25,4,Federal Shipping,Queso Cabrales,Montréal,MEREP,10570,Cooperativa de Quesos 'Las Cabras',3,21.00,High Value,299.25,Mère Paillarde
60,0.05,26,56,Canada,Janet Leverling,1997-06-17 00:00:00.000,Grains/Cereals,2166.0,5,Federal Shipping,Gnocchi di nonna Alice,Montréal,MEREP,10570,Pasta Buttini s.r.l.,3,38.00,High Value,2166.0,Mère Paillarde
11,0.15,6,14,Austria,Laura Callahan,1997-06-17 00:00:00.000,Produce,217.3875,7,Federal Shipping,Tofu,Graz,ERNSH,10571,Mayumi's,8,23.25,High Value,217.3875,Ernst Handel
28,0.15,20,42,Austria,Laura Callahan,1997-06-17 00:00:00.000,Grains/Cereals,333.2,5,Federal Shipping,Singaporean Hokkien Fried Mee,Graz,ERNSH,10571,Leka Trading,8,14.00,High Value,333.2,Ernst Handel
12,0.1,7,16,Sweden,Janet Leverling,1997-06-18 00:00:00.000,Confections,188.45999999999998,3,United Package,Pavlova,Luleå,BERGS,10572,Pavlova Ltd.,3,17.45,High Value,188.45999999999998,Berglunds snabbköp
10,0.1,14,32,Sweden,Janet Leverling,1997-06-18 00:00:00.000,Dairy Products,288.0,4,United Package,Mascarpone Fabioli,Luleå,BERGS,10572,Formaggi Fortini s.r.l.,3,32.00,High Value,288.0,Berglunds snabbköp
50,0,19,40,Sweden,Janet Leverling,1997-06-18 00:00:00.000,Seafood,919.9999999999999,8,United Package,Boston Crab Meat,Luleå,BERGS,10572,New England Seafood Cannery,3,18.40,High Value,919.9999999999999,Berglunds snabbköp
15,0.1,12,75,Sweden,Janet Leverling,1997-06-18 00:00:00.000,Beverages,104.625,1,United Package,Rhönbräu Klosterbier,Luleå,BERGS,10572,Plutzer Lebensmittelgroßmärkte AG,3,7.75,High Value,104.625,Berglunds snabbköp
18,0,7,17,Mexico,Robert King,1997-06-19 00:00:00.000,Meat/Poultry,702.0,6,Federal Shipping,Alice Mutton,México D.F.,ANTON,10573,Pavlova Ltd.,7,39.00,Low Value,702.0,Antonio Moreno Taquería
40,0,16,34,Mexico,Robert King,1997-06-19 00:00:00.000,Beverages,560.0,1,Federal Shipping,Sasquatch Ale,México D.F.,ANTON,10573,Bigfoot Breweries,7,14.00,Low Value,560.0,Antonio Moreno Taquería
25,0,24,53,Mexico,Robert King,1997-06-19 00:00:00.000,Meat/Poultry,819.9999999999999,6,Federal Shipping,Perth Pasties,México D.F.,ANTON,10573,G'day Mate,7,32.80,Low Value,819.9999999999999,Antonio Moreno Taquería
14,0,15,33,USA,Margaret Peacock,1997-06-19 00:00:00.000,Dairy Products,35.0,4,United Package,Geitost,Kirkland,TRAIH,10574,Norske Meierier,4,2.50,Low Value,35.0,Trail's Head Gourmet Provisioners
2,0,19,40,USA,Margaret Peacock,1997-06-19 00:00:00.000,Seafood,36.8,8,United Package,Boston Crab Meat,Kirkland,TRAIH,10574,New England Seafood Cannery,4,18.40,Low Value,36.8,Trail's Head Gourmet Provisioners
10,0,29,62,USA,Margaret Peacock,1997-06-19 00:00:00.000,Confections,493.0,3,United Package,Tarte au sucre,Kirkland,TRAIH,10574,Forêts d'érables,4,49.30,Low Value,493.0,Trail's Head Gourmet Provisioners
6,0,12,64,USA,Margaret Peacock,1997-06-19 00:00:00.000,Grains/Cereals,199.5,5,United Package,Wimmers gute Semmelknödel,Kirkland,TRAIH,10574,Plutzer Lebensmittelgroßmärkte AG,4,33.25,Low Value,199.5,Trail's Head Gourmet Provisioners
12,0,28,59,Germany,Steven Buchanan,1997-06-20 00:00:00.000,Dairy Products,660.0,4,Speedy Express,Raclette Courdavault,Leipzig,MORGK,10575,Gai pâturage,5,55.00,Low Value,660.0,Morgenstern Gesundkost
6,0,7,63,Germany,Steven Buchanan,1997-06-20 00:00:00.000,Condiments,263.4,2,Speedy Express,Vegie-spread,Leipzig,MORGK,10575,Pavlova Ltd.,5,43.90,Low Value,263.4,Morgenstern Gesundkost
30,0,14,72,Germany,Steven Buchanan,1997-06-20 00:00:00.000,Dairy Products,1044.0,4,Speedy Express,Mozzarella di Giovanni,Leipzig,MORGK,10575,Formaggi Fortini s.r.l.,5,34.80,Low Value,1044.0,Morgenstern Gesundkost
10,0,23,76,Germany,Steven Buchanan,1997-06-20 00:00:00.000,Beverages,180.0,1,Speedy Express,Lakkalikööri,Leipzig,MORGK,10575,Karkki Oy,5,18.00,Low Value,180.0,Morgenstern Gesundkost
10,0,1,1,Mexico,Janet Leverling,1997-06-23 00:00:00.000,Beverages,180.0,1,Federal Shipping,Chai,México D.F.,TORTU,10576,Exotic Liquids,3,18.00,Medium Value,180.0,Tortuga Restaurante
20,0,14,31,Mexico,Janet Leverling,1997-06-23 00:00:00.000,Dairy Products,250.0,4,Federal Shipping,Gorgonzola Telino,México D.F.,TORTU,10576,Formaggi Fortini s.r.l.,3,12.50,Medium Value,250.0,Tortuga Restaurante
21,0,20,44,Mexico,Janet Leverling,1997-06-23 00:00:00.000,Condiments,408.45,2,Federal Shipping,Gula Malacca,México D.F.,TORTU,10576,Leka Trading,3,19.45,Medium Value,408.45,Tortuga Restaurante
10,0,18,39,USA,Anne Dodsworth,1997-06-23 00:00:00.000,Beverages,180.0,1,United Package,Chartreuse verte,Kirkland,TRAIH,10577,Aux joyeux ecclésiastiques,9,18.00,Low Value,180.0,Trail's Head Gourmet Provisioners
20,0,12,75,USA,Anne Dodsworth,1997-06-23 00:00:00.000,Beverages,155.0,1,United Package,Rhönbräu Klosterbier,Kirkland,TRAIH,10577,Plutzer Lebensmittelgroßmärkte AG,9,7.75,Low Value,155.0,Trail's Head Gourmet Provisioners
18,0,12,77,USA,Anne Dodsworth,1997-06-23 00:00:00.000,Condiments,234.0,2,United Package,Original Frankfurter grüne Soße,Kirkland,TRAIH,10577,Plutzer Lebensmittelgroßmärkte AG,9,13.00,Low Value,234.0,Trail's Head Gourmet Provisioners
20,0,16,35,UK,Margaret Peacock,1997-06-24 00:00:00.000,Beverages,360.0,1,Federal Shipping,Steeleye Stout,London,BSBEV,10578,Bigfoot Breweries,4,18.00,Low Value,360.0,B's Beverages
6,0,26,57,UK,Margaret Peacock,1997-06-24 00:00:00.000,Grains/Cereals,117.0,5,Federal Shipping,Ravioli Angelo,London,BSBEV,10578,Pasta Buttini s.r.l.,4,19.50,Low Value,117.0,B's Beverages
10,0,6,15,USA,Nancy Davolio,1997-06-25 00:00:00.000,Condiments,155.0,2,United Package,Genen Shouyu,San Francisco,LETSS,10579,Mayumi's,1,15.50,Low Value,155.0,Let's Stop N Shop
21,0,12,75,USA,Nancy Davolio,1997-06-25 00:00:00.000,Beverages,162.75,1,United Package,Rhönbräu Klosterbier,San Francisco,LETSS,10579,Plutzer Lebensmittelgroßmärkte AG,1,7.75,Low Value,162.75,Let's Stop N Shop
15,0.05,6,14,Germany,Margaret Peacock,1997-06-26 00:00:00.000,Produce,331.3125,7,Federal Shipping,Tofu,Köln,OTTIK,10580,Mayumi's,4,23.25,Medium Value,331.3125,Ottilies Käseladen
9,0.05,19,41,Germany,Margaret Peacock,1997-06-26 00:00:00.000,Seafood,82.50750000000001,8,Federal Shipping,Jack's New England Clam Chowder,Köln,OTTIK,10580,New England Seafood Cannery,4,9.65,Medium Value,82.50750000000001,Ottilies Käseladen
30,0.05,2,65,Germany,Margaret Peacock,1997-06-26 00:00:00.000,Condiments,599.925,2,Federal Shipping,Louisiana Fiery Hot Pepper Sauce,Köln,OTTIK,10580,New Orleans Cajun Delights,4,21.05,Medium Value,599.925,Ottilies Käseladen
50,0.2,12,75,Brazil,Janet Leverling,1997-06-26 00:00:00.000,Beverages,310.0,1,Speedy Express,Rhönbräu Klosterbier,Sao Paulo,FAMIA,10581,Plutzer Lebensmittelgroßmärkte AG,3,7.75,Low Value,310.0,Familia Arquibaldo
4,0,26,57,Germany,Janet Leverling,1997-06-27 00:00:00.000,Grains/Cereals,78.0,5,United Package,Ravioli Angelo,Mannheim,BLAUS,10582,Pasta Buttini s.r.l.,3,19.50,Low Value,78.0,Blauer See Delikatessen
14,0,23,76,Germany,Janet Leverling,1997-06-27 00:00:00.000,Beverages,252.0,1,United Package,Lakkalikööri,Mannheim,BLAUS,10582,Karkki Oy,3,18.00,Low Value,252.0,Blauer See Delikatessen
10,0,12,29,Finland,Andrew Fuller,1997-06-30 00:00:00.000,Meat/Poultry,1237.9,6,United Package,Thüringer Rostbratwurst,Oulu,WARTH,10583,Plutzer Lebensmittelgroßmärkte AG,2,123.79,Medium Value,1237.9,Wartian Herkku
24,0.15,28,60,Finland,Andrew Fuller,1997-06-30 00:00:00.000,Dairy Products,693.6,4,United Package,Camembert Pierrot,Oulu,WARTH,10583,Gai pâturage,2,34.00,Medium Value,693.6,Wartian Herkku
10,0.15,15,69,Finland,Andrew Fuller,1997-06-30 00:00:00.000,Dairy Products,306.0,4,United Package,Gudbrandsdalsost,Oulu,WARTH,10583,Norske Meierier,2,36.00,Medium Value,306.0,Wartian Herkku
50,0.05,14,31,France,Margaret Peacock,1997-06-30 00:00:00.000,Dairy Products,593.75,4,Speedy Express,Gorgonzola Telino,Strasbourg,BLONP,10584,Formaggi Fortini s.r.l.,4,12.50,High Value,593.75,Blondesddsl père et fils
15,0,22,47,Brazil,Robert King,1997-07-01 00:00:00.000,Confections,142.5,3,Speedy Express,Zaanse koeken,Resende,WELLI,10585,Zaanse Snoepfabriek,7,9.50,Low Value,142.5,Wellington Importadora
4,0.15,24,52,Italy,Anne Dodsworth,1997-07-02 00:00:00.000,Grains/Cereals,23.8,5,Speedy Express,Filo Mix,Reggio Emilia,REGGC,10586,G'day Mate,9,7.00,Medium Value,23.8,Reggiani Caseifici
6,0,11,26,Brazil,Nancy Davolio,1997-07-02 00:00:00.000,Confections,187.38,3,Speedy Express,Gumbär Gummibärchen,Rio de Janeiro,QUEDE,10587,Heli Süßwaren GmbH & Co. KG,1,31.23,Low Value,187.38,Que Delícia
20,0,16,35,Brazil,Nancy Davolio,1997-07-02 00:00:00.000,Beverages,360.0,1,Speedy Express,Steeleye Stout,Rio de Janeiro,QUEDE,10587,Bigfoot Breweries,1,18.00,Low Value,360.0,Que Delícia
20,0,12,77,Brazil,Nancy Davolio,1997-07-02 00:00:00.000,Condiments,260.0,2,Speedy Express,Original Frankfurter grüne Soße,Rio de Janeiro,QUEDE,10587,Plutzer Lebensmittelgroßmärkte AG,1,13.00,Low Value,260.0,Que Delícia
40,0.2,7,18,Germany,Andrew Fuller,1997-07-03 00:00:00.000,Seafood,2000.0,8,Federal Shipping,Carnarvon Tigers,Cunewalde,QUICK,10588,Pavlova Ltd.,2,62.50,High Value,2000.0,QUICK-Stop
100,0.2,20,42,Germany,Andrew Fuller,1997-07-03 00:00:00.000,Grains/Cereals,1120.0,5,Federal Shipping,Singaporean Hokkien Fried Mee,Cunewalde,QUICK,10588,Leka Trading,2,14.00,High Value,1120.0,QUICK-Stop
4,0,16,35,USA,Laura Callahan,1997-07-04 00:00:00.000,Beverages,72.0,1,United Package,Steeleye Stout,Eugene,GREAL,10589,Bigfoot Breweries,8,18.00,High Value,72.0,Great Lakes Food Market
20,0,1,1,Canada,Margaret Peacock,1997-07-07 00:00:00.000,Beverages,360.0,1,Federal Shipping,Chai,Montréal,MEREP,10590,Exotic Liquids,4,18.00,High Value,360.0,Mère Paillarde
60,0.05,12,77,Canada,Margaret Peacock,1997-07-07 00:00:00.000,Condiments,741.0,2,Federal Shipping,Original Frankfurter grüne Soße,Montréal,MEREP,10590,Plutzer Lebensmittelgroßmärkte AG,4,13.00,High Value,741.0,Mère Paillarde
14,0,1,3,Denmark,Nancy Davolio,1997-07-07 00:00:00.000,Condiments,140.0,2,Speedy Express,Aniseed Syrup,Århus,VAFFE,10591,Exotic Liquids,1,10.00,Medium Value,140.0,Vaffeljernet
10,0,3,7,Denmark,Nancy Davolio,1997-07-07 00:00:00.000,Produce,300.0,7,Speedy Express,Uncle Bob's Organic Dried Pears,Århus,VAFFE,10591,Grandma Kelly's Homestead,1,30.00,Medium Value,300.0,Vaffeljernet
50,0,25,54,Denmark,Nancy Davolio,1997-07-07 00:00:00.000,Meat/Poultry,372.5,6,Speedy Express,Tourtière,Århus,VAFFE,10591,Ma Maison,1,7.45,Medium Value,372.5,Vaffeljernet
25,0.05,6,15,Germany,Janet Leverling,1997-07-08 00:00:00.000,Condiments,368.125,2,Speedy Express,Genen Shouyu,Frankfurt a.M.,LEHMS,10592,Mayumi's,3,15.50,High Value,368.125,Lehmanns Marktstand
5,0.05,11,26,Germany,Janet Leverling,1997-07-08 00:00:00.000,Confections,148.3425,3,Speedy Express,Gumbär Gummibärchen,Frankfurt a.M.,LEHMS,10592,Heli Süßwaren GmbH & Co. KG,3,31.23,High Value,148.3425,Lehmanns Marktstand
21,0.2,8,20,Germany,Robert King,1997-07-09 00:00:00.000,Confections,1360.8000000000002,3,United Package,Sir Rodney's Marmalade,Frankfurt a.M.,LEHMS,10593,Specialty Biscuits Ltd.,7,81.00,High Value,1360.8000000000002,Lehmanns Marktstand
20,0.2,15,69,Germany,Robert King,1997-07-09 00:00:00.000,Dairy Products,576.0,4,United Package,Gudbrandsdalsost,Frankfurt a.M.,LEHMS,10593,Norske Meierier,7,36.00,High Value,576.0,Lehmanns Marktstand
4,0.2,23,76,Germany,Robert King,1997-07-09 00:00:00.000,Beverages,57.6,1,United Package,Lakkalikööri,Frankfurt a.M.,LEHMS,10593,Karkki Oy,7,18.00,High Value,57.6,Lehmanns Marktstand
24,0,24,52,USA,Janet Leverling,1997-07-09 00:00:00.000,Grains/Cereals,168.0,5,United Package,Filo Mix,Anchorage,OLDWO,10594,G'day Mate,3,7.00,Medium Value,168.0,Old World Delicatessen
30,0,27,58,USA,Janet Leverling,1997-07-09 00:00:00.000,Seafood,397.5,8,United Package,Escargots de Bourgogne,Anchorage,OLDWO,10594,Escargots Nouveaux,3,13.25,Medium Value,397.5,Old World Delicatessen
30,0.25,16,35,Austria,Andrew Fuller,1997-07-10 00:00:00.000,Beverages,405.0,1,Speedy Express,Steeleye Stout,Graz,ERNSH,10595,Bigfoot Breweries,2,18.00,High Value,405.0,Ernst Handel
120,0.25,29,61,Austria,Andrew Fuller,1997-07-10 00:00:00.000,Condiments,2565.0,2,Speedy Express,Sirop d'érable,Graz,ERNSH,10595,Forêts d'érables,2,28.50,High Value,2565.0,Ernst Handel
65,0.25,15,69,Austria,Andrew Fuller,1997-07-10 00:00:00.000,Dairy Products,1755.0,4,Speedy Express,Gudbrandsdalsost,Graz,ERNSH,10595,Norske Meierier,2,36.00,High Value,1755.0,Ernst Handel
5,0.2,26,56,USA,Laura Callahan,1997-07-11 00:00:00.000,Grains/Cereals,152.0,5,Speedy Express,Gnocchi di nonna Alice,Seattle,WHITC,10596,Pasta Buttini s.r.l.,8,38.00,High Value,152.0,White Clover Markets
24,0.2,7,63,USA,Laura Callahan,1997-07-11 00:00:00.000,Condiments,842.88,2,Speedy Express,Vegie-spread,Seattle,WHITC,10596,Pavlova Ltd.,8,43.90,High Value,842.88,White Clover Markets
30,0.2,12,75,USA,Laura Callahan,1997-07-11 00:00:00.000,Beverages,186.0,1,Speedy Express,Rhönbräu Klosterbier,Seattle,WHITC,10596,Plutzer Lebensmittelgroßmärkte AG,8,7.75,High Value,186.0,White Clover Markets
35,0.2,10,24,Austria,Robert King,1997-07-11 00:00:00.000,Beverages,126.0,1,Federal Shipping,Guaraná Fantástica,Salzburg,PICCO,10597,Refrescos Americanas LTDA,7,4.50,High Value,126.0,Piccolo und mehr
20,0,26,57,Austria,Robert King,1997-07-11 00:00:00.000,Grains/Cereals,390.0,5,Federal Shipping,Ravioli Angelo,Salzburg,PICCO,10597,Pasta Buttini s.r.l.,7,19.50,High Value,390.0,Piccolo und mehr
12,0.2,2,65,Austria,Robert King,1997-07-11 00:00:00.000,Condiments,202.08000000000004,2,Federal Shipping,Louisiana Fiery Hot Pepper Sauce,Salzburg,PICCO,10597,New Orleans Cajun Delights,7,21.05,High Value,202.08000000000004,Piccolo und mehr
50,0,11,27,USA,Nancy Davolio,1997-07-14 00:00:00.000,Confections,2195.0,3,Federal Shipping,Schoggi Schokolade,Albuquerque,RATTC,10598,Heli Süßwaren GmbH & Co. KG,1,43.90,High Value,2195.0,Rattlesnake Canyon Grocery
9,0,15,71,USA,Nancy Davolio,1997-07-14 00:00:00.000,Dairy Products,193.5,4,Federal Shipping,Flotemysost,Albuquerque,RATTC,10598,Norske Meierier,1,21.50,High Value,193.5,Rattlesnake Canyon Grocery
10,0,29,62,UK,Michael Suyama,1997-07-15 00:00:00.000,Confections,493.0,3,Federal Shipping,Tarte au sucre,London,BSBEV,10599,Forêts d'érables,6,49.30,Low Value,493.0,B's Beverages
4,0,25,54,USA,Margaret Peacock,1997-07-16 00:00:00.000,Meat/Poultry,29.8,6,Speedy Express,Tourtière,Elgin,HUNGC,10600,Ma Maison,4,7.45,Low Value,29.8,Hungry Coyote Import Store
30,0,17,73,USA,Margaret Peacock,1997-07-16 00:00:00.000,Seafood,450.0,8,Speedy Express,Röd Kaviar,Elgin,HUNGC,10600,Svensk Sjöföda AB,4,15.00,Low Value,450.0,Hungry Coyote Import Store
60,0,6,13,Venezuela,Robert King,1997-07-16 00:00:00.000,Seafood,360.0,8,Speedy Express,Konbu,San Cristóbal,HILAA,10601,Mayumi's,7,6.00,High Value,360.0,HILARION-Abastos
35,0,28,59,Venezuela,Robert King,1997-07-16 00:00:00.000,Dairy Products,1925.0,4,Speedy Express,Raclette Courdavault,San Cristóbal,HILAA,10601,Gai pâturage,7,55.00,High Value,1925.0,HILARION-Abastos
5,0.25,12,77,Denmark,Laura Callahan,1997-07-17 00:00:00.000,Condiments,48.75,2,United Package,Original Frankfurter grüne Soße,Århus,VAFFE,10602,Plutzer Lebensmittelgroßmärkte AG,8,13.00,Medium Value,48.75,Vaffeljernet
48,0,9,22,USA,Laura Callahan,1997-07-18 00:00:00.000,Grains/Cereals,1008.0,5,United Package,Gustaf's Knäckebröd,Boise,SAVEA,10603,PB Knäckebröd AB,8,21.00,High Value,1008.0,Save-a-lot Markets
25,0.05,23,49,USA,Laura Callahan,1997-07-18 00:00:00.000,Confections,475.0,3,United Package,Maxilaku,Boise,SAVEA,10603,Karkki Oy,8,20.00,High Value,475.0,Save-a-lot Markets
6,0.1,22,48,Portugal,Nancy Davolio,1997-07-18 00:00:00.000,Confections,68.85000000000001,3,Speedy Express,Chocolade,Lisboa,FURIB,10604,Zaanse Snoepfabriek,1,12.75,Low Value,68.85000000000001,Furia Bacalhau e Frutos do Mar
10,0.1,23,76,Portugal,Nancy Davolio,1997-07-18 00:00:00.000,Beverages,162.0,1,Speedy Express,Lakkalikööri,Lisboa,FURIB,10604,Karkki Oy,1,18.00,Low Value,162.0,Furia Bacalhau e Frutos do Mar
30,0.05,7,16,Canada,Nancy Davolio,1997-07-21 00:00:00.000,Confections,497.325,3,United Package,Pavlova,Montréal,MEREP,10605,Pavlova Ltd.,1,17.45,High Value,497.325,Mère Paillarde
20,0.05,28,59,Canada,Nancy Davolio,1997-07-21 00:00:00.000,Dairy Products,1045.0,4,United Package,Raclette Courdavault,Montréal,MEREP,10605,Gai pâturage,1,55.00,High Value,1045.0,Mère Paillarde
70,0.05,28,60,Canada,Nancy Davolio,1997-07-21 00:00:00.000,Dairy Products,2261.0,4,United Package,Camembert Pierrot,Montréal,MEREP,10605,Gai pâturage,1,34.00,High Value,2261.0,Mère Paillarde
15,0.05,15,71,Canada,Nancy Davolio,1997-07-21 00:00:00.000,Dairy Products,306.375,4,United Package,Flotemysost,Montréal,MEREP,10605,Norske Meierier,1,21.50,High Value,306.375,Mère Paillarde
20,0.2,2,4,Brazil,Margaret Peacock,1997-07-22 00:00:00.000,Condiments,352.0,2,Federal Shipping,Chef Anton's Cajun Seasoning,Sao Paulo,TRADH,10606,New Orleans Cajun Delights,4,22.00,Low Value,352.0,Tradição Hipermercados
20,0.2,25,55,Brazil,Margaret Peacock,1997-07-22 00:00:00.000,Meat/Poultry,384.0,6,Federal Shipping,Pâté chinois,Sao Paulo,TRADH,10606,Ma Maison,4,24.00,Low Value,384.0,Tradição Hipermercados
10,0.2,29,62,Brazil,Margaret Peacock,1997-07-22 00:00:00.000,Confections,394.40000000000003,3,Federal Shipping,Tarte au sucre,Sao Paulo,TRADH,10606,Forêts d'érables,4,49.30,Low Value,394.40000000000003,Tradição Hipermercados
45,0,3,7,USA,Steven Buchanan,1997-07-22 00:00:00.000,Produce,1350.0,7,Speedy Express,Uncle Bob's Organic Dried Pears,Boise,SAVEA,10607,Grandma Kelly's Homestead,5,30.00,High Value,1350.0,Save-a-lot Markets
100,0,7,17,USA,Steven Buchanan,1997-07-22 00:00:00.000,Meat/Poultry,3900.0,6,Speedy Express,Alice Mutton,Boise,SAVEA,10607,Pavlova Ltd.,5,39.00,High Value,3900.0,Save-a-lot Markets
14,0,15,33,USA,Steven Buchanan,1997-07-22 00:00:00.000,Dairy Products,35.0,4,Speedy Express,Geitost,Boise,SAVEA,10607,Norske Meierier,5,2.50,High Value,35.0,Save-a-lot Markets
42,0,19,40,USA,Steven Buchanan,1997-07-22 00:00:00.000,Seafood,772.8,8,Speedy Express,Boston Crab Meat,Boise,SAVEA,10607,New England Seafood Cannery,5,18.40,High Value,772.8,Save-a-lot Markets
12,0,14,72,USA,Steven Buchanan,1997-07-22 00:00:00.000,Dairy Products,417.59999999999997,4,Speedy Express,Mozzarella di Giovanni,Boise,SAVEA,10607,Formaggi Fortini s.r.l.,5,34.80,High Value,417.59999999999997,Save-a-lot Markets
28,0,26,56,Germany,Margaret Peacock,1997-07-23 00:00:00.000,Grains/Cereals,1064.0,5,United Package,Gnocchi di nonna Alice,Münster,TOMSP,10608,Pasta Buttini s.r.l.,4,38.00,Low Value,1064.0,Toms Spezialitäten
3,0,1,1,France,Robert King,1997-07-24 00:00:00.000,Beverages,54.0,1,United Package,Chai,Nantes,DUMON,10609,Exotic Liquids,7,18.00,Low Value,54.0,Du monde entier
10,0,4,10,France,Robert King,1997-07-24 00:00:00.000,Seafood,310.0,8,United Package,Ikura,Nantes,DUMON,10609,Tokyo Traders,7,31.00,Low Value,310.0,Du monde entier
6,0,8,21,France,Robert King,1997-07-24 00:00:00.000,Confections,60.0,3,United Package,Sir Rodney's Scones,Nantes,DUMON,10609,Specialty Biscuits Ltd.,7,10.00,Low Value,60.0,Du monde entier
21,0.25,17,36,France,Laura Callahan,1997-07-25 00:00:00.000,Seafood,299.25,8,Speedy Express,Inlagd Sill,Toulouse,LAMAI,10610,Svensk Sjöföda AB,8,19.00,Medium Value,299.25,La maison d'Asie
6,0,1,1,Poland,Michael Suyama,1997-07-25 00:00:00.000,Beverages,108.0,1,United Package,Chai,Warszawa,WOLZA,10611,Exotic Liquids,6,18.00,Low Value,108.0,Wolski  Zajazd
10,0,1,2,Poland,Michael Suyama,1997-07-25 00:00:00.000,Beverages,190.0,1,United Package,Chang,Warszawa,WOLZA,10611,Exotic Liquids,6,19.00,Low Value,190.0,Wolski  Zajazd
15,0,28,60,Poland,Michael Suyama,1997-07-25 00:00:00.000,Dairy Products,510.0,4,United Package,Camembert Pierrot,Warszawa,WOLZA,10611,Gai pâturage,6,34.00,Low Value,510.0,Wolski  Zajazd
70,0,4,10,USA,Nancy Davolio,1997-07-28 00:00:00.000,Seafood,2170.0,8,United Package,Ikura,Boise,SAVEA,10612,Tokyo Traders,1,31.00,High Value,2170.0,Save-a-lot Markets
55,0,17,36,USA,Nancy Davolio,1997-07-28 00:00:00.000,Seafood,1045.0,8,United Package,Inlagd Sill,Boise,SAVEA,10612,Svensk Sjöföda AB,1,19.00,High Value,1045.0,Save-a-lot Markets
18,0,23,49,USA,Nancy Davolio,1997-07-28 00:00:00.000,Confections,360.0,3,United Package,Maxilaku,Boise,SAVEA,10612,Karkki Oy,1,20.00,High Value,360.0,Save-a-lot Markets
40,0,28,60,USA,Nancy Davolio,1997-07-28 00:00:00.000,Dairy Products,1360.0,4,United Package,Camembert Pierrot,Boise,SAVEA,10612,Gai pâturage,1,34.00,High Value,1360.0,Save-a-lot Markets
80,0,23,76,USA,Nancy Davolio,1997-07-28 00:00:00.000,Beverages,1440.0,1,United Package,Lakkalikööri,Boise,SAVEA,10612,Karkki Oy,1,18.00,High Value,1440.0,Save-a-lot Markets
8,0.1,6,13,Venezuela,Margaret Peacock,1997-07-29 00:00:00.000,Seafood,43.2,8,United Package,Konbu,San Cristóbal,HILAA,10613,Mayumi's,4,6.00,High Value,43.2,HILARION-Abastos
40,0,12,75,Venezuela,Margaret Peacock,1997-07-29 00:00:00.000,Beverages,310.0,1,United Package,Rhönbräu Klosterbier,San Cristóbal,HILAA,10613,Plutzer Lebensmittelgroßmärkte AG,4,7.75,High Value,310.0,HILARION-Abastos
14,0,5,11,Germany,Laura Callahan,1997-07-29 00:00:00.000,Dairy Products,294.0,4,Federal Shipping,Queso Cabrales,Mannheim,BLAUS,10614,Cooperativa de Quesos 'Las Cabras',8,21.00,Low Value,294.0,Blauer See Delikatessen
8,0,8,21,Germany,Laura Callahan,1997-07-29 00:00:00.000,Confections,80.0,3,Federal Shipping,Sir Rodney's Scones,Mannheim,BLAUS,10614,Specialty Biscuits Ltd.,8,10.00,Low Value,80.0,Blauer See Delikatessen
5,0,18,39,Germany,Laura Callahan,1997-07-29 00:00:00.000,Beverages,90.0,1,Federal Shipping,Chartreuse verte,Mannheim,BLAUS,10614,Aux joyeux ecclésiastiques,8,18.00,Low Value,90.0,Blauer See Delikatessen
5,0,25,55,Finland,Andrew Fuller,1997-07-30 00:00:00.000,Meat/Poultry,120.0,6,Federal Shipping,Pâté chinois,Helsinki,WILMK,10615,Ma Maison,2,24.00,Low Value,120.0,Wilman Kala
15,0.05,18,38,USA,Nancy Davolio,1997-07-31 00:00:00.000,Beverages,3754.875,1,United Package,Côte de Blaye,Eugene,GREAL,10616,Aux joyeux ecclésiastiques,1,263.50,High Value,3754.875,Great Lakes Food Market
14,0,26,56,USA,Nancy Davolio,1997-07-31 00:00:00.000,Grains/Cereals,532.0,5,United Package,Gnocchi di nonna Alice,Eugene,GREAL,10616,Pasta Buttini s.r.l.,1,38.00,High Value,532.0,Great Lakes Food Market
15,0.05,7,70,USA,Nancy Davolio,1997-07-31 00:00:00.000,Beverages,213.75,1,United Package,Outback Lager,Eugene,GREAL,10616,Pavlova Ltd.,1,15.00,High Value,213.75,Great Lakes Food Market
15,0.05,15,71,USA,Nancy Davolio,1997-07-31 00:00:00.000,Dairy Products,306.375,4,United Package,Flotemysost,Eugene,GREAL,10616,Norske Meierier,1,21.50,High Value,306.375,Great Lakes Food Market
30,0.15,28,59,USA,Margaret Peacock,1997-07-31 00:00:00.000,Dairy Products,1402.5,4,United Package,Raclette Courdavault,Eugene,GREAL,10617,Gai pâturage,4,55.00,High Value,1402.5,Great Lakes Food Market
70,0,3,6,Canada,Nancy Davolio,1997-08-01 00:00:00.000,Condiments,1750.0,2,Speedy Express,Grandma's Boysenberry Spread,Montréal,MEREP,10618,Grandma Kelly's Homestead,1,25.00,High Value,1750.0,Mère Paillarde
20,0,26,56,Canada,Nancy Davolio,1997-08-01 00:00:00.000,Grains/Cereals,760.0,5,Speedy Express,Gnocchi di nonna Alice,Montréal,MEREP,10618,Pasta Buttini s.r.l.,1,38.00,High Value,760.0,Mère Paillarde
15,0,8,68,Canada,Nancy Davolio,1997-08-01 00:00:00.000,Confections,187.5,3,Speedy Express,Scottish Longbreads,Montréal,MEREP,10618,Specialty Biscuits Ltd.,1,12.50,High Value,187.5,Mère Paillarde
42,0,8,21,Canada,Janet Leverling,1997-08-04 00:00:00.000,Confections,420.0,3,Federal Shipping,Sir Rodney's Scones,Montréal,MEREP,10619,Specialty Biscuits Ltd.,3,10.00,High Value,420.0,Mère Paillarde
40,0,9,22,Canada,Janet Leverling,1997-08-04 00:00:00.000,Grains/Cereals,840.0,5,Federal Shipping,Gustaf's Knäckebröd,Montréal,MEREP,10619,PB Knäckebröd AB,3,21.00,High Value,840.0,Mère Paillarde
5,0,10,24,Canada,Andrew Fuller,1997-08-05 00:00:00.000,Beverages,22.5,1,Federal Shipping,Guaraná Fantástica,Vancouver,LAUGB,10620,Refrescos Americanas LTDA,2,4.50,Low Value,22.5,Laughing Bacchus Wine Cellars
5,0,24,52,Canada,Andrew Fuller,1997-08-05 00:00:00.000,Grains/Cereals,35.0,5,Federal Shipping,Filo Mix,Vancouver,LAUGB,10620,G'day Mate,2,7.00,Low Value,35.0,Laughing Bacchus Wine Cellars
5,0,8,19,UK,Margaret Peacock,1997-08-05 00:00:00.000,Confections,46.0,3,United Package,Teatime Chocolate Biscuits,Cowes,ISLAT,10621,Specialty Biscuits Ltd.,4,9.20,Low Value,46.0,Island Trading
10,0,9,23,UK,Margaret Peacock,1997-08-05 00:00:00.000,Grains/Cereals,90.0,5,United Package,Tunnbröd,Cowes,ISLAT,10621,PB Knäckebröd AB,4,9.00,Low Value,90.0,Island Trading
20,0,7,70,UK,Margaret Peacock,1997-08-05 00:00:00.000,Beverages,300.0,1,United Package,Outback Lager,Cowes,ISLAT,10621,Pavlova Ltd.,4,15.00,Low Value,300.0,Island Trading
15,0,15,71,UK,Margaret Peacock,1997-08-05 00:00:00.000,Dairy Products,322.5,4,United Package,Flotemysost,Cowes,ISLAT,10621,Norske Meierier,4,21.50,Low Value,322.5,Island Trading
20,0,1,2,Brazil,Margaret Peacock,1997-08-06 00:00:00.000,Beverages,380.0,1,Federal Shipping,Chang,Rio de Janeiro,RICAR,10622,Exotic Liquids,4,19.00,Medium Value,380.0,Ricardo Adocicados
18,0.2,8,68,Brazil,Margaret Peacock,1997-08-06 00:00:00.000,Confections,180.0,3,Federal Shipping,Scottish Longbreads,Rio de Janeiro,RICAR,10622,Specialty Biscuits Ltd.,4,12.50,Medium Value,180.0,Ricardo Adocicados
21,0,6,14,Germany,Laura Callahan,1997-08-07 00:00:00.000,Produce,488.25,7,United Package,Tofu,München,FRANK,10623,Mayumi's,8,23.25,High Value,488.25,Frankenversand
15,0.1,8,19,Germany,Laura Callahan,1997-08-07 00:00:00.000,Confections,124.2,3,United Package,Teatime Chocolate Biscuits,München,FRANK,10623,Specialty Biscuits Ltd.,8,9.20,High Value,124.2,Frankenversand
25,0.1,8,21,Germany,Laura Callahan,1997-08-07 00:00:00.000,Confections,225.0,3,United Package,Sir Rodney's Scones,München,FRANK,10623,Specialty Biscuits Ltd.,8,10.00,High Value,225.0,Frankenversand
3,0,10,24,Germany,Laura Callahan,1997-08-07 00:00:00.000,Beverages,13.5,1,United Package,Guaraná Fantástica,München,FRANK,10623,Refrescos Americanas LTDA,8,4.50,High Value,13.5,Frankenversand
30,0.1,16,35,Germany,Laura Callahan,1997-08-07 00:00:00.000,Beverages,486.0,1,United Package,Steeleye Stout,München,FRANK,10623,Bigfoot Breweries,8,18.00,High Value,486.0,Frankenversand
10,0,12,28,USA,Margaret Peacock,1997-08-07 00:00:00.000,Produce,456.0,7,United Package,Rössle Sauerkraut,Butte,THECR,10624,Plutzer Lebensmittelgroßmärkte AG,4,45.60,Low Value,456.0,The Cracker Box
6,0,12,29,USA,Margaret Peacock,1997-08-07 00:00:00.000,Meat/Poultry,742.74,6,United Package,Thüringer Rostbratwurst,Butte,THECR,10624,Plutzer Lebensmittelgroßmärkte AG,4,123.79,Low Value,742.74,The Cracker Box
10,0,20,44,USA,Margaret Peacock,1997-08-07 00:00:00.000,Condiments,194.5,2,United Package,Gula Malacca,Butte,THECR,10624,Leka Trading,4,19.45,Low Value,194.5,The Cracker Box
3,0,6,14,Mexico,Janet Leverling,1997-08-08 00:00:00.000,Produce,69.75,7,Speedy Express,Tofu,México D.F.,ANATR,10625,Mayumi's,3,23.25,Low Value,69.75,Ana Trujillo Emparedados y helados
5,0,20,42,Mexico,Janet Leverling,1997-08-08 00:00:00.000,Grains/Cereals,70.0,5,Speedy Express,Singaporean Hokkien Fried Mee,México D.F.,ANATR,10625,Leka Trading,3,14.00,Low Value,70.0,Ana Trujillo Emparedados y helados
10,0,28,60,Mexico,Janet Leverling,1997-08-08 00:00:00.000,Dairy Products,340.0,4,Speedy Express,Camembert Pierrot,México D.F.,ANATR,10625,Gai pâturage,3,34.00,Low Value,340.0,Ana Trujillo Emparedados y helados
12,0,24,53,Sweden,Nancy Davolio,1997-08-11 00:00:00.000,Meat/Poultry,393.59999999999997,6,United Package,Perth Pasties,Luleå,BERGS,10626,G'day Mate,1,32.80,High Value,393.59999999999997,Berglunds snabbköp
20,0,28,60,Sweden,Nancy Davolio,1997-08-11 00:00:00.000,Dairy Products,680.0,4,United Package,Camembert Pierrot,Luleå,BERGS,10626,Gai pâturage,1,34.00,High Value,680.0,Berglunds snabbköp
20,0,15,71,Sweden,Nancy Davolio,1997-08-11 00:00:00.000,Dairy Products,430.0,4,United Package,Flotemysost,Luleå,BERGS,10626,Norske Meierier,1,21.50,High Value,430.0,Berglunds snabbköp
15,0,29,62,USA,Laura Callahan,1997-08-11 00:00:00.000,Confections,739.5,3,Federal Shipping,Tarte au sucre,Boise,SAVEA,10627,Forêts d'érables,8,49.30,High Value,739.5,Save-a-lot Markets
35,0.15,17,73,USA,Laura Callahan,1997-08-11 00:00:00.000,Seafood,446.25,8,Federal Shipping,Röd Kaviar,Boise,SAVEA,10627,Svensk Sjöföda AB,8,15.00,High Value,446.25,Save-a-lot Markets
25,0,1,1,France,Margaret Peacock,1997-08-12 00:00:00.000,Beverages,450.0,1,Federal Shipping,Chai,Strasbourg,BLONP,10628,Exotic Liquids,4,18.00,High Value,450.0,Blondesddsl père et fils
20,0,12,29,Spain,Margaret Peacock,1997-08-12 00:00:00.000,Meat/Poultry,2475.8,6,Federal Shipping,Thüringer Rostbratwurst,Sevilla,GODOS,10629,Plutzer Lebensmittelgroßmärkte AG,4,123.79,Medium Value,2475.8,Godos Cocina Típica
9,0,12,64,Spain,Margaret Peacock,1997-08-12 00:00:00.000,Grains/Cereals,299.25,5,Federal Shipping,Wimmers gute Semmelknödel,Sevilla,GODOS,10629,Plutzer Lebensmittelgroßmärkte AG,4,33.25,Medium Value,299.25,Godos Cocina Típica
12,0.05,25,55,Germany,Nancy Davolio,1997-08-13 00:00:00.000,Meat/Poultry,273.59999999999997,6,United Package,Pâté chinois,Brandenburg,KOENE,10630,Ma Maison,1,24.00,High Value,273.59999999999997,Königlich Essen
35,0,23,76,Germany,Nancy Davolio,1997-08-13 00:00:00.000,Beverages,630.0,1,United Package,Lakkalikööri,Brandenburg,KOENE,10630,Karkki Oy,1,18.00,High Value,630.0,Königlich Essen
8,0.1,12,75,France,Laura Callahan,1997-08-14 00:00:00.000,Beverages,55.800000000000004,1,Speedy Express,Rhönbräu Klosterbier,Toulouse,LAMAI,10631,Plutzer Lebensmittelgroßmärkte AG,8,7.75,Medium Value,55.800000000000004,La maison d'Asie
30,0.05,1,2,Germany,Laura Callahan,1997-08-14 00:00:00.000,Beverages,541.5,1,Speedy Express,Chang,Stuttgart,WANDK,10632,Exotic Liquids,8,19.00,Medium Value,541.5,Die Wandernde Kuh
20,0.05,15,33,Germany,Laura Callahan,1997-08-14 00:00:00.000,Dairy Products,47.5,4,Speedy Express,Geitost,Stuttgart,WANDK,10632,Norske Meierier,8,2.50,Medium Value,47.5,Die Wandernde Kuh
36,0.15,5,12,Austria,Robert King,1997-08-15 00:00:00.000,Dairy Products,1162.8,4,Federal Shipping,Queso Manchego La Pastora,Graz,ERNSH,10633,Cooperativa de Quesos 'Las Cabras',7,38.00,High Value,1162.8,Ernst Handel
13,0.15,6,13,Austria,Robert King,1997-08-15 00:00:00.000,Seafood,66.3,8,Federal Shipping,Konbu,Graz,ERNSH,10633,Mayumi's,7,6.00,High Value,66.3,Ernst Handel
35,0.15,11,26,Austria,Robert King,1997-08-15 00:00:00.000,Confections,929.0925,3,Federal Shipping,Gumbär Gummibärchen,Graz,ERNSH,10633,Heli Süßwaren GmbH & Co. KG,7,31.23,High Value,929.0925,Ernst Handel
80,0.15,29,62,Austria,Robert King,1997-08-15 00:00:00.000,Confections,3352.4,3,Federal Shipping,Tarte au sucre,Graz,ERNSH,10633,Forêts d'érables,7,49.30,High Value,3352.4,Ernst Handel
35,0,3,7,France,Margaret Peacock,1997-08-15 00:00:00.000,Produce,1050.0,7,Federal Shipping,Uncle Bob's Organic Dried Pears,Lille,FOLIG,10634,Grandma Kelly's Homestead,4,30.00,Medium Value,1050.0,Folies gourmandes
50,0,7,18,France,Margaret Peacock,1997-08-15 00:00:00.000,Seafood,3125.0,8,Federal Shipping,Carnarvon Tigers,Lille,FOLIG,10634,Pavlova Ltd.,4,62.50,Medium Value,3125.0,Folies gourmandes
15,0,24,51,France,Margaret Peacock,1997-08-15 00:00:00.000,Produce,795.0,7,Federal Shipping,Manjimup Dried Apples,Lille,FOLIG,10634,G'day Mate,4,53.00,Medium Value,795.0,Folies gourmandes
2,0,12,75,France,Margaret Peacock,1997-08-15 00:00:00.000,Beverages,15.5,1,Federal Shipping,Rhönbräu Klosterbier,Lille,FOLIG,10634,Plutzer Lebensmittelgroßmärkte AG,4,7.75,Medium Value,15.5,Folies gourmandes
10,0.1,2,4,Italy,Laura Callahan,1997-08-18 00:00:00.000,Condiments,198.0,2,Federal Shipping,Chef Anton's Cajun Seasoning,Bergamo,MAGAA,10635,New Orleans Cajun Delights,8,22.00,Medium Value,198.0,Magazzini Alimentari Riuniti
15,0.1,2,5,Italy,Laura Callahan,1997-08-18 00:00:00.000,Condiments,288.225,2,Federal Shipping,Chef Anton's Gumbo Mix,Bergamo,MAGAA,10635,New Orleans Cajun Delights,8,21.35,Medium Value,288.225,Magazzini Alimentari Riuniti
40,0,9,22,Italy,Laura Callahan,1997-08-18 00:00:00.000,Grains/Cereals,840.0,5,Federal Shipping,Gustaf's Knäckebröd,Bergamo,MAGAA,10635,PB Knäckebröd AB,8,21.00,Medium Value,840.0,Magazzini Alimentari Riuniti
25,0,2,4,Finland,Margaret Peacock,1997-08-19 00:00:00.000,Condiments,550.0,2,Speedy Express,Chef Anton's Cajun Seasoning,Oulu,WARTH,10636,New Orleans Cajun Delights,4,22.00,Medium Value,550.0,Wartian Herkku
6,0,27,58,Finland,Margaret Peacock,1997-08-19 00:00:00.000,Seafood,79.5,8,Speedy Express,Escargots de Bourgogne,Oulu,WARTH,10636,Escargots Nouveaux,4,13.25,Medium Value,79.5,Wartian Herkku
10,0,5,11,Brazil,Michael Suyama,1997-08-19 00:00:00.000,Dairy Products,210.0,4,Speedy Express,Queso Cabrales,Sao Paulo,QUEEN,10637,Cooperativa de Quesos 'Las Cabras',6,21.00,High Value,210.0,Queen Cozinha
25,0.05,23,50,Brazil,Michael Suyama,1997-08-19 00:00:00.000,Confections,385.9375,3,Speedy Express,Valkoinen suklaa,Sao Paulo,QUEEN,10637,Karkki Oy,6,16.25,High Value,385.9375,Queen Cozinha
60,0.05,26,56,Brazil,Michael Suyama,1997-08-19 00:00:00.000,Grains/Cereals,2166.0,5,Speedy Express,Gnocchi di nonna Alice,Sao Paulo,QUEEN,10637,Pasta Buttini s.r.l.,6,38.00,High Value,2166.0,Queen Cozinha
20,0,21,45,Venezuela,Janet Leverling,1997-08-20 00:00:00.000,Seafood,190.0,8,Speedy Express,Rogede sild,I. de Margarita,LINOD,10638,Lyngbysild,3,9.50,Medium Value,190.0,LINO-Delicateses
21,0,2,65,Venezuela,Janet Leverling,1997-08-20 00:00:00.000,Condiments,442.05,2,Speedy Express,Louisiana Fiery Hot Pepper Sauce,I. de Margarita,LINOD,10638,New Orleans Cajun Delights,3,21.05,Medium Value,442.05,LINO-Delicateses
60,0,14,72,Venezuela,Janet Leverling,1997-08-20 00:00:00.000,Dairy Products,2088.0,4,Speedy Express,Mozzarella di Giovanni,I. de Margarita,LINOD,10638,Formaggi Fortini s.r.l.,3,34.80,Medium Value,2088.0,LINO-Delicateses
8,0,7,18,Norway,Robert King,1997-08-20 00:00:00.000,Seafood,500.0,8,Federal Shipping,Carnarvon Tigers,Stavern,SANTG,10639,Pavlova Ltd.,7,62.50,Low Value,500.0,Santé Gourmet
20,0.25,15,69,Germany,Margaret Peacock,1997-08-21 00:00:00.000,Dairy Products,540.0,4,Speedy Express,Gudbrandsdalsost,Stuttgart,WANDK,10640,Norske Meierier,4,36.00,Medium Value,540.0,Die Wandernde Kuh
15,0.25,7,70,Germany,Margaret Peacock,1997-08-21 00:00:00.000,Beverages,168.75,1,Speedy Express,Outback Lager,Stuttgart,WANDK,10640,Pavlova Ltd.,4,15.00,Medium Value,168.75,Die Wandernde Kuh
50,0,1,2,Venezuela,Margaret Peacock,1997-08-22 00:00:00.000,Beverages,950.0,1,United Package,Chang,San Cristóbal,HILAA,10641,Exotic Liquids,4,19.00,High Value,950.0,HILARION-Abastos
60,0,19,40,Venezuela,Margaret Peacock,1997-08-22 00:00:00.000,Seafood,1104.0,8,United Package,Boston Crab Meat,San Cristóbal,HILAA,10641,New England Seafood Cannery,4,18.40,High Value,1104.0,HILARION-Abastos
30,0.2,8,21,Denmark,Robert King,1997-08-22 00:00:00.000,Confections,240.0,3,Federal Shipping,Sir Rodney's Scones,Kobenhavn,SIMOB,10642,Specialty Biscuits Ltd.,7,10.00,High Value,240.0,Simons bistro
20,0.2,29,61,Denmark,Robert King,1997-08-22 00:00:00.000,Condiments,456.0,2,Federal Shipping,Sirop d'érable,Kobenhavn,SIMOB,10642,Forêts d'érables,7,28.50,High Value,456.0,Simons bistro
15,0.25,12,28,Germany,Michael Suyama,1997-08-25 00:00:00.000,Produce,513.0,7,Speedy Express,Rössle Sauerkraut,Berlin,ALFKI,10643,Plutzer Lebensmittelgroßmärkte AG,6,45.60,Low Value,513.0,Alfreds Futterkiste
21,0.25,18,39,Germany,Michael Suyama,1997-08-25 00:00:00.000,Beverages,283.5,1,Speedy Express,Chartreuse verte,Berlin,ALFKI,10643,Aux joyeux ecclésiastiques,6,18.00,Low Value,283.5,Alfreds Futterkiste
2,0.25,21,46,Germany,Michael Suyama,1997-08-25 00:00:00.000,Seafood,18.0,8,Speedy Express,Spegesild,Berlin,ALFKI,10643,Lyngbysild,6,12.00,Low Value,18.0,Alfreds Futterkiste
4,0.1,7,18,Brazil,Janet Leverling,1997-08-25 00:00:00.000,Seafood,225.0,8,United Package,Carnarvon Tigers,Resende,WELLI,10644,Pavlova Ltd.,3,62.50,Low Value,225.0,Wellington Importadora
20,0,20,43,Brazil,Janet Leverling,1997-08-25 00:00:00.000,Beverages,920.0,1,United Package,Ipoh Coffee,Resende,WELLI,10644,Leka Trading,3,46.00,Low Value,920.0,Wellington Importadora
21,0.1,21,46,Brazil,Janet Leverling,1997-08-25 00:00:00.000,Seafood,226.8,8,United Package,Spegesild,Resende,WELLI,10644,Lyngbysild,3,12.00,Low Value,226.8,Wellington Importadora
20,0,7,18,Brazil,Margaret Peacock,1997-08-26 00:00:00.000,Seafood,1250.0,8,Speedy Express,Carnarvon Tigers,Rio de Janeiro,HANAR,10645,Pavlova Ltd.,4,62.50,High Value,1250.0,Hanari Carnes
15,0,17,36,Brazil,Margaret Peacock,1997-08-26 00:00:00.000,Seafood,285.0,8,Speedy Express,Inlagd Sill,Rio de Janeiro,HANAR,10645,Svensk Sjöföda AB,4,19.00,High Value,285.0,Hanari Carnes
15,0.25,1,1,Ireland,Anne Dodsworth,1997-08-27 00:00:00.000,Beverages,202.5,1,Federal Shipping,Chai,Cork,HUNGO,10646,Exotic Liquids,9,18.00,High Value,202.5,Hungry Owl All-Night Grocers
18,0.25,4,10,Ireland,Anne Dodsworth,1997-08-27 00:00:00.000,Seafood,418.5,8,Federal Shipping,Ikura,Cork,HUNGO,10646,Tokyo Traders,9,31.00,High Value,418.5,Hungry Owl All-Night Grocers
30,0.25,15,71,Ireland,Anne Dodsworth,1997-08-27 00:00:00.000,Dairy Products,483.75,4,Federal Shipping,Flotemysost,Cork,HUNGO,10646,Norske Meierier,9,21.50,High Value,483.75,Hungry Owl All-Night Grocers
35,0.25,12,77,Ireland,Anne Dodsworth,1997-08-27 00:00:00.000,Condiments,341.25,2,Federal Shipping,Original Frankfurter grüne Soße,Cork,HUNGO,10646,Plutzer Lebensmittelgroßmärkte AG,9,13.00,High Value,341.25,Hungry Owl All-Night Grocers
30,0,8,19,Brazil,Margaret Peacock,1997-08-27 00:00:00.000,Confections,276.0,3,United Package,Teatime Chocolate Biscuits,Rio de Janeiro,QUEDE,10647,Specialty Biscuits Ltd.,4,9.20,Low Value,276.0,Que Delícia
20,0,18,39,Brazil,Margaret Peacock,1997-08-27 00:00:00.000,Beverages,360.0,1,United Package,Chartreuse verte,Rio de Janeiro,QUEDE,10647,Aux joyeux ecclésiastiques,4,18.00,Low Value,360.0,Que Delícia
15,0,9,22,Brazil,Steven Buchanan,1997-08-28 00:00:00.000,Grains/Cereals,315.0,5,United Package,Gustaf's Knäckebröd,Rio de Janeiro,RICAR,10648,PB Knäckebröd AB,5,21.00,Medium Value,315.0,Ricardo Adocicados
15,0.15,10,24,Brazil,Steven Buchanan,1997-08-28 00:00:00.000,Beverages,57.375,1,United Package,Guaraná Fantástica,Rio de Janeiro,RICAR,10648,Refrescos Americanas LTDA,5,4.50,Medium Value,57.375,Ricardo Adocicados
20,0,12,28,Belgium,Steven Buchanan,1997-08-28 00:00:00.000,Produce,912.0,7,Federal Shipping,Rössle Sauerkraut,Bruxelles,MAISD,10649,Plutzer Lebensmittelgroßmärkte AG,5,45.60,Medium Value,912.0,Maison Dewey
15,0,14,72,Belgium,Steven Buchanan,1997-08-28 00:00:00.000,Dairy Products,522.0,4,Federal Shipping,Mozzarella di Giovanni,Bruxelles,MAISD,10649,Formaggi Fortini s.r.l.,5,34.80,Medium Value,522.0,Maison Dewey
30,0,13,30,Brazil,Steven Buchanan,1997-08-29 00:00:00.000,Seafood,776.7,8,Federal Shipping,Nord-Ost Matjeshering,Sao Paulo,FAMIA,10650,Nord-Ost-Fisch Handelsgesellschaft mbH,5,25.89,Low Value,776.7,Familia Arquibaldo
25,0.05,24,53,Brazil,Steven Buchanan,1997-08-29 00:00:00.000,Meat/Poultry,778.9999999999999,6,Federal Shipping,Perth Pasties,Sao Paulo,FAMIA,10650,G'day Mate,5,32.80,Low Value,778.9999999999999,Familia Arquibaldo
30,0,25,54,Brazil,Steven Buchanan,1997-08-29 00:00:00.000,Meat/Poultry,223.5,6,Federal Shipping,Tourtière,Sao Paulo,FAMIA,10650,Ma Maison,5,7.45,Low Value,223.5,Familia Arquibaldo
12,0.25,8,19,Germany,Laura Callahan,1997-09-01 00:00:00.000,Confections,82.8,3,United Package,Teatime Chocolate Biscuits,Stuttgart,WANDK,10651,Specialty Biscuits Ltd.,8,9.20,Medium Value,82.8,Die Wandernde Kuh
20,0.25,9,22,Germany,Laura Callahan,1997-09-01 00:00:00.000,Grains/Cereals,315.0,5,United Package,Gustaf's Knäckebröd,Stuttgart,WANDK,10651,PB Knäckebröd AB,8,21.00,Medium Value,315.0,Die Wandernde Kuh
2,0.25,13,30,Brazil,Margaret Peacock,1997-09-01 00:00:00.000,Seafood,38.835,8,United Package,Nord-Ost Matjeshering,Campinas,GOURL,10652,Nord-Ost-Fisch Handelsgesellschaft mbH,4,25.89,Medium Value,38.835,Gourmet Lanchonetes
20,0,20,42,Brazil,Margaret Peacock,1997-09-01 00:00:00.000,Grains/Cereals,280.0,5,United Package,Singaporean Hokkien Fried Mee,Campinas,GOURL,10652,Leka Trading,4,14.00,Medium Value,280.0,Gourmet Lanchonetes
30,0.1,7,16,Germany,Nancy Davolio,1997-09-02 00:00:00.000,Confections,471.15000000000003,3,Speedy Express,Pavlova,München,FRANK,10653,Pavlova Ltd.,1,17.45,High Value,471.15000000000003,Frankenversand
20,0.1,28,60,Germany,Nancy Davolio,1997-09-02 00:00:00.000,Dairy Products,612.0,4,Speedy Express,Camembert Pierrot,München,FRANK,10653,Gai pâturage,1,34.00,High Value,612.0,Frankenversand
12,0.1,2,4,Sweden,Steven Buchanan,1997-09-02 00:00:00.000,Condiments,237.6,2,Speedy Express,Chef Anton's Cajun Seasoning,Luleå,BERGS,10654,New Orleans Cajun Delights,5,22.00,High Value,237.6,Berglunds snabbköp
20,0.1,18,39,Sweden,Steven Buchanan,1997-09-02 00:00:00.000,Beverages,324.0,1,Speedy Express,Chartreuse verte,Luleå,BERGS,10654,Aux joyeux ecclésiastiques,5,18.00,High Value,324.0,Berglunds snabbköp
6,0.1,25,54,Sweden,Steven Buchanan,1997-09-02 00:00:00.000,Meat/Poultry,40.230000000000004,6,Speedy Express,Tourtière,Luleå,BERGS,10654,Ma Maison,5,7.45,High Value,40.230000000000004,Berglunds snabbköp
20,0.2,19,41,Italy,Nancy Davolio,1997-09-03 00:00:00.000,Seafood,154.4,8,United Package,Jack's New England Clam Chowder,Reggio Emilia,REGGC,10655,New England Seafood Cannery,1,9.65,Medium Value,154.4,Reggiani Caseifici
3,0.1,6,14,USA,Michael Suyama,1997-09-04 00:00:00.000,Produce,62.775,7,Speedy Express,Tofu,Eugene,GREAL,10656,Mayumi's,6,23.25,High Value,62.775,Great Lakes Food Market
28,0.1,20,44,USA,Michael Suyama,1997-09-04 00:00:00.000,Condiments,490.14000000000004,2,Speedy Express,Gula Malacca,Eugene,GREAL,10656,Leka Trading,6,19.45,High Value,490.14000000000004,Great Lakes Food Market
6,0.1,22,47,USA,Michael Suyama,1997-09-04 00:00:00.000,Confections,51.300000000000004,3,Speedy Express,Zaanse koeken,Eugene,GREAL,10656,Zaanse Snoepfabriek,6,9.50,High Value,51.300000000000004,Great Lakes Food Market
50,0,6,15,USA,Andrew Fuller,1997-09-04 00:00:00.000,Condiments,775.0,2,United Package,Genen Shouyu,Boise,SAVEA,10657,Mayumi's,2,15.50,High Value,775.0,Save-a-lot Markets
24,0,19,41,USA,Andrew Fuller,1997-09-04 00:00:00.000,Seafood,231.60000000000002,8,United Package,Jack's New England Clam Chowder,Boise,SAVEA,10657,New England Seafood Cannery,2,9.65,High Value,231.60000000000002,Save-a-lot Markets
45,0,21,46,USA,Andrew Fuller,1997-09-04 00:00:00.000,Seafood,540.0,8,United Package,Spegesild,Boise,SAVEA,10657,Lyngbysild,2,12.00,High Value,540.0,Save-a-lot Markets
10,0,22,47,USA,Andrew Fuller,1997-09-04 00:00:00.000,Confections,95.0,3,United Package,Zaanse koeken,Boise,SAVEA,10657,Zaanse Snoepfabriek,2,9.50,High Value,95.0,Save-a-lot Markets
45,0,26,56,USA,Andrew Fuller,1997-09-04 00:00:00.000,Grains/Cereals,1710.0,5,United Package,Gnocchi di nonna Alice,Boise,SAVEA,10657,Pasta Buttini s.r.l.,2,38.00,High Value,1710.0,Save-a-lot Markets
30,0,28,60,USA,Andrew Fuller,1997-09-04 00:00:00.000,Dairy Products,1020.0,4,United Package,Camembert Pierrot,Boise,SAVEA,10657,Gai pâturage,2,34.00,High Value,1020.0,Save-a-lot Markets
60,0,8,21,Germany,Margaret Peacock,1997-09-05 00:00:00.000,Confections,600.0,3,Speedy Express,Sir Rodney's Scones,Cunewalde,QUICK,10658,Specialty Biscuits Ltd.,4,10.00,High Value,600.0,QUICK-Stop
70,0.05,19,40,Germany,Margaret Peacock,1997-09-05 00:00:00.000,Seafood,1223.6,8,Speedy Express,Boston Crab Meat,Cunewalde,QUICK,10658,New England Seafood Cannery,4,18.40,High Value,1223.6,QUICK-Stop
55,0.05,28,60,Germany,Margaret Peacock,1997-09-05 00:00:00.000,Dairy Products,1776.5,4,Speedy Express,Camembert Pierrot,Cunewalde,QUICK,10658,Gai pâturage,4,34.00,High Value,1776.5,QUICK-Stop
70,0.05,12,77,Germany,Margaret Peacock,1997-09-05 00:00:00.000,Condiments,864.5,2,Speedy Express,Original Frankfurter grüne Soße,Cunewalde,QUICK,10658,Plutzer Lebensmittelgroßmärkte AG,4,13.00,High Value,864.5,QUICK-Stop
20,0.05,14,31,Brazil,Robert King,1997-09-05 00:00:00.000,Dairy Products,237.5,4,United Package,Gorgonzola Telino,Sao Paulo,QUEEN,10659,Formaggi Fortini s.r.l.,7,12.50,High Value,237.5,Queen Cozinha
24,0.05,19,40,Brazil,Robert King,1997-09-05 00:00:00.000,Seafood,419.5199999999999,8,United Package,Boston Crab Meat,Sao Paulo,QUEEN,10659,New England Seafood Cannery,7,18.40,High Value,419.5199999999999,Queen Cozinha
40,0.05,7,70,Brazil,Robert King,1997-09-05 00:00:00.000,Beverages,570.0,1,United Package,Outback Lager,Sao Paulo,QUEEN,10659,Pavlova Ltd.,7,15.00,High Value,570.0,Queen Cozinha
21,0,8,20,USA,Laura Callahan,1997-09-08 00:00:00.000,Confections,1701.0,3,Speedy Express,Sir Rodney's Marmalade,Elgin,HUNGC,10660,Specialty Biscuits Ltd.,8,81.00,Low Value,1701.0,Hungry Coyote Import Store
3,0.2,18,39,Ireland,Robert King,1997-09-09 00:00:00.000,Beverages,43.2,1,Federal Shipping,Chartreuse verte,Cork,HUNGO,10661,Aux joyeux ecclésiastiques,7,18.00,High Value,43.2,Hungry Owl All-Night Grocers
49,0.2,27,58,Ireland,Robert King,1997-09-09 00:00:00.000,Seafood,519.4,8,Federal Shipping,Escargots de Bourgogne,Cork,HUNGO,10661,Escargots Nouveaux,7,13.25,High Value,519.4,Hungry Owl All-Night Grocers
10,0,8,68,USA,Janet Leverling,1997-09-09 00:00:00.000,Confections,125.0,3,United Package,Scottish Longbreads,Portland,LONEP,10662,Specialty Biscuits Ltd.,3,12.50,Low Value,125.0,Lonesome Pine Restaurant
30,0.05,19,40,France,Andrew Fuller,1997-09-10 00:00:00.000,Seafood,524.4,8,United Package,Boston Crab Meat,Marseille,BONAP,10663,New England Seafood Cannery,2,18.40,High Value,524.4,Bon app'
30,0.05,20,42,France,Andrew Fuller,1997-09-10 00:00:00.000,Grains/Cereals,399.0,5,United Package,Singaporean Hokkien Fried Mee,Marseille,BONAP,10663,Leka Trading,2,14.00,High Value,399.0,Bon app'
20,0.05,24,51,France,Andrew Fuller,1997-09-10 00:00:00.000,Produce,1007.0,7,United Package,Manjimup Dried Apples,Marseille,BONAP,10663,G'day Mate,2,53.00,High Value,1007.0,Bon app'
24,0.15,4,10,Portugal,Nancy Davolio,1997-09-10 00:00:00.000,Seafood,632.4,8,Federal Shipping,Ikura,Lisboa,FURIB,10664,Tokyo Traders,1,31.00,Low Value,632.4,Furia Bacalhau e Frutos do Mar
12,0.15,26,56,Portugal,Nancy Davolio,1997-09-10 00:00:00.000,Grains/Cereals,387.59999999999997,5,Federal Shipping,Gnocchi di nonna Alice,Lisboa,FURIB,10664,Pasta Buttini s.r.l.,1,38.00,Low Value,387.59999999999997,Furia Bacalhau e Frutos do Mar
15,0.15,2,65,Portugal,Nancy Davolio,1997-09-10 00:00:00.000,Condiments,268.3875,2,Federal Shipping,Louisiana Fiery Hot Pepper Sauce,Lisboa,FURIB,10664,New Orleans Cajun Delights,1,21.05,Low Value,268.3875,Furia Bacalhau e Frutos do Mar
20,0,24,51,USA,Nancy Davolio,1997-09-11 00:00:00.000,Produce,1060.0,7,United Package,Manjimup Dried Apples,Portland,LONEP,10665,G'day Mate,1,53.00,Low Value,1060.0,Lonesome Pine Restaurant
1,0,28,59,USA,Nancy Davolio,1997-09-11 00:00:00.000,Dairy Products,55.0,4,United Package,Raclette Courdavault,Portland,LONEP,10665,Gai pâturage,1,55.00,Low Value,55.0,Lonesome Pine Restaurant
10,0,23,76,USA,Nancy Davolio,1997-09-11 00:00:00.000,Beverages,180.0,1,United Package,Lakkalikööri,Portland,LONEP,10665,Karkki Oy,1,18.00,Low Value,180.0,Lonesome Pine Restaurant
36,0,12,29,Switzerland,Robert King,1997-09-12 00:00:00.000,Meat/Poultry,4456.4400000000005,6,United Package,Thüringer Rostbratwurst,Genève,RICSU,10666,Plutzer Lebensmittelgroßmärkte AG,7,123.79,High Value,4456.4400000000005,Richter Supermarkt
10,0,2,65,Switzerland,Robert King,1997-09-12 00:00:00.000,Condiments,210.5,2,United Package,Louisiana Fiery Hot Pepper Sauce,Genève,RICSU,10666,New Orleans Cajun Delights,7,21.05,High Value,210.5,Richter Supermarkt
45,0.2,15,69,Austria,Robert King,1997-09-12 00:00:00.000,Dairy Products,1296.0,4,Speedy Express,Gudbrandsdalsost,Graz,ERNSH,10667,Norske Meierier,7,36.00,High Value,1296.0,Ernst Handel
14,0.2,15,71,Austria,Robert King,1997-09-12 00:00:00.000,Dairy Products,240.8,4,Speedy Express,Flotemysost,Graz,ERNSH,10667,Norske Meierier,7,21.50,High Value,240.8,Ernst Handel
8,0.1,14,31,Germany,Nancy Davolio,1997-09-15 00:00:00.000,Dairy Products,90.0,4,United Package,Gorgonzola Telino,Stuttgart,WANDK,10668,Formaggi Fortini s.r.l.,1,12.50,Medium Value,90.0,Die Wandernde Kuh
4,0.1,25,55,Germany,Nancy Davolio,1997-09-15 00:00:00.000,Meat/Poultry,86.4,6,United Package,Pâté chinois,Stuttgart,WANDK,10668,Ma Maison,1,24.00,Medium Value,86.4,Die Wandernde Kuh
15,0.1,12,64,Germany,Nancy Davolio,1997-09-15 00:00:00.000,Grains/Cereals,448.875,5,United Package,Wimmers gute Semmelknödel,Stuttgart,WANDK,10668,Plutzer Lebensmittelgroßmärkte AG,1,33.25,Medium Value,448.875,Die Wandernde Kuh
30,0,17,36,Denmark,Andrew Fuller,1997-09-15 00:00:00.000,Seafood,570.0,8,Speedy Express,Inlagd Sill,Kobenhavn,SIMOB,10669,Svensk Sjöföda AB,2,19.00,High Value,570.0,Simons bistro
32,0,9,23,Germany,Margaret Peacock,1997-09-16 00:00:00.000,Grains/Cereals,288.0,5,Speedy Express,Tunnbröd,München,FRANK,10670,PB Knäckebröd AB,4,9.00,High Value,288.0,Frankenversand
60,0,21,46,Germany,Margaret Peacock,1997-09-16 00:00:00.000,Seafood,720.0,8,Speedy Express,Spegesild,München,FRANK,10670,Lyngbysild,4,12.00,High Value,720.0,Frankenversand
25,0,16,67,Germany,Margaret Peacock,1997-09-16 00:00:00.000,Beverages,350.0,1,Speedy Express,Laughing Lumberjack Lager,München,FRANK,10670,Bigfoot Breweries,4,14.00,High Value,350.0,Frankenversand
50,0,17,73,Germany,Margaret Peacock,1997-09-16 00:00:00.000,Seafood,750.0,8,Speedy Express,Röd Kaviar,München,FRANK,10670,Svensk Sjöföda AB,4,15.00,High Value,750.0,Frankenversand
25,0,12,75,Germany,Margaret Peacock,1997-09-16 00:00:00.000,Beverages,193.75,1,Speedy Express,Rhönbräu Klosterbier,München,FRANK,10670,Plutzer Lebensmittelgroßmärkte AG,4,7.75,High Value,193.75,Frankenversand
10,0,7,16,France,Nancy Davolio,1997-09-17 00:00:00.000,Confections,174.5,3,Speedy Express,Pavlova,Nantes,FRANR,10671,Pavlova Ltd.,1,17.45,Low Value,174.5,France restauration
10,0,29,62,France,Nancy Davolio,1997-09-17 00:00:00.000,Confections,493.0,3,Speedy Express,Tarte au sucre,Nantes,FRANR,10671,Forêts d'érables,1,49.30,Low Value,493.0,France restauration
12,0,2,65,France,Nancy Davolio,1997-09-17 00:00:00.000,Condiments,252.60000000000002,2,Speedy Express,Louisiana Fiery Hot Pepper Sauce,Nantes,FRANR,10671,New Orleans Cajun Delights,1,21.05,Low Value,252.60000000000002,France restauration
15,0.1,18,38,Sweden,Anne Dodsworth,1997-09-17 00:00:00.000,Beverages,3557.25,1,United Package,Côte de Blaye,Luleå,BERGS,10672,Aux joyeux ecclésiastiques,9,263.50,High Value,3557.25,Berglunds snabbköp
12,0,15,71,Sweden,Anne Dodsworth,1997-09-17 00:00:00.000,Dairy Products,258.0,4,United Package,Flotemysost,Luleå,BERGS,10672,Norske Meierier,9,21.50,High Value,258.0,Berglunds snabbköp
3,0,7,16,Finland,Andrew Fuller,1997-09-18 00:00:00.000,Confections,52.349999999999994,3,Speedy Express,Pavlova,Helsinki,WILMK,10673,Pavlova Ltd.,2,17.45,Low Value,52.349999999999994,Wilman Kala
6,0,20,42,Finland,Andrew Fuller,1997-09-18 00:00:00.000,Grains/Cereals,84.0,5,Speedy Express,Singaporean Hokkien Fried Mee,Helsinki,WILMK,10673,Leka Trading,2,14.00,Low Value,84.0,Wilman Kala
6,0,20,43,Finland,Andrew Fuller,1997-09-18 00:00:00.000,Beverages,276.0,1,Speedy Express,Ipoh Coffee,Helsinki,WILMK,10673,Leka Trading,2,46.00,Low Value,276.0,Wilman Kala
5,0,9,23,UK,Margaret Peacock,1997-09-18 00:00:00.000,Grains/Cereals,45.0,5,United Package,Tunnbröd,Cowes,ISLAT,10674,PB Knäckebröd AB,4,9.00,Low Value,45.0,Island Trading
30,0,6,14,Germany,Steven Buchanan,1997-09-19 00:00:00.000,Produce,697.5,7,United Package,Tofu,München,FRANK,10675,Mayumi's,5,23.25,High Value,697.5,Frankenversand
10,0,24,53,Germany,Steven Buchanan,1997-09-19 00:00:00.000,Meat/Poultry,328.0,6,United Package,Perth Pasties,München,FRANK,10675,G'day Mate,5,32.80,High Value,328.0,Frankenversand
30,0,27,58,Germany,Steven Buchanan,1997-09-19 00:00:00.000,Seafood,397.5,8,United Package,Escargots de Bourgogne,München,FRANK,10675,Escargots Nouveaux,5,13.25,High Value,397.5,Frankenversand
2,0,4,10,Mexico,Andrew Fuller,1997-09-22 00:00:00.000,Seafood,62.0,8,United Package,Ikura,México D.F.,TORTU,10676,Tokyo Traders,2,31.00,Medium Value,62.0,Tortuga Restaurante
7,0,8,19,Mexico,Andrew Fuller,1997-09-22 00:00:00.000,Confections,64.39999999999999,3,United Package,Teatime Chocolate Biscuits,México D.F.,TORTU,10676,Specialty Biscuits Ltd.,2,9.20,Medium Value,64.39999999999999,Tortuga Restaurante
21,0,20,44,Mexico,Andrew Fuller,1997-09-22 00:00:00.000,Condiments,408.45,2,United Package,Gula Malacca,México D.F.,TORTU,10676,Leka Trading,2,19.45,Medium Value,408.45,Tortuga Restaurante
30,0.15,11,26,Mexico,Nancy Davolio,1997-09-22 00:00:00.000,Confections,796.365,3,Federal Shipping,Gumbär Gummibärchen,México D.F.,ANTON,10677,Heli Süßwaren GmbH & Co. KG,1,31.23,Low Value,796.365,Antonio Moreno Taquería
8,0.15,15,33,Mexico,Nancy Davolio,1997-09-22 00:00:00.000,Dairy Products,17.0,4,Federal Shipping,Geitost,México D.F.,ANTON,10677,Norske Meierier,1,2.50,Low Value,17.0,Antonio Moreno Taquería
100,0,5,12,USA,Robert King,1997-09-23 00:00:00.000,Dairy Products,3800.0,4,Federal Shipping,Queso Manchego La Pastora,Boise,SAVEA,10678,Cooperativa de Quesos 'Las Cabras',7,38.00,High Value,3800.0,Save-a-lot Markets
30,0,15,33,USA,Robert King,1997-09-23 00:00:00.000,Dairy Products,75.0,4,Federal Shipping,Geitost,Boise,SAVEA,10678,Norske Meierier,7,2.50,High Value,75.0,Save-a-lot Markets
120,0,19,41,USA,Robert King,1997-09-23 00:00:00.000,Seafood,1158.0,8,Federal Shipping,Jack's New England Clam Chowder,Boise,SAVEA,10678,New England Seafood Cannery,7,9.65,High Value,1158.0,Save-a-lot Markets
30,0,25,54,USA,Robert King,1997-09-23 00:00:00.000,Meat/Poultry,223.5,6,Federal Shipping,Tourtière,Boise,SAVEA,10678,Ma Maison,7,7.45,High Value,223.5,Save-a-lot Markets
12,0,28,59,France,Laura Callahan,1997-09-23 00:00:00.000,Dairy Products,660.0,4,Federal Shipping,Raclette Courdavault,Strasbourg,BLONP,10679,Gai pâturage,8,55.00,High Value,660.0,Blondesddsl père et fils
50,0.25,7,16,USA,Nancy Davolio,1997-09-24 00:00:00.000,Confections,654.375,3,Speedy Express,Pavlova,Anchorage,OLDWO,10680,Pavlova Ltd.,1,17.45,Medium Value,654.375,Old World Delicatessen
20,0.25,14,31,USA,Nancy Davolio,1997-09-24 00:00:00.000,Dairy Products,187.5,4,Speedy Express,Gorgonzola Telino,Anchorage,OLDWO,10680,Formaggi Fortini s.r.l.,1,12.50,Medium Value,187.5,Old World Delicatessen
40,0.25,20,42,USA,Nancy Davolio,1997-09-24 00:00:00.000,Grains/Cereals,420.0,5,Speedy Express,Singaporean Hokkien Fried Mee,Anchorage,OLDWO,10680,Leka Trading,1,14.00,Medium Value,420.0,Old World Delicatessen
30,0.1,8,19,USA,Janet Leverling,1997-09-25 00:00:00.000,Confections,248.4,3,Federal Shipping,Teatime Chocolate Biscuits,Eugene,GREAL,10681,Specialty Biscuits Ltd.,3,9.20,High Value,248.4,Great Lakes Food Market
12,0.1,8,21,USA,Janet Leverling,1997-09-25 00:00:00.000,Confections,108.0,3,Federal Shipping,Sir Rodney's Scones,Eugene,GREAL,10681,Specialty Biscuits Ltd.,3,10.00,High Value,108.0,Great Lakes Food Market
28,0,12,64,USA,Janet Leverling,1997-09-25 00:00:00.000,Grains/Cereals,931.0,5,Federal Shipping,Wimmers gute Semmelknödel,Eugene,GREAL,10681,Plutzer Lebensmittelgroßmärkte AG,3,33.25,High Value,931.0,Great Lakes Food Market
30,0,15,33,Mexico,Janet Leverling,1997-09-25 00:00:00.000,Dairy Products,75.0,4,United Package,Geitost,México D.F.,ANTON,10682,Norske Meierier,3,2.50,Low Value,75.0,Antonio Moreno Taquería
4,0,2,66,Mexico,Janet Leverling,1997-09-25 00:00:00.000,Condiments,68.0,2,United Package,Louisiana Hot Spiced Okra,México D.F.,ANTON,10682,New Orleans Cajun Delights,3,17.00,Low Value,68.0,Antonio Moreno Taquería
30,0,12,75,Mexico,Janet Leverling,1997-09-25 00:00:00.000,Beverages,232.5,1,United Package,Rhönbräu Klosterbier,México D.F.,ANTON,10682,Plutzer Lebensmittelgroßmärkte AG,3,7.75,Low Value,232.5,Antonio Moreno Taquería
9,0,24,52,France,Andrew Fuller,1997-09-26 00:00:00.000,Grains/Cereals,63.0,5,Speedy Express,Filo Mix,Nantes,DUMON,10683,G'day Mate,2,7.00,Low Value,63.0,Du monde entier
20,0,19,40,Germany,Janet Leverling,1997-09-26 00:00:00.000,Seafood,368.0,8,Speedy Express,Boston Crab Meat,Köln,OTTIK,10684,New England Seafood Cannery,3,18.40,Medium Value,368.0,Ottilies Käseladen
40,0,22,47,Germany,Janet Leverling,1997-09-26 00:00:00.000,Confections,380.0,3,Speedy Express,Zaanse koeken,Köln,OTTIK,10684,Zaanse Snoepfabriek,3,9.50,Medium Value,380.0,Ottilies Käseladen
30,0,28,60,Germany,Janet Leverling,1997-09-26 00:00:00.000,Dairy Products,1020.0,4,Speedy Express,Camembert Pierrot,Köln,OTTIK,10684,Gai pâturage,3,34.00,Medium Value,1020.0,Ottilies Käseladen
20,0,4,10,Brazil,Margaret Peacock,1997-09-29 00:00:00.000,Seafood,620.0,8,United Package,Ikura,Campinas,GOURL,10685,Tokyo Traders,4,31.00,Medium Value,620.0,Gourmet Lanchonetes
4,0,19,41,Brazil,Margaret Peacock,1997-09-29 00:00:00.000,Seafood,38.6,8,United Package,Jack's New England Clam Chowder,Campinas,GOURL,10685,New England Seafood Cannery,4,9.65,Medium Value,38.6,Gourmet Lanchonetes
15,0,22,47,Brazil,Margaret Peacock,1997-09-29 00:00:00.000,Confections,142.5,3,United Package,Zaanse koeken,Campinas,GOURL,10685,Zaanse Snoepfabriek,4,9.50,Medium Value,142.5,Gourmet Lanchonetes
30,0.2,7,17,Austria,Andrew Fuller,1997-09-30 00:00:00.000,Meat/Poultry,936.0,6,Speedy Express,Alice Mutton,Salzburg,PICCO,10686,Pavlova Ltd.,2,39.00,High Value,936.0,Piccolo und mehr
15,0,11,26,Austria,Andrew Fuller,1997-09-30 00:00:00.000,Confections,468.45,3,Speedy Express,Gumbär Gummibärchen,Salzburg,PICCO,10686,Heli Süßwaren GmbH & Co. KG,2,31.23,High Value,468.45,Piccolo und mehr
50,0.25,4,9,Ireland,Anne Dodsworth,1997-09-30 00:00:00.000,Meat/Poultry,3637.5,6,United Package,Mishi Kobe Niku,Cork,HUNGO,10687,Tokyo Traders,9,97.00,High Value,3637.5,Hungry Owl All-Night Grocers
10,0,12,29,Ireland,Anne Dodsworth,1997-09-30 00:00:00.000,Meat/Poultry,1237.9,6,United Package,Thüringer Rostbratwurst,Cork,HUNGO,10687,Plutzer Lebensmittelgroßmärkte AG,9,123.79,High Value,1237.9,Hungry Owl All-Night Grocers
6,0.25,17,36,Ireland,Anne Dodsworth,1997-09-30 00:00:00.000,Seafood,85.5,8,United Package,Inlagd Sill,Cork,HUNGO,10687,Svensk Sjöföda AB,9,19.00,High Value,85.5,Hungry Owl All-Night Grocers
18,0.1,4,10,Denmark,Margaret Peacock,1997-10-01 00:00:00.000,Seafood,502.2,8,United Package,Ikura,Århus,VAFFE,10688,Tokyo Traders,4,31.00,Medium Value,502.2,Vaffeljernet
60,0.1,12,28,Denmark,Margaret Peacock,1997-10-01 00:00:00.000,Produce,2462.4,7,United Package,Rössle Sauerkraut,Århus,VAFFE,10688,Plutzer Lebensmittelgroßmärkte AG,4,45.60,Medium Value,2462.4,Vaffeljernet
14,0,16,34,Denmark,Margaret Peacock,1997-10-01 00:00:00.000,Beverages,196.0,1,United Package,Sasquatch Ale,Århus,VAFFE,10688,Bigfoot Breweries,4,14.00,Medium Value,196.0,Vaffeljernet
35,0.25,1,1,Sweden,Nancy Davolio,1997-10-01 00:00:00.000,Beverages,472.5,1,United Package,Chai,Luleå,BERGS,10689,Exotic Liquids,1,18.00,High Value,472.5,Berglunds snabbköp
20,0.25,26,56,Brazil,Nancy Davolio,1997-10-02 00:00:00.000,Grains/Cereals,570.0,5,Speedy Express,Gnocchi di nonna Alice,Rio de Janeiro,HANAR,10690,Pasta Buttini s.r.l.,1,38.00,High Value,570.0,Hanari Carnes
30,0.25,12,77,Brazil,Nancy Davolio,1997-10-02 00:00:00.000,Condiments,292.5,2,Speedy Express,Original Frankfurter grüne Soße,Rio de Janeiro,HANAR,10690,Plutzer Lebensmittelgroßmärkte AG,1,13.00,High Value,292.5,Hanari Carnes
30,0,1,1,Germany,Andrew Fuller,1997-10-03 00:00:00.000,Beverages,540.0,1,United Package,Chai,Cunewalde,QUICK,10691,Exotic Liquids,2,18.00,High Value,540.0,QUICK-Stop
40,0,12,29,Germany,Andrew Fuller,1997-10-03 00:00:00.000,Meat/Poultry,4951.6,6,United Package,Thüringer Rostbratwurst,Cunewalde,QUICK,10691,Plutzer Lebensmittelgroßmärkte AG,2,123.79,High Value,4951.6,QUICK-Stop
40,0,20,43,Germany,Andrew Fuller,1997-10-03 00:00:00.000,Beverages,1840.0,1,United Package,Ipoh Coffee,Cunewalde,QUICK,10691,Leka Trading,2,46.00,High Value,1840.0,QUICK-Stop
24,0,20,44,Germany,Andrew Fuller,1997-10-03 00:00:00.000,Condiments,466.79999999999995,2,United Package,Gula Malacca,Cunewalde,QUICK,10691,Leka Trading,2,19.45,High Value,466.79999999999995,QUICK-Stop
48,0,29,62,Germany,Andrew Fuller,1997-10-03 00:00:00.000,Confections,2366.3999999999996,3,United Package,Tarte au sucre,Cunewalde,QUICK,10691,Forêts d'érables,2,49.30,High Value,2366.3999999999996,QUICK-Stop
20,0,7,63,Germany,Margaret Peacock,1997-10-03 00:00:00.000,Condiments,878.0,2,United Package,Vegie-spread,Berlin,ALFKI,10692,Pavlova Ltd.,4,43.90,Low Value,878.0,Alfreds Futterkiste
6,0,4,9,USA,Janet Leverling,1997-10-06 00:00:00.000,Meat/Poultry,582.0,6,Federal Shipping,Mishi Kobe Niku,Seattle,WHITC,10693,Tokyo Traders,3,97.00,High Value,582.0,White Clover Markets
60,0.15,25,54,USA,Janet Leverling,1997-10-06 00:00:00.000,Meat/Poultry,379.95,6,Federal Shipping,Tourtière,Seattle,WHITC,10693,Ma Maison,3,7.45,High Value,379.95,White Clover Markets
30,0.15,15,69,USA,Janet Leverling,1997-10-06 00:00:00.000,Dairy Products,918.0,4,Federal Shipping,Gudbrandsdalsost,Seattle,WHITC,10693,Norske Meierier,3,36.00,High Value,918.0,White Clover Markets
15,0.15,17,73,USA,Janet Leverling,1997-10-06 00:00:00.000,Seafood,191.25,8,Federal Shipping,Röd Kaviar,Seattle,WHITC,10693,Svensk Sjöföda AB,3,15.00,High Value,191.25,White Clover Markets
90,0,3,7,Germany,Laura Callahan,1997-10-06 00:00:00.000,Produce,2700.0,7,Federal Shipping,Uncle Bob's Organic Dried Pears,Cunewalde,QUICK,10694,Grandma Kelly's Homestead,8,30.00,High Value,2700.0,QUICK-Stop
25,0,28,59,Germany,Laura Callahan,1997-10-06 00:00:00.000,Dairy Products,1375.0,4,Federal Shipping,Raclette Courdavault,Cunewalde,QUICK,10694,Gai pâturage,8,55.00,High Value,1375.0,QUICK-Stop
50,0,7,70,Germany,Laura Callahan,1997-10-06 00:00:00.000,Beverages,750.0,1,Federal Shipping,Outback Lager,Cunewalde,QUICK,10694,Pavlova Ltd.,8,15.00,High Value,750.0,QUICK-Stop
10,0,3,8,Finland,Robert King,1997-10-07 00:00:00.000,Condiments,400.0,2,Speedy Express,Northwoods Cranberry Sauce,Helsinki,WILMK,10695,Grandma Kelly's Homestead,7,40.00,Low Value,400.0,Wilman Kala
4,0,5,12,Finland,Robert King,1997-10-07 00:00:00.000,Dairy Products,152.0,4,Speedy Express,Queso Manchego La Pastora,Helsinki,WILMK,10695,Cooperativa de Quesos 'Las Cabras',7,38.00,Low Value,152.0,Wilman Kala
20,0,10,24,Finland,Robert King,1997-10-07 00:00:00.000,Beverages,90.0,1,Speedy Express,Guaraná Fantástica,Helsinki,WILMK,10695,Refrescos Americanas LTDA,7,4.50,Low Value,90.0,Wilman Kala
20,0,7,17,USA,Laura Callahan,1997-10-08 00:00:00.000,Meat/Poultry,780.0,6,Federal Shipping,Alice Mutton,Seattle,WHITC,10696,Pavlova Ltd.,8,39.00,High Value,780.0,White Clover Markets
18,0,21,46,USA,Laura Callahan,1997-10-08 00:00:00.000,Seafood,216.0,8,Federal Shipping,Spegesild,Seattle,WHITC,10696,Lyngbysild,8,12.00,High Value,216.0,White Clover Markets
7,0.25,8,19,Venezuela,Janet Leverling,1997-10-08 00:00:00.000,Confections,48.3,3,Speedy Express,Teatime Chocolate Biscuits,I. de Margarita,LINOD,10697,Specialty Biscuits Ltd.,3,9.20,Medium Value,48.3,LINO-Delicateses
9,0.25,16,35,Venezuela,Janet Leverling,1997-10-08 00:00:00.000,Beverages,121.5,1,Speedy Express,Steeleye Stout,I. de Margarita,LINOD,10697,Bigfoot Breweries,3,18.00,Medium Value,121.5,LINO-Delicateses
30,0.25,27,58,Venezuela,Janet Leverling,1997-10-08 00:00:00.000,Seafood,298.125,8,Speedy Express,Escargots de Bourgogne,I. de Margarita,LINOD,10697,Escargots Nouveaux,3,13.25,Medium Value,298.125,LINO-Delicateses
30,0.25,7,70,Venezuela,Janet Leverling,1997-10-08 00:00:00.000,Beverages,337.5,1,Speedy Express,Outback Lager,I. de Margarita,LINOD,10697,Pavlova Ltd.,3,15.00,Medium Value,337.5,LINO-Delicateses
15,0,5,11,Austria,Margaret Peacock,1997-10-09 00:00:00.000,Dairy Products,315.0,4,Speedy Express,Queso Cabrales,Graz,ERNSH,10698,Cooperativa de Quesos 'Las Cabras',4,21.00,High Value,315.0,Ernst Handel
8,0.05,7,17,Austria,Margaret Peacock,1997-10-09 00:00:00.000,Meat/Poultry,296.4,6,Speedy Express,Alice Mutton,Graz,ERNSH,10698,Pavlova Ltd.,4,39.00,High Value,296.4,Ernst Handel
12,0.05,12,29,Austria,Margaret Peacock,1997-10-09 00:00:00.000,Meat/Poultry,1411.206,6,Speedy Express,Thüringer Rostbratwurst,Graz,ERNSH,10698,Plutzer Lebensmittelgroßmärkte AG,4,123.79,High Value,1411.206,Ernst Handel
65,0.05,2,65,Austria,Margaret Peacock,1997-10-09 00:00:00.000,Condiments,1299.8374999999999,2,Speedy Express,Louisiana Fiery Hot Pepper Sauce,Graz,ERNSH,10698,New Orleans Cajun Delights,4,21.05,High Value,1299.8374999999999,Ernst Handel
8,0.05,7,70,Austria,Margaret Peacock,1997-10-09 00:00:00.000,Beverages,114.0,1,Speedy Express,Outback Lager,Graz,ERNSH,10698,Pavlova Ltd.,4,15.00,High Value,114.0,Ernst Handel
12,0,22,47,Germany,Janet Leverling,1997-10-09 00:00:00.000,Confections,114.0,3,Federal Shipping,Zaanse koeken,Leipzig,MORGK,10699,Zaanse Snoepfabriek,3,9.50,Low Value,114.0,Morgenstern Gesundkost
5,0.2,1,1,USA,Janet Leverling,1997-10-10 00:00:00.000,Beverages,72.0,1,Speedy Express,Chai,Boise,SAVEA,10700,Exotic Liquids,3,18.00,High Value,72.0,Save-a-lot Markets
12,0.2,16,34,USA,Janet Leverling,1997-10-10 00:00:00.000,Beverages,134.4,1,Speedy Express,Sasquatch Ale,Boise,SAVEA,10700,Bigfoot Breweries,3,14.00,High Value,134.4,Save-a-lot Markets
40,0.2,8,68,USA,Janet Leverling,1997-10-10 00:00:00.000,Confections,400.0,3,Speedy Express,Scottish Longbreads,Boise,SAVEA,10700,Specialty Biscuits Ltd.,3,12.50,High Value,400.0,Save-a-lot Markets
60,0.2,15,71,USA,Janet Leverling,1997-10-10 00:00:00.000,Dairy Products,1032.0,4,Speedy Express,Flotemysost,Boise,SAVEA,10700,Norske Meierier,3,21.50,High Value,1032.0,Save-a-lot Markets
42,0.15,28,59,Ireland,Michael Suyama,1997-10-13 00:00:00.000,Dairy Products,1963.5,4,Federal Shipping,Raclette Courdavault,Cork,HUNGO,10701,Gai pâturage,6,55.00,High Value,1963.5,Hungry Owl All-Night Grocers
20,0.15,15,71,Ireland,Michael Suyama,1997-10-13 00:00:00.000,Dairy Products,365.5,4,Federal Shipping,Flotemysost,Cork,HUNGO,10701,Norske Meierier,6,21.50,High Value,365.5,Hungry Owl All-Night Grocers
35,0.15,23,76,Ireland,Michael Suyama,1997-10-13 00:00:00.000,Beverages,535.5,1,Federal Shipping,Lakkalikööri,Cork,HUNGO,10701,Karkki Oy,6,18.00,High Value,535.5,Hungry Owl All-Night Grocers
6,0,1,3,Germany,Margaret Peacock,1997-10-13 00:00:00.000,Condiments,60.0,2,Speedy Express,Aniseed Syrup,Berlin,ALFKI,10702,Exotic Liquids,4,10.00,Low Value,60.0,Alfreds Futterkiste
15,0,23,76,Germany,Margaret Peacock,1997-10-13 00:00:00.000,Beverages,270.0,1,Speedy Express,Lakkalikööri,Berlin,ALFKI,10702,Karkki Oy,4,18.00,Low Value,270.0,Alfreds Futterkiste
5,0,1,2,Sweden,Michael Suyama,1997-10-14 00:00:00.000,Beverages,95.0,1,United Package,Chang,Bräcke,FOLKO,10703,Exotic Liquids,6,19.00,High Value,95.0,Folk och fä HB
35,0,28,59,Sweden,Michael Suyama,1997-10-14 00:00:00.000,Dairy Products,1925.0,4,United Package,Raclette Courdavault,Bräcke,FOLKO,10703,Gai pâturage,6,55.00,High Value,1925.0,Folk och fä HB
35,0,17,73,Sweden,Michael Suyama,1997-10-14 00:00:00.000,Seafood,525.0,8,United Package,Röd Kaviar,Bräcke,FOLKO,10703,Svensk Sjöföda AB,6,15.00,High Value,525.0,Folk och fä HB
6,0,2,4,Brazil,Michael Suyama,1997-10-14 00:00:00.000,Condiments,132.0,2,Speedy Express,Chef Anton's Cajun Seasoning,Sao Paulo,QUEEN,10704,New Orleans Cajun Delights,6,22.00,High Value,132.0,Queen Cozinha
35,0,10,24,Brazil,Michael Suyama,1997-10-14 00:00:00.000,Beverages,157.5,1,Speedy Express,Guaraná Fantástica,Sao Paulo,QUEEN,10704,Refrescos Americanas LTDA,6,4.50,High Value,157.5,Queen Cozinha
24,0,22,48,Brazil,Michael Suyama,1997-10-14 00:00:00.000,Confections,306.0,3,Speedy Express,Chocolade,Sao Paulo,QUEEN,10704,Zaanse Snoepfabriek,6,12.75,High Value,306.0,Queen Cozinha
20,0,14,31,Venezuela,Anne Dodsworth,1997-10-15 00:00:00.000,Dairy Products,250.0,4,United Package,Gorgonzola Telino,San Cristóbal,HILAA,10705,Formaggi Fortini s.r.l.,9,12.50,High Value,250.0,HILARION-Abastos
4,0,14,32,Venezuela,Anne Dodsworth,1997-10-15 00:00:00.000,Dairy Products,128.0,4,United Package,Mascarpone Fabioli,San Cristóbal,HILAA,10705,Formaggi Fortini s.r.l.,9,32.00,High Value,128.0,HILARION-Abastos
20,0,7,16,USA,Laura Callahan,1997-10-16 00:00:00.000,Confections,349.0,3,Federal Shipping,Pavlova,Anchorage,OLDWO,10706,Pavlova Ltd.,8,17.45,Medium Value,349.0,Old World Delicatessen
24,0,20,43,USA,Laura Callahan,1997-10-16 00:00:00.000,Beverages,1104.0,1,Federal Shipping,Ipoh Coffee,Anchorage,OLDWO,10706,Leka Trading,8,46.00,Medium Value,1104.0,Old World Delicatessen
8,0,28,59,USA,Laura Callahan,1997-10-16 00:00:00.000,Dairy Products,440.0,4,Federal Shipping,Raclette Courdavault,Anchorage,OLDWO,10706,Gai pâturage,8,55.00,Medium Value,440.0,Old World Delicatessen
21,0,25,55,UK,Margaret Peacock,1997-10-16 00:00:00.000,Meat/Poultry,504.0,6,Federal Shipping,Pâté chinois,Colchester,AROUT,10707,Ma Maison,4,24.00,Medium Value,504.0,Around the Horn
40,0,26,57,UK,Margaret Peacock,1997-10-16 00:00:00.000,Grains/Cereals,780.0,5,Federal Shipping,Ravioli Angelo,Colchester,AROUT,10707,Pasta Buttini s.r.l.,4,19.50,Medium Value,780.0,Around the Horn
28,0.15,7,70,UK,Margaret Peacock,1997-10-16 00:00:00.000,Beverages,357.0,1,Federal Shipping,Outback Lager,Colchester,AROUT,10707,Pavlova Ltd.,4,15.00,Medium Value,357.0,Around the Horn
4,0,2,5,USA,Michael Suyama,1997-10-17 00:00:00.000,Condiments,85.4,2,United Package,Chef Anton's Gumbo Mix,Portland,THEBI,10708,New Orleans Cajun Delights,6,21.35,Low Value,85.4,The Big Cheese
5,0,17,36,USA,Michael Suyama,1997-10-17 00:00:00.000,Seafood,95.0,8,United Package,Inlagd Sill,Portland,THEBI,10708,Svensk Sjöföda AB,6,19.00,Low Value,95.0,The Big Cheese
40,0,3,8,Brazil,Nancy Davolio,1997-10-17 00:00:00.000,Condiments,1600.0,2,Federal Shipping,Northwoods Cranberry Sauce,Campinas,GOURL,10709,Grandma Kelly's Homestead,1,40.00,Medium Value,1600.0,Gourmet Lanchonetes
28,0,24,51,Brazil,Nancy Davolio,1997-10-17 00:00:00.000,Produce,1484.0,7,Federal Shipping,Manjimup Dried Apples,Campinas,GOURL,10709,G'day Mate,1,53.00,Medium Value,1484.0,Gourmet Lanchonetes
10,0,28,60,Brazil,Nancy Davolio,1997-10-17 00:00:00.000,Dairy Products,340.0,4,Federal Shipping,Camembert Pierrot,Campinas,GOURL,10709,Gai pâturage,1,34.00,Medium Value,340.0,Gourmet Lanchonetes
5,0,8,19,Italy,Nancy Davolio,1997-10-20 00:00:00.000,Confections,46.0,3,Speedy Express,Teatime Chocolate Biscuits,Torino,FRANS,10710,Specialty Biscuits Ltd.,1,9.20,Low Value,46.0,Franchi S.p.A.
5,0,22,47,Italy,Nancy Davolio,1997-10-20 00:00:00.000,Confections,47.5,3,Speedy Express,Zaanse koeken,Torino,FRANS,10710,Zaanse Snoepfabriek,1,9.50,Low Value,47.5,Franchi S.p.A.
12,0,8,19,USA,Steven Buchanan,1997-10-21 00:00:00.000,Confections,110.39999999999999,3,United Package,Teatime Chocolate Biscuits,Boise,SAVEA,10711,Specialty Biscuits Ltd.,5,9.20,High Value,110.39999999999999,Save-a-lot Markets
42,0,19,41,USA,Steven Buchanan,1997-10-21 00:00:00.000,Seafood,405.3,8,United Package,Jack's New England Clam Chowder,Boise,SAVEA,10711,New England Seafood Cannery,5,9.65,High Value,405.3,Save-a-lot Markets
120,0,24,53,USA,Steven Buchanan,1997-10-21 00:00:00.000,Meat/Poultry,3935.9999999999995,6,United Package,Perth Pasties,Boise,SAVEA,10711,G'day Mate,5,32.80,High Value,3935.9999999999995,Save-a-lot Markets
3,0.05,24,53,Ireland,Janet Leverling,1997-10-21 00:00:00.000,Meat/Poultry,93.47999999999999,6,Speedy Express,Perth Pasties,Cork,HUNGO,10712,G'day Mate,3,32.80,High Value,93.47999999999999,Hungry Owl All-Night Grocers
30,0,26,56,Ireland,Janet Leverling,1997-10-21 00:00:00.000,Grains/Cereals,1140.0,5,Speedy Express,Gnocchi di nonna Alice,Cork,HUNGO,10712,Pasta Buttini s.r.l.,3,38.00,High Value,1140.0,Hungry Owl All-Night Grocers
18,0,4,10,USA,Nancy Davolio,1997-10-22 00:00:00.000,Seafood,558.0,8,Speedy Express,Ikura,Boise,SAVEA,10713,Tokyo Traders,1,31.00,High Value,558.0,Save-a-lot Markets
30,0,11,26,USA,Nancy Davolio,1997-10-22 00:00:00.000,Confections,936.9,3,Speedy Express,Gumbär Gummibärchen,Boise,SAVEA,10713,Heli Süßwaren GmbH & Co. KG,1,31.23,High Value,936.9,Save-a-lot Markets
110,0,21,45,USA,Nancy Davolio,1997-10-22 00:00:00.000,Seafood,1045.0,8,Speedy Express,Rogede sild,Boise,SAVEA,10713,Lyngbysild,1,9.50,High Value,1045.0,Save-a-lot Markets
24,0,21,46,USA,Nancy Davolio,1997-10-22 00:00:00.000,Seafood,288.0,8,Speedy Express,Spegesild,Boise,SAVEA,10713,Lyngbysild,1,12.00,High Value,288.0,Save-a-lot Markets
30,0.25,1,2,USA,Steven Buchanan,1997-10-22 00:00:00.000,Beverages,427.5,1,Federal Shipping,Chang,Boise,SAVEA,10714,Exotic Liquids,5,19.00,High Value,427.5,Save-a-lot Markets
27,0.25,7,17,USA,Steven Buchanan,1997-10-22 00:00:00.000,Meat/Poultry,789.75,6,Federal Shipping,Alice Mutton,Boise,SAVEA,10714,Pavlova Ltd.,5,39.00,High Value,789.75,Save-a-lot Markets
50,0.25,22,47,USA,Steven Buchanan,1997-10-22 00:00:00.000,Confections,356.25,3,Federal Shipping,Zaanse koeken,Boise,SAVEA,10714,Zaanse Snoepfabriek,5,9.50,High Value,356.25,Save-a-lot Markets
18,0.25,26,56,USA,Steven Buchanan,1997-10-22 00:00:00.000,Grains/Cereals,513.0,5,Federal Shipping,Gnocchi di nonna Alice,Boise,SAVEA,10714,Pasta Buttini s.r.l.,5,38.00,High Value,513.0,Save-a-lot Markets
12,0.25,27,58,USA,Steven Buchanan,1997-10-22 00:00:00.000,Seafood,119.25,8,Federal Shipping,Escargots de Bourgogne,Boise,SAVEA,10714,Escargots Nouveaux,5,13.25,High Value,119.25,Save-a-lot Markets
21,0,4,10,France,Janet Leverling,1997-10-23 00:00:00.000,Seafood,651.0,8,Speedy Express,Ikura,Marseille,BONAP,10715,Tokyo Traders,3,31.00,High Value,651.0,Bon app'
30,0,15,71,France,Janet Leverling,1997-10-23 00:00:00.000,Dairy Products,645.0,4,Speedy Express,Flotemysost,Marseille,BONAP,10715,Norske Meierier,3,21.50,High Value,645.0,Bon app'
5,0,8,21,Argentina,Margaret Peacock,1997-10-24 00:00:00.000,Confections,50.0,3,United Package,Sir Rodney's Scones,Buenos Aires,RANCH,10716,Specialty Biscuits Ltd.,4,10.00,Low Value,50.0,Rancho grande
7,0,24,51,Argentina,Margaret Peacock,1997-10-24 00:00:00.000,Produce,371.0,7,United Package,Manjimup Dried Apples,Buenos Aires,RANCH,10716,G'day Mate,4,53.00,Low Value,371.0,Rancho grande
10,0,29,61,Argentina,Margaret Peacock,1997-10-24 00:00:00.000,Condiments,285.0,2,United Package,Sirop d'érable,Buenos Aires,RANCH,10716,Forêts d'érables,4,28.50,Low Value,285.0,Rancho grande
32,0.05,8,21,Germany,Nancy Davolio,1997-10-24 00:00:00.000,Confections,304.0,3,United Package,Sir Rodney's Scones,München,FRANK,10717,Specialty Biscuits Ltd.,1,10.00,High Value,304.0,Frankenversand
15,0,25,54,Germany,Nancy Davolio,1997-10-24 00:00:00.000,Meat/Poultry,111.75,6,United Package,Tourtière,München,FRANK,10717,Ma Maison,1,7.45,High Value,111.75,Frankenversand
25,0.05,15,69,Germany,Nancy Davolio,1997-10-24 00:00:00.000,Dairy Products,855.0,4,United Package,Gudbrandsdalsost,München,FRANK,10717,Norske Meierier,1,36.00,High Value,855.0,Frankenversand
36,0,5,12,Germany,Nancy Davolio,1997-10-27 00:00:00.000,Dairy Products,1368.0,4,Federal Shipping,Queso Manchego La Pastora,Brandenburg,KOENE,10718,Cooperativa de Quesos 'Las Cabras',1,38.00,High Value,1368.0,Königlich Essen
20,0,7,16,Germany,Nancy Davolio,1997-10-27 00:00:00.000,Confections,349.0,3,Federal Shipping,Pavlova,Brandenburg,KOENE,10718,Pavlova Ltd.,1,17.45,High Value,349.0,Königlich Essen
40,0,17,36,Germany,Nancy Davolio,1997-10-27 00:00:00.000,Seafood,760.0,8,Federal Shipping,Inlagd Sill,Brandenburg,KOENE,10718,Svensk Sjöföda AB,1,19.00,High Value,760.0,Königlich Essen
20,0,29,62,Germany,Nancy Davolio,1997-10-27 00:00:00.000,Confections,986.0,3,Federal Shipping,Tarte au sucre,Brandenburg,KOENE,10718,Forêts d'érables,1,49.30,High Value,986.0,Königlich Essen
12,0.25,7,18,USA,Laura Callahan,1997-10-27 00:00:00.000,Seafood,562.5,8,United Package,Carnarvon Tigers,San Francisco,LETSS,10719,Pavlova Ltd.,8,62.50,Low Value,562.5,Let's Stop N Shop
3,0.25,13,30,USA,Laura Callahan,1997-10-27 00:00:00.000,Seafood,58.2525,8,United Package,Nord-Ost Matjeshering,San Francisco,LETSS,10719,Nord-Ost-Fisch Handelsgesellschaft mbH,8,25.89,Low Value,58.2525,Let's Stop N Shop
40,0.25,25,54,USA,Laura Callahan,1997-10-27 00:00:00.000,Meat/Poultry,223.5,6,United Package,Tourtière,San Francisco,LETSS,10719,Ma Maison,8,7.45,Low Value,223.5,Let's Stop N Shop
21,0,16,35,Brazil,Laura Callahan,1997-10-28 00:00:00.000,Beverages,378.0,1,United Package,Steeleye Stout,Rio de Janeiro,QUEDE,10720,Bigfoot Breweries,8,18.00,Low Value,378.0,Que Delícia
8,0,15,71,Brazil,Laura Callahan,1997-10-28 00:00:00.000,Dairy Products,172.0,4,United Package,Flotemysost,Rio de Janeiro,QUEDE,10720,Norske Meierier,8,21.50,Low Value,172.0,Que Delícia
50,0.05,20,44,Germany,Steven Buchanan,1997-10-29 00:00:00.000,Condiments,923.875,2,Federal Shipping,Gula Malacca,Cunewalde,QUICK,10721,Leka Trading,5,19.45,High Value,923.875,QUICK-Stop
3,0,1,2,USA,Laura Callahan,1997-10-29 00:00:00.000,Beverages,57.0,1,Speedy Express,Chang,Boise,SAVEA,10722,Exotic Liquids,8,19.00,High Value,57.0,Save-a-lot Markets
50,0,14,31,USA,Laura Callahan,1997-10-29 00:00:00.000,Dairy Products,625.0,4,Speedy Express,Gorgonzola Telino,Boise,SAVEA,10722,Formaggi Fortini s.r.l.,8,12.50,High Value,625.0,Save-a-lot Markets
45,0,8,68,USA,Laura Callahan,1997-10-29 00:00:00.000,Confections,562.5,3,Speedy Express,Scottish Longbreads,Boise,SAVEA,10722,Specialty Biscuits Ltd.,8,12.50,High Value,562.5,Save-a-lot Markets
42,0,12,75,USA,Laura Callahan,1997-10-29 00:00:00.000,Beverages,325.5,1,Speedy Express,Rhönbräu Klosterbier,Boise,SAVEA,10722,Plutzer Lebensmittelgroßmärkte AG,8,7.75,High Value,325.5,Save-a-lot Markets
15,0,11,26,USA,Janet Leverling,1997-10-30 00:00:00.000,Confections,468.45,3,Speedy Express,Gumbär Gummibärchen,Seattle,WHITC,10723,Heli Süßwaren GmbH & Co. KG,3,31.23,High Value,468.45,White Clover Markets
16,0,4,10,Canada,Laura Callahan,1997-10-30 00:00:00.000,Seafood,496.0,8,United Package,Ikura,Montréal,MEREP,10724,Tokyo Traders,8,31.00,High Value,496.0,Mère Paillarde
5,0,29,61,Canada,Laura Callahan,1997-10-30 00:00:00.000,Condiments,142.5,2,United Package,Sirop d'érable,Montréal,MEREP,10724,Forêts d'érables,8,28.50,High Value,142.5,Mère Paillarde
12,0,19,41,Brazil,Margaret Peacock,1997-10-31 00:00:00.000,Seafood,115.80000000000001,8,Federal Shipping,Jack's New England Clam Chowder,Sao Paulo,FAMIA,10725,New England Seafood Cannery,4,9.65,Low Value,115.80000000000001,Familia Arquibaldo
4,0,24,52,Brazil,Margaret Peacock,1997-10-31 00:00:00.000,Grains/Cereals,28.0,5,Federal Shipping,Filo Mix,Sao Paulo,FAMIA,10725,G'day Mate,4,7.00,Low Value,28.0,Familia Arquibaldo
6,0,25,55,Brazil,Margaret Peacock,1997-10-31 00:00:00.000,Meat/Poultry,144.0,6,Federal Shipping,Pâté chinois,Sao Paulo,FAMIA,10725,Ma Maison,4,24.00,Low Value,144.0,Familia Arquibaldo
25,0,2,4,UK,Margaret Peacock,1997-11-03 00:00:00.000,Condiments,550.0,2,Speedy Express,Chef Anton's Cajun Seasoning,London,EASTC,10726,New Orleans Cajun Delights,4,22.00,Medium Value,550.0,Eastern Connection
5,0,5,11,UK,Margaret Peacock,1997-11-03 00:00:00.000,Dairy Products,105.0,4,Speedy Express,Queso Cabrales,London,EASTC,10726,Cooperativa de Quesos 'Las Cabras',4,21.00,Medium Value,105.0,Eastern Connection
20,0.05,7,17,Italy,Andrew Fuller,1997-11-03 00:00:00.000,Meat/Poultry,741.0,6,Speedy Express,Alice Mutton,Reggio Emilia,REGGC,10727,Pavlova Ltd.,2,39.00,Medium Value,741.0,Reggiani Caseifici
10,0.05,26,56,Italy,Andrew Fuller,1997-11-03 00:00:00.000,Grains/Cereals,361.0,5,Speedy Express,Gnocchi di nonna Alice,Reggio Emilia,REGGC,10727,Pasta Buttini s.r.l.,2,38.00,Medium Value,361.0,Reggiani Caseifici
10,0.05,28,59,Italy,Andrew Fuller,1997-11-03 00:00:00.000,Dairy Products,522.5,4,Speedy Express,Raclette Courdavault,Reggio Emilia,REGGC,10727,Gai pâturage,2,55.00,Medium Value,522.5,Reggiani Caseifici
15,0,13,30,Brazil,Margaret Peacock,1997-11-04 00:00:00.000,Seafood,388.35,8,United Package,Nord-Ost Matjeshering,Sao Paulo,QUEEN,10728,Nord-Ost-Fisch Handelsgesellschaft mbH,4,25.89,High Value,388.35,Queen Cozinha
6,0,19,40,Brazil,Margaret Peacock,1997-11-04 00:00:00.000,Seafood,110.39999999999999,8,United Package,Boston Crab Meat,Sao Paulo,QUEEN,10728,New England Seafood Cannery,4,18.40,High Value,110.39999999999999,Queen Cozinha
12,0,25,55,Brazil,Margaret Peacock,1997-11-04 00:00:00.000,Meat/Poultry,288.0,6,United Package,Pâté chinois,Sao Paulo,QUEEN,10728,Ma Maison,4,24.00,High Value,288.0,Queen Cozinha
15,0,28,60,Brazil,Margaret Peacock,1997-11-04 00:00:00.000,Dairy Products,510.0,4,United Package,Camembert Pierrot,Sao Paulo,QUEEN,10728,Gai pâturage,4,34.00,High Value,510.0,Queen Cozinha
50,0,1,1,Venezuela,Laura Callahan,1997-11-04 00:00:00.000,Beverages,900.0,1,Federal Shipping,Chai,I. de Margarita,LINOD,10729,Exotic Liquids,8,18.00,Medium Value,900.0,LINO-Delicateses
30,0,8,21,Venezuela,Laura Callahan,1997-11-04 00:00:00.000,Confections,300.0,3,Federal Shipping,Sir Rodney's Scones,I. de Margarita,LINOD,10729,Specialty Biscuits Ltd.,8,10.00,Medium Value,300.0,LINO-Delicateses
40,0,23,50,Venezuela,Laura Callahan,1997-11-04 00:00:00.000,Confections,650.0,3,Federal Shipping,Valkoinen suklaa,I. de Margarita,LINOD,10729,Karkki Oy,8,16.25,Medium Value,650.0,LINO-Delicateses
15,0.05,7,16,France,Steven Buchanan,1997-11-05 00:00:00.000,Confections,248.6625,3,Speedy Express,Pavlova,Marseille,BONAP,10730,Pavlova Ltd.,5,17.45,High Value,248.6625,Bon app'
3,0.05,14,31,France,Steven Buchanan,1997-11-05 00:00:00.000,Dairy Products,35.625,4,Speedy Express,Gorgonzola Telino,Marseille,BONAP,10730,Formaggi Fortini s.r.l.,5,12.50,High Value,35.625,Bon app'
10,0.05,2,65,France,Steven Buchanan,1997-11-05 00:00:00.000,Condiments,199.975,2,Speedy Express,Louisiana Fiery Hot Pepper Sauce,Marseille,BONAP,10730,New Orleans Cajun Delights,5,21.05,High Value,199.975,Bon app'
40,0.05,8,21,Switzerland,Robert King,1997-11-06 00:00:00.000,Confections,380.0,3,Speedy Express,Sir Rodney's Scones,Bern,CHOPS,10731,Specialty Biscuits Ltd.,7,10.00,Medium Value,380.0,Chop-suey Chinese
30,0.05,24,51,Switzerland,Robert King,1997-11-06 00:00:00.000,Produce,1510.5,7,Speedy Express,Manjimup Dried Apples,Bern,CHOPS,10731,G'day Mate,7,53.00,Medium Value,1510.5,Chop-suey Chinese
20,0,23,76,France,Janet Leverling,1997-11-06 00:00:00.000,Beverages,360.0,1,Speedy Express,Lakkalikööri,Marseille,BONAP,10732,Karkki Oy,3,18.00,High Value,360.0,Bon app'
16,0,6,14,Sweden,Nancy Davolio,1997-11-07 00:00:00.000,Produce,372.0,7,Federal Shipping,Tofu,Luleå,BERGS,10733,Mayumi's,1,23.25,High Value,372.0,Berglunds snabbköp
20,0,12,28,Sweden,Nancy Davolio,1997-11-07 00:00:00.000,Produce,912.0,7,Federal Shipping,Rössle Sauerkraut,Luleå,BERGS,10733,Plutzer Lebensmittelgroßmärkte AG,1,45.60,High Value,912.0,Berglunds snabbköp
25,0,24,52,Sweden,Nancy Davolio,1997-11-07 00:00:00.000,Grains/Cereals,175.0,5,Federal Shipping,Filo Mix,Luleå,BERGS,10733,G'day Mate,1,7.00,High Value,175.0,Berglunds snabbköp
30,0,3,6,Brazil,Andrew Fuller,1997-11-07 00:00:00.000,Condiments,750.0,2,Federal Shipping,Grandma's Boysenberry Spread,Campinas,GOURL,10734,Grandma Kelly's Homestead,2,25.00,Medium Value,750.0,Gourmet Lanchonetes
15,0,13,30,Brazil,Andrew Fuller,1997-11-07 00:00:00.000,Seafood,388.35,8,Federal Shipping,Nord-Ost Matjeshering,Campinas,GOURL,10734,Nord-Ost-Fisch Handelsgesellschaft mbH,2,25.89,Medium Value,388.35,Gourmet Lanchonetes
20,0,23,76,Brazil,Andrew Fuller,1997-11-07 00:00:00.000,Beverages,360.0,1,Federal Shipping,Lakkalikööri,Campinas,GOURL,10734,Karkki Oy,2,18.00,Medium Value,360.0,Gourmet Lanchonetes
20,0.1,29,61,USA,Michael Suyama,1997-11-10 00:00:00.000,Condiments,513.0,2,United Package,Sirop d'érable,San Francisco,LETSS,10735,Forêts d'érables,6,28.50,Low Value,513.0,Let's Stop N Shop
2,0.1,12,77,USA,Michael Suyama,1997-11-10 00:00:00.000,Condiments,23.400000000000002,2,United Package,Original Frankfurter grüne Soße,San Francisco,LETSS,10735,Plutzer Lebensmittelgroßmärkte AG,6,13.00,Low Value,23.400000000000002,Let's Stop N Shop
40,0,2,65,Ireland,Anne Dodsworth,1997-11-11 00:00:00.000,Condiments,842.0,2,United Package,Louisiana Fiery Hot Pepper Sauce,Cork,HUNGO,10736,New Orleans Cajun Delights,9,21.05,High Value,842.0,Hungry Owl All-Night Grocers
20,0,12,75,Ireland,Anne Dodsworth,1997-11-11 00:00:00.000,Beverages,155.0,1,United Package,Rhönbräu Klosterbier,Cork,HUNGO,10736,Plutzer Lebensmittelgroßmärkte AG,9,7.75,High Value,155.0,Hungry Owl All-Night Grocers
4,0,6,13,France,Andrew Fuller,1997-11-11 00:00:00.000,Seafood,24.0,8,United Package,Konbu,Reims,VINET,10737,Mayumi's,2,6.00,Low Value,24.0,Vins et alcools Chevalier
12,0,19,41,France,Andrew Fuller,1997-11-11 00:00:00.000,Seafood,115.80000000000001,8,United Package,Jack's New England Clam Chowder,Reims,VINET,10737,New England Seafood Cannery,2,9.65,Low Value,115.80000000000001,Vins et alcools Chevalier
3,0,7,16,France,Andrew Fuller,1997-11-12 00:00:00.000,Confections,52.349999999999994,3,Speedy Express,Pavlova,Paris,SPECD,10738,Pavlova Ltd.,2,17.45,Low Value,52.349999999999994,Spécialités du monde
6,0,17,36,France,Janet Leverling,1997-11-12 00:00:00.000,Seafood,114.0,8,Federal Shipping,Inlagd Sill,Reims,VINET,10739,Svensk Sjöföda AB,3,19.00,Low Value,114.0,Vins et alcools Chevalier
18,0,24,52,France,Janet Leverling,1997-11-12 00:00:00.000,Grains/Cereals,126.0,5,Federal Shipping,Filo Mix,Reims,VINET,10739,G'day Mate,3,7.00,Low Value,126.0,Vins et alcools Chevalier
5,0.2,12,28,USA,Margaret Peacock,1997-11-13 00:00:00.000,Produce,182.4,7,United Package,Rössle Sauerkraut,Seattle,WHITC,10740,Plutzer Lebensmittelgroßmärkte AG,4,45.60,High Value,182.4,White Clover Markets
35,0.2,16,35,USA,Margaret Peacock,1997-11-13 00:00:00.000,Beverages,504.0,1,United Package,Steeleye Stout,Seattle,WHITC,10740,Bigfoot Breweries,4,18.00,High Value,504.0,White Clover Markets
40,0.2,21,45,USA,Margaret Peacock,1997-11-13 00:00:00.000,Seafood,304.0,8,United Package,Rogede sild,Seattle,WHITC,10740,Lyngbysild,4,9.50,High Value,304.0,White Clover Markets
14,0.2,26,56,USA,Margaret Peacock,1997-11-13 00:00:00.000,Grains/Cereals,425.6,5,United Package,Gnocchi di nonna Alice,Seattle,WHITC,10740,Pasta Buttini s.r.l.,4,38.00,High Value,425.6,White Clover Markets
15,0.2,1,2,UK,Margaret Peacock,1997-11-14 00:00:00.000,Beverages,228.0,1,Federal Shipping,Chang,Colchester,AROUT,10741,Exotic Liquids,4,19.00,Medium Value,228.0,Around the Horn
20,0,1,3,Canada,Janet Leverling,1997-11-14 00:00:00.000,Condiments,200.0,2,Federal Shipping,Aniseed Syrup,Tsawassen,BOTTM,10742,Exotic Liquids,3,10.00,High Value,200.0,Bottom-Dollar Markets
50,0,28,60,Canada,Janet Leverling,1997-11-14 00:00:00.000,Dairy Products,1700.0,4,Federal Shipping,Camembert Pierrot,Tsawassen,BOTTM,10742,Gai pâturage,3,34.00,High Value,1700.0,Bottom-Dollar Markets
35,0,14,72,Canada,Janet Leverling,1997-11-14 00:00:00.000,Dairy Products,1218.0,4,Federal Shipping,Mozzarella di Giovanni,Tsawassen,BOTTM,10742,Formaggi Fortini s.r.l.,3,34.80,High Value,1218.0,Bottom-Dollar Markets
28,0.05,21,46,UK,Nancy Davolio,1997-11-17 00:00:00.000,Seafood,319.2,8,United Package,Spegesild,Colchester,AROUT,10743,Lyngbysild,1,12.00,Medium Value,319.2,Around the Horn
50,0.2,19,40,Denmark,Michael Suyama,1997-11-17 00:00:00.000,Seafood,736.0,8,Speedy Express,Boston Crab Meat,Århus,VAFFE,10744,New England Seafood Cannery,6,18.40,Medium Value,736.0,Vaffeljernet
24,0,7,18,Germany,Anne Dodsworth,1997-11-18 00:00:00.000,Seafood,1500.0,8,Speedy Express,Carnarvon Tigers,Cunewalde,QUICK,10745,Pavlova Ltd.,9,62.50,High Value,1500.0,QUICK-Stop
16,0,20,44,Germany,Anne Dodsworth,1997-11-18 00:00:00.000,Condiments,311.2,2,Speedy Express,Gula Malacca,Cunewalde,QUICK,10745,Leka Trading,9,19.45,High Value,311.2,QUICK-Stop
45,0,28,59,Germany,Anne Dodsworth,1997-11-18 00:00:00.000,Dairy Products,2475.0,4,Speedy Express,Raclette Courdavault,Cunewalde,QUICK,10745,Gai pâturage,9,55.00,High Value,2475.0,QUICK-Stop
7,0,14,72,Germany,Anne Dodsworth,1997-11-18 00:00:00.000,Dairy Products,243.59999999999997,4,Speedy Express,Mozzarella di Giovanni,Cunewalde,QUICK,10745,Formaggi Fortini s.r.l.,9,34.80,High Value,243.59999999999997,QUICK-Stop
6,0,6,13,Switzerland,Nancy Davolio,1997-11-19 00:00:00.000,Seafood,36.0,8,Federal Shipping,Konbu,Bern,CHOPS,10746,Mayumi's,1,6.00,Medium Value,36.0,Chop-suey Chinese
28,0,20,42,Switzerland,Nancy Davolio,1997-11-19 00:00:00.000,Grains/Cereals,392.0,5,Federal Shipping,Singaporean Hokkien Fried Mee,Bern,CHOPS,10746,Leka Trading,1,14.00,Medium Value,392.0,Chop-suey Chinese
9,0,29,62,Switzerland,Nancy Davolio,1997-11-19 00:00:00.000,Confections,443.7,3,Federal Shipping,Tarte au sucre,Bern,CHOPS,10746,Forêts d'érables,1,49.30,Medium Value,443.7,Chop-suey Chinese
40,0,15,69,Switzerland,Nancy Davolio,1997-11-19 00:00:00.000,Dairy Products,1440.0,4,Federal Shipping,Gudbrandsdalsost,Bern,CHOPS,10746,Norske Meierier,1,36.00,Medium Value,1440.0,Chop-suey Chinese
8,0,14,31,Austria,Michael Suyama,1997-11-19 00:00:00.000,Dairy Products,100.0,4,Speedy Express,Gorgonzola Telino,Salzburg,PICCO,10747,Formaggi Fortini s.r.l.,6,12.50,High Value,100.0,Piccolo und mehr
35,0,19,41,Austria,Michael Suyama,1997-11-19 00:00:00.000,Seafood,337.75,8,Speedy Express,Jack's New England Clam Chowder,Salzburg,PICCO,10747,New England Seafood Cannery,6,9.65,High Value,337.75,Piccolo und mehr
9,0,7,63,Austria,Michael Suyama,1997-11-19 00:00:00.000,Condiments,395.09999999999997,2,Speedy Express,Vegie-spread,Salzburg,PICCO,10747,Pavlova Ltd.,6,43.90,High Value,395.09999999999997,Piccolo und mehr
30,0,15,69,Austria,Michael Suyama,1997-11-19 00:00:00.000,Dairy Products,1080.0,4,Speedy Express,Gudbrandsdalsost,Salzburg,PICCO,10747,Norske Meierier,6,36.00,High Value,1080.0,Piccolo und mehr
44,0,9,23,USA,Janet Leverling,1997-11-20 00:00:00.000,Grains/Cereals,396.0,5,Speedy Express,Tunnbröd,Boise,SAVEA,10748,PB Knäckebröd AB,3,9.00,High Value,396.0,Save-a-lot Markets
40,0,19,40,USA,Janet Leverling,1997-11-20 00:00:00.000,Seafood,736.0,8,Speedy Express,Boston Crab Meat,Boise,SAVEA,10748,New England Seafood Cannery,3,18.40,High Value,736.0,Save-a-lot Markets
28,0,26,56,USA,Janet Leverling,1997-11-20 00:00:00.000,Grains/Cereals,1064.0,5,Speedy Express,Gnocchi di nonna Alice,Boise,SAVEA,10748,Pasta Buttini s.r.l.,3,38.00,High Value,1064.0,Save-a-lot Markets
15,0,26,56,UK,Margaret Peacock,1997-11-20 00:00:00.000,Grains/Cereals,570.0,5,United Package,Gnocchi di nonna Alice,Cowes,ISLAT,10749,Pasta Buttini s.r.l.,4,38.00,Low Value,570.0,Island Trading
6,0,28,59,UK,Margaret Peacock,1997-11-20 00:00:00.000,Dairy Products,330.0,4,United Package,Raclette Courdavault,Cowes,ISLAT,10749,Gai pâturage,4,55.00,Low Value,330.0,Island Trading
10,0,23,76,UK,Margaret Peacock,1997-11-20 00:00:00.000,Beverages,180.0,1,United Package,Lakkalikööri,Cowes,ISLAT,10749,Karkki Oy,4,18.00,Low Value,180.0,Island Trading
5,0.15,6,14,Finland,Anne Dodsworth,1997-11-21 00:00:00.000,Produce,98.8125,7,Speedy Express,Tofu,Oulu,WARTH,10750,Mayumi's,9,23.25,Medium Value,98.8125,Wartian Herkku
40,0.15,21,45,Finland,Anne Dodsworth,1997-11-21 00:00:00.000,Seafood,323.0,8,Speedy Express,Rogede sild,Oulu,WARTH,10750,Lyngbysild,9,9.50,Medium Value,323.0,Wartian Herkku
25,0.15,28,59,Finland,Anne Dodsworth,1997-11-21 00:00:00.000,Dairy Products,1168.75,4,Speedy Express,Raclette Courdavault,Oulu,WARTH,10750,Gai pâturage,9,55.00,Medium Value,1168.75,Wartian Herkku
12,0.1,11,26,Switzerland,Janet Leverling,1997-11-24 00:00:00.000,Confections,337.284,3,Federal Shipping,Gumbär Gummibärchen,Genève,RICSU,10751,Heli Süßwaren GmbH & Co. KG,3,31.23,High Value,337.284,Richter Supermarkt
30,0,13,30,Switzerland,Janet Leverling,1997-11-24 00:00:00.000,Seafood,776.7,8,Federal Shipping,Nord-Ost Matjeshering,Genève,RICSU,10751,Nord-Ost-Fisch Handelsgesellschaft mbH,3,25.89,High Value,776.7,Richter Supermarkt
20,0.1,23,50,Switzerland,Janet Leverling,1997-11-24 00:00:00.000,Confections,292.5,3,Federal Shipping,Valkoinen suklaa,Genève,RICSU,10751,Karkki Oy,3,16.25,High Value,292.5,Richter Supermarkt
15,0,17,73,Switzerland,Janet Leverling,1997-11-24 00:00:00.000,Seafood,225.0,8,Federal Shipping,Röd Kaviar,Genève,RICSU,10751,Svensk Sjöföda AB,3,15.00,High Value,225.0,Richter Supermarkt
8,0,1,1,UK,Andrew Fuller,1997-11-24 00:00:00.000,Beverages,144.0,1,Federal Shipping,Chai,London,NORTS,10752,Exotic Liquids,2,18.00,Low Value,144.0,North/South
3,0,15,69,UK,Andrew Fuller,1997-11-24 00:00:00.000,Dairy Products,108.0,4,Federal Shipping,Gudbrandsdalsost,London,NORTS,10752,Norske Meierier,2,36.00,Low Value,108.0,North/South
4,0,21,45,Italy,Janet Leverling,1997-11-25 00:00:00.000,Seafood,38.0,8,Speedy Express,Rogede sild,Torino,FRANS,10753,Lyngbysild,3,9.50,Low Value,38.0,Franchi S.p.A.
5,0,4,74,Italy,Janet Leverling,1997-11-25 00:00:00.000,Produce,50.0,7,Speedy Express,Longlife Tofu,Torino,FRANS,10753,Tokyo Traders,3,10.00,Low Value,50.0,Franchi S.p.A.
3,0,19,40,Italy,Michael Suyama,1997-11-25 00:00:00.000,Seafood,55.199999999999996,8,Federal Shipping,Boston Crab Meat,Bergamo,MAGAA,10754,New England Seafood Cannery,6,18.40,Medium Value,55.199999999999996,Magazzini Alimentari Riuniti
30,0.25,22,47,France,Margaret Peacock,1997-11-26 00:00:00.000,Confections,213.75,3,United Package,Zaanse koeken,Marseille,BONAP,10755,Zaanse Snoepfabriek,4,9.50,High Value,213.75,Bon app'
30,0.25,26,56,France,Margaret Peacock,1997-11-26 00:00:00.000,Grains/Cereals,855.0,5,United Package,Gnocchi di nonna Alice,Marseille,BONAP,10755,Pasta Buttini s.r.l.,4,38.00,High Value,855.0,Bon app'
14,0.25,26,57,France,Margaret Peacock,1997-11-26 00:00:00.000,Grains/Cereals,204.75,5,United Package,Ravioli Angelo,Marseille,BONAP,10755,Pasta Buttini s.r.l.,4,19.50,High Value,204.75,Bon app'
25,0.25,15,69,France,Margaret Peacock,1997-11-26 00:00:00.000,Dairy Products,675.0,4,United Package,Gudbrandsdalsost,Marseille,BONAP,10755,Norske Meierier,4,36.00,High Value,675.0,Bon app'
21,0.2,7,18,USA,Laura Callahan,1997-11-27 00:00:00.000,Seafood,1050.0,8,United Package,Carnarvon Tigers,Lander,SPLIR,10756,Pavlova Ltd.,8,62.50,Medium Value,1050.0,Split Rail Beer & Ale
20,0.2,17,36,USA,Laura Callahan,1997-11-27 00:00:00.000,Seafood,304.0,8,United Package,Inlagd Sill,Lander,SPLIR,10756,Svensk Sjöföda AB,8,19.00,Medium Value,304.0,Split Rail Beer & Ale
6,0.2,8,68,USA,Laura Callahan,1997-11-27 00:00:00.000,Confections,60.0,3,United Package,Scottish Longbreads,Lander,SPLIR,10756,Specialty Biscuits Ltd.,8,12.50,Medium Value,60.0,Split Rail Beer & Ale
20,0.2,15,69,USA,Laura Callahan,1997-11-27 00:00:00.000,Dairy Products,576.0,4,United Package,Gudbrandsdalsost,Lander,SPLIR,10756,Norske Meierier,8,36.00,Medium Value,576.0,Split Rail Beer & Ale
30,0,16,34,USA,Michael Suyama,1997-11-27 00:00:00.000,Beverages,420.0,1,Speedy Express,Sasquatch Ale,Boise,SAVEA,10757,Bigfoot Breweries,6,14.00,High Value,420.0,Save-a-lot Markets
7,0,28,59,USA,Michael Suyama,1997-11-27 00:00:00.000,Dairy Products,385.0,4,Speedy Express,Raclette Courdavault,Boise,SAVEA,10757,Gai pâturage,6,55.00,High Value,385.0,Save-a-lot Markets
30,0,29,62,USA,Michael Suyama,1997-11-27 00:00:00.000,Confections,1479.0,3,Speedy Express,Tarte au sucre,Boise,SAVEA,10757,Forêts d'érables,6,49.30,High Value,1479.0,Save-a-lot Markets
24,0,12,64,USA,Michael Suyama,1997-11-27 00:00:00.000,Grains/Cereals,798.0,5,Speedy Express,Wimmers gute Semmelknödel,Boise,SAVEA,10757,Plutzer Lebensmittelgroßmärkte AG,6,33.25,High Value,798.0,Save-a-lot Markets
20,0,11,26,Switzerland,Janet Leverling,1997-11-28 00:00:00.000,Confections,624.6,3,Federal Shipping,Gumbär Gummibärchen,Genève,RICSU,10758,Heli Süßwaren GmbH & Co. KG,3,31.23,High Value,624.6,Richter Supermarkt
60,0,24,52,Switzerland,Janet Leverling,1997-11-28 00:00:00.000,Grains/Cereals,420.0,5,Federal Shipping,Filo Mix,Genève,RICSU,10758,G'day Mate,3,7.00,High Value,420.0,Richter Supermarkt
40,0,7,70,Switzerland,Janet Leverling,1997-11-28 00:00:00.000,Beverages,600.0,1,Federal Shipping,Outback Lager,Genève,RICSU,10758,Pavlova Ltd.,3,15.00,High Value,600.0,Richter Supermarkt
10,0,14,32,Mexico,Janet Leverling,1997-11-28 00:00:00.000,Dairy Products,320.0,4,Federal Shipping,Mascarpone Fabioli,México D.F.,ANATR,10759,Formaggi Fortini s.r.l.,3,32.00,Low Value,320.0,Ana Trujillo Emparedados y helados
12,0.25,11,25,Belgium,Margaret Peacock,1997-12-01 00:00:00.000,Confections,126.0,3,Speedy Express,NuNuCa Nuß-Nougat-Creme,Bruxelles,MAISD,10760,Heli Süßwaren GmbH & Co. KG,4,14.00,Medium Value,126.0,Maison Dewey
40,0,11,27,Belgium,Margaret Peacock,1997-12-01 00:00:00.000,Confections,1756.0,3,Speedy Express,Schoggi Schokolade,Bruxelles,MAISD,10760,Heli Süßwaren GmbH & Co. KG,4,43.90,Medium Value,1756.0,Maison Dewey
30,0.25,20,43,Belgium,Margaret Peacock,1997-12-01 00:00:00.000,Beverages,1035.0,1,Speedy Express,Ipoh Coffee,Bruxelles,MAISD,10760,Leka Trading,4,46.00,Medium Value,1035.0,Maison Dewey
35,0.25,11,25,USA,Steven Buchanan,1997-12-02 00:00:00.000,Confections,367.5,3,United Package,NuNuCa Nuß-Nougat-Creme,Albuquerque,RATTC,10761,Heli Süßwaren GmbH & Co. KG,5,14.00,High Value,367.5,Rattlesnake Canyon Grocery
18,0,12,75,USA,Steven Buchanan,1997-12-02 00:00:00.000,Beverages,139.5,1,United Package,Rhönbräu Klosterbier,Albuquerque,RATTC,10761,Plutzer Lebensmittelgroßmärkte AG,5,7.75,High Value,139.5,Rattlesnake Canyon Grocery
16,0,18,39,Sweden,Janet Leverling,1997-12-02 00:00:00.000,Beverages,288.0,1,Speedy Express,Chartreuse verte,Bräcke,FOLKO,10762,Aux joyeux ecclésiastiques,3,18.00,High Value,288.0,Folk och fä HB
30,0,22,47,Sweden,Janet Leverling,1997-12-02 00:00:00.000,Confections,285.0,3,Speedy Express,Zaanse koeken,Bräcke,FOLKO,10762,Zaanse Snoepfabriek,3,9.50,High Value,285.0,Folk och fä HB
28,0,24,51,Sweden,Janet Leverling,1997-12-02 00:00:00.000,Produce,1484.0,7,Speedy Express,Manjimup Dried Apples,Bräcke,FOLKO,10762,G'day Mate,3,53.00,High Value,1484.0,Folk och fä HB
60,0,26,56,Sweden,Janet Leverling,1997-12-02 00:00:00.000,Grains/Cereals,2280.0,5,Speedy Express,Gnocchi di nonna Alice,Bräcke,FOLKO,10762,Pasta Buttini s.r.l.,3,38.00,High Value,2280.0,Folk och fä HB
40,0,8,21,France,Janet Leverling,1997-12-03 00:00:00.000,Confections,400.0,3,Federal Shipping,Sir Rodney's Scones,Lille,FOLIG,10763,Specialty Biscuits Ltd.,3,10.00,Medium Value,400.0,Folies gourmandes
6,0,9,22,France,Janet Leverling,1997-12-03 00:00:00.000,Grains/Cereals,126.0,5,Federal Shipping,Gustaf's Knäckebröd,Lille,FOLIG,10763,PB Knäckebröd AB,3,21.00,Medium Value,126.0,Folies gourmandes
20,0,10,24,France,Janet Leverling,1997-12-03 00:00:00.000,Beverages,90.0,1,Federal Shipping,Guaraná Fantástica,Lille,FOLIG,10763,Refrescos Americanas LTDA,3,4.50,Medium Value,90.0,Folies gourmandes
20,0.1,1,3,Austria,Michael Suyama,1997-12-03 00:00:00.000,Condiments,180.0,2,Federal Shipping,Aniseed Syrup,Graz,ERNSH,10764,Exotic Liquids,6,10.00,High Value,180.0,Ernst Handel
130,0.1,18,39,Austria,Michael Suyama,1997-12-03 00:00:00.000,Beverages,2106.0,1,Federal Shipping,Chartreuse verte,Graz,ERNSH,10764,Aux joyeux ecclésiastiques,6,18.00,High Value,2106.0,Ernst Handel
80,0.1,2,65,Germany,Janet Leverling,1997-12-04 00:00:00.000,Condiments,1515.6000000000001,2,Federal Shipping,Louisiana Fiery Hot Pepper Sauce,Cunewalde,QUICK,10765,New Orleans Cajun Delights,3,21.05,High Value,1515.6000000000001,QUICK-Stop
40,0,1,2,Germany,Margaret Peacock,1997-12-05 00:00:00.000,Beverages,760.0,1,Speedy Express,Chang,Köln,OTTIK,10766,Exotic Liquids,4,19.00,Medium Value,760.0,Ottilies Käseladen
35,0,3,7,Germany,Margaret Peacock,1997-12-05 00:00:00.000,Produce,1050.0,7,Speedy Express,Uncle Bob's Organic Dried Pears,Köln,OTTIK,10766,Grandma Kelly's Homestead,4,30.00,Medium Value,1050.0,Ottilies Käseladen
40,0,8,68,Germany,Margaret Peacock,1997-12-05 00:00:00.000,Confections,500.0,3,Speedy Express,Scottish Longbreads,Köln,OTTIK,10766,Specialty Biscuits Ltd.,4,12.50,Medium Value,500.0,Ottilies Käseladen
2,0,20,42,Belgium,Margaret Peacock,1997-12-05 00:00:00.000,Grains/Cereals,28.0,5,Federal Shipping,Singaporean Hokkien Fried Mee,Charleroi,SUPRD,10767,Leka Trading,4,14.00,High Value,28.0,Suprêmes délices
4,0,9,22,UK,Janet Leverling,1997-12-08 00:00:00.000,Grains/Cereals,84.0,5,United Package,Gustaf's Knäckebröd,Colchester,AROUT,10768,PB Knäckebröd AB,3,21.00,Medium Value,84.0,Around the Horn
50,0,14,31,UK,Janet Leverling,1997-12-08 00:00:00.000,Dairy Products,625.0,4,United Package,Gorgonzola Telino,Colchester,AROUT,10768,Formaggi Fortini s.r.l.,3,12.50,Medium Value,625.0,Around the Horn
15,0,28,60,UK,Janet Leverling,1997-12-08 00:00:00.000,Dairy Products,510.0,4,United Package,Camembert Pierrot,Colchester,AROUT,10768,Gai pâturage,3,34.00,Medium Value,510.0,Around the Horn
12,0,15,71,UK,Janet Leverling,1997-12-08 00:00:00.000,Dairy Products,258.0,4,United Package,Flotemysost,Colchester,AROUT,10768,Norske Meierier,3,21.50,Medium Value,258.0,Around the Horn
30,0.05,19,41,Denmark,Janet Leverling,1997-12-08 00:00:00.000,Seafood,275.025,8,Speedy Express,Jack's New England Clam Chowder,Århus,VAFFE,10769,New England Seafood Cannery,3,9.65,Medium Value,275.025,Vaffeljernet
15,0.05,24,52,Denmark,Janet Leverling,1997-12-08 00:00:00.000,Grains/Cereals,99.75,5,Speedy Express,Filo Mix,Århus,VAFFE,10769,G'day Mate,3,7.00,Medium Value,99.75,Vaffeljernet
20,0,29,61,Denmark,Janet Leverling,1997-12-08 00:00:00.000,Condiments,570.0,2,Speedy Express,Sirop d'érable,Århus,VAFFE,10769,Forêts d'érables,3,28.50,Medium Value,570.0,Vaffeljernet
15,0,29,62,Denmark,Janet Leverling,1997-12-08 00:00:00.000,Confections,739.5,3,Speedy Express,Tarte au sucre,Århus,VAFFE,10769,Forêts d'érables,3,49.30,Medium Value,739.5,Vaffeljernet
15,0.25,5,11,Brazil,Laura Callahan,1997-12-09 00:00:00.000,Dairy Products,236.25,4,Federal Shipping,Queso Cabrales,Rio de Janeiro,HANAR,10770,Cooperativa de Quesos 'Las Cabras',8,21.00,High Value,236.25,Hanari Carnes
16,0,15,71,Austria,Anne Dodsworth,1997-12-10 00:00:00.000,Dairy Products,344.0,4,United Package,Flotemysost,Graz,ERNSH,10771,Norske Meierier,9,21.50,High Value,344.0,Ernst Handel
18,0,12,29,Germany,Janet Leverling,1997-12-10 00:00:00.000,Meat/Poultry,2228.2200000000003,6,United Package,Thüringer Rostbratwurst,Frankfurt a.M.,LEHMS,10772,Plutzer Lebensmittelgroßmärkte AG,3,123.79,High Value,2228.2200000000003,Lehmanns Marktstand
25,0,28,59,Germany,Janet Leverling,1997-12-10 00:00:00.000,Dairy Products,1375.0,4,United Package,Raclette Courdavault,Frankfurt a.M.,LEHMS,10772,Gai pâturage,3,55.00,High Value,1375.0,Lehmanns Marktstand
33,0,7,17,Austria,Nancy Davolio,1997-12-11 00:00:00.000,Meat/Poultry,1287.0,6,Federal Shipping,Alice Mutton,Graz,ERNSH,10773,Pavlova Ltd.,1,39.00,High Value,1287.0,Ernst Handel
70,0.2,14,31,Austria,Nancy Davolio,1997-12-11 00:00:00.000,Dairy Products,700.0,4,Federal Shipping,Gorgonzola Telino,Graz,ERNSH,10773,Formaggi Fortini s.r.l.,1,12.50,High Value,700.0,Ernst Handel
7,0.2,12,75,Austria,Nancy Davolio,1997-12-11 00:00:00.000,Beverages,43.400000000000006,1,Federal Shipping,Rhönbräu Klosterbier,Graz,ERNSH,10773,Plutzer Lebensmittelgroßmärkte AG,1,7.75,High Value,43.400000000000006,Ernst Handel
2,0.25,14,31,Sweden,Margaret Peacock,1997-12-11 00:00:00.000,Dairy Products,18.75,4,Speedy Express,Gorgonzola Telino,Bräcke,FOLKO,10774,Formaggi Fortini s.r.l.,4,12.50,High Value,18.75,Folk och fä HB
50,0,2,66,Sweden,Margaret Peacock,1997-12-11 00:00:00.000,Condiments,850.0,2,Speedy Express,Louisiana Hot Spiced Okra,Bräcke,FOLKO,10774,New Orleans Cajun Delights,4,17.00,High Value,850.0,Folk och fä HB
6,0,4,10,USA,Robert King,1997-12-12 00:00:00.000,Seafood,186.0,8,Speedy Express,Ikura,Butte,THECR,10775,Tokyo Traders,7,31.00,Low Value,186.0,The Cracker Box
3,0,16,67,USA,Robert King,1997-12-12 00:00:00.000,Beverages,42.0,1,Speedy Express,Laughing Lumberjack Lager,Butte,THECR,10775,Bigfoot Breweries,7,14.00,Low Value,42.0,The Cracker Box
16,0.05,14,31,Austria,Nancy Davolio,1997-12-15 00:00:00.000,Dairy Products,190.0,4,Federal Shipping,Gorgonzola Telino,Graz,ERNSH,10776,Formaggi Fortini s.r.l.,1,12.50,High Value,190.0,Ernst Handel
12,0.05,20,42,Austria,Nancy Davolio,1997-12-15 00:00:00.000,Grains/Cereals,159.6,5,Federal Shipping,Singaporean Hokkien Fried Mee,Graz,ERNSH,10776,Leka Trading,1,14.00,High Value,159.6,Ernst Handel
27,0.05,21,45,Austria,Nancy Davolio,1997-12-15 00:00:00.000,Seafood,243.67499999999998,8,Federal Shipping,Rogede sild,Graz,ERNSH,10776,Lyngbysild,1,9.50,High Value,243.67499999999998,Ernst Handel
120,0.05,24,51,Austria,Nancy Davolio,1997-12-15 00:00:00.000,Produce,6042.0,7,Federal Shipping,Manjimup Dried Apples,Graz,ERNSH,10776,G'day Mate,1,53.00,High Value,6042.0,Ernst Handel
20,0.2,20,42,Brazil,Robert King,1997-12-15 00:00:00.000,Grains/Cereals,224.0,5,United Package,Singaporean Hokkien Fried Mee,Campinas,GOURL,10777,Leka Trading,7,14.00,Medium Value,224.0,Gourmet Lanchonetes
10,0,19,41,Sweden,Janet Leverling,1997-12-16 00:00:00.000,Seafood,96.5,8,Speedy Express,Jack's New England Clam Chowder,Luleå,BERGS,10778,New England Seafood Cannery,3,9.65,High Value,96.5,Berglunds snabbköp
20,0,7,16,Germany,Janet Leverling,1997-12-16 00:00:00.000,Confections,349.0,3,United Package,Pavlova,Leipzig,MORGK,10779,Pavlova Ltd.,3,17.45,Low Value,349.0,Morgenstern Gesundkost
20,0,29,62,Germany,Janet Leverling,1997-12-16 00:00:00.000,Confections,986.0,3,United Package,Tarte au sucre,Leipzig,MORGK,10779,Forêts d'érables,3,49.30,Low Value,986.0,Morgenstern Gesundkost
35,0,7,70,Venezuela,Andrew Fuller,1997-12-16 00:00:00.000,Beverages,525.0,1,Speedy Express,Outback Lager,Barquisimeto,LILAS,10780,Pavlova Ltd.,2,15.00,Medium Value,525.0,LILA-Supermercado
15,0,12,77,Venezuela,Andrew Fuller,1997-12-16 00:00:00.000,Condiments,195.0,2,Speedy Express,Original Frankfurter grüne Soße,Barquisimeto,LILAS,10780,Plutzer Lebensmittelgroßmärkte AG,2,13.00,Medium Value,195.0,LILA-Supermercado
3,0.2,25,54,Finland,Andrew Fuller,1997-12-17 00:00:00.000,Meat/Poultry,17.880000000000003,6,Federal Shipping,Tourtière,Oulu,WARTH,10781,Ma Maison,2,7.45,Medium Value,17.880000000000003,Wartian Herkku
20,0.2,26,56,Finland,Andrew Fuller,1997-12-17 00:00:00.000,Grains/Cereals,608.0,5,Federal Shipping,Gnocchi di nonna Alice,Oulu,WARTH,10781,Pasta Buttini s.r.l.,2,38.00,Medium Value,608.0,Wartian Herkku
35,0,4,74,Finland,Andrew Fuller,1997-12-17 00:00:00.000,Produce,350.0,7,Federal Shipping,Longlife Tofu,Oulu,WARTH,10781,Tokyo Traders,2,10.00,Medium Value,350.0,Wartian Herkku
1,0,14,31,Argentina,Anne Dodsworth,1997-12-17 00:00:00.000,Dairy Products,12.5,4,Federal Shipping,Gorgonzola Telino,Buenos Aires,CACTU,10782,Formaggi Fortini s.r.l.,9,12.50,Low Value,12.5,Cactus Comidas para llevar
10,0,14,31,Brazil,Margaret Peacock,1997-12-18 00:00:00.000,Dairy Products,125.0,4,United Package,Gorgonzola Telino,Rio de Janeiro,HANAR,10783,Formaggi Fortini s.r.l.,4,12.50,High Value,125.0,Hanari Carnes
5,0,18,38,Brazil,Margaret Peacock,1997-12-18 00:00:00.000,Beverages,1317.5,1,United Package,Côte de Blaye,Rio de Janeiro,HANAR,10783,Aux joyeux ecclésiastiques,4,263.50,High Value,1317.5,Hanari Carnes
30,0,17,36,Italy,Margaret Peacock,1997-12-18 00:00:00.000,Seafood,570.0,8,Federal Shipping,Inlagd Sill,Bergamo,MAGAA,10784,Svensk Sjöföda AB,4,19.00,Medium Value,570.0,Magazzini Alimentari Riuniti
2,0.15,18,39,Italy,Margaret Peacock,1997-12-18 00:00:00.000,Beverages,30.599999999999998,1,Federal Shipping,Chartreuse verte,Bergamo,MAGAA,10784,Aux joyeux ecclésiastiques,4,18.00,Medium Value,30.599999999999998,Magazzini Alimentari Riuniti
30,0.15,14,72,Italy,Margaret Peacock,1997-12-18 00:00:00.000,Dairy Products,887.4,4,Federal Shipping,Mozzarella di Giovanni,Bergamo,MAGAA,10784,Formaggi Fortini s.r.l.,4,34.80,Medium Value,887.4,Magazzini Alimentari Riuniti
10,0,4,10,Venezuela,Nancy Davolio,1997-12-18 00:00:00.000,Seafood,310.0,8,Federal Shipping,Ikura,Caracas,GROSR,10785,Tokyo Traders,1,31.00,Low Value,310.0,GROSELLA-Restaurante
10,0,12,75,Venezuela,Nancy Davolio,1997-12-18 00:00:00.000,Beverages,77.5,1,Federal Shipping,Rhönbräu Klosterbier,Caracas,GROSR,10785,Plutzer Lebensmittelgroßmärkte AG,1,7.75,Low Value,77.5,GROSELLA-Restaurante
30,0.2,3,8,Brazil,Laura Callahan,1997-12-19 00:00:00.000,Condiments,960.0,2,Speedy Express,Northwoods Cranberry Sauce,Sao Paulo,QUEEN,10786,Grandma Kelly's Homestead,8,40.00,High Value,960.0,Queen Cozinha
15,0.2,13,30,Brazil,Laura Callahan,1997-12-19 00:00:00.000,Seafood,310.68000000000006,8,Speedy Express,Nord-Ost Matjeshering,Sao Paulo,QUEEN,10786,Nord-Ost-Fisch Handelsgesellschaft mbH,8,25.89,High Value,310.68000000000006,Queen Cozinha
42,0.2,12,75,Brazil,Laura Callahan,1997-12-19 00:00:00.000,Beverages,260.40000000000003,1,Speedy Express,Rhönbräu Klosterbier,Sao Paulo,QUEEN,10786,Plutzer Lebensmittelgroßmärkte AG,8,7.75,High Value,260.40000000000003,Queen Cozinha
15,0.05,1,2,France,Andrew Fuller,1997-12-19 00:00:00.000,Beverages,270.75,1,Speedy Express,Chang,Toulouse,LAMAI,10787,Exotic Liquids,2,19.00,Medium Value,270.75,La maison d'Asie
20,0.05,12,29,France,Andrew Fuller,1997-12-19 00:00:00.000,Meat/Poultry,2352.01,6,Speedy Express,Thüringer Rostbratwurst,Toulouse,LAMAI,10787,Plutzer Lebensmittelgroßmärkte AG,2,123.79,Medium Value,2352.01,La maison d'Asie
50,0.05,8,19,Germany,Nancy Davolio,1997-12-22 00:00:00.000,Confections,436.99999999999994,3,United Package,Teatime Chocolate Biscuits,Cunewalde,QUICK,10788,Specialty Biscuits Ltd.,1,9.20,High Value,436.99999999999994,QUICK-Stop
40,0.05,12,75,Germany,Nancy Davolio,1997-12-22 00:00:00.000,Beverages,294.5,1,United Package,Rhönbräu Klosterbier,Cunewalde,QUICK,10788,Plutzer Lebensmittelgroßmärkte AG,1,7.75,High Value,294.5,QUICK-Stop
30,0,7,18,France,Nancy Davolio,1997-12-22 00:00:00.000,Seafood,1875.0,8,United Package,Carnarvon Tigers,Lille,FOLIG,10789,Pavlova Ltd.,1,62.50,Medium Value,1875.0,Folies gourmandes
15,0,16,35,France,Nancy Davolio,1997-12-22 00:00:00.000,Beverages,270.0,1,United Package,Steeleye Stout,Lille,FOLIG,10789,Bigfoot Breweries,1,18.00,Medium Value,270.0,Folies gourmandes
30,0,7,63,France,Nancy Davolio,1997-12-22 00:00:00.000,Condiments,1317.0,2,United Package,Vegie-spread,Lille,FOLIG,10789,Pavlova Ltd.,1,43.90,Medium Value,1317.0,Folies gourmandes
18,0,8,68,France,Nancy Davolio,1997-12-22 00:00:00.000,Confections,225.0,3,United Package,Scottish Longbreads,Lille,FOLIG,10789,Specialty Biscuits Ltd.,1,12.50,Medium Value,225.0,Folies gourmandes
3,0.15,3,7,Brazil,Michael Suyama,1997-12-22 00:00:00.000,Produce,76.5,7,Speedy Express,Uncle Bob's Organic Dried Pears,Campinas,GOURL,10790,Grandma Kelly's Homestead,6,30.00,Medium Value,76.5,Gourmet Lanchonetes
20,0.15,26,56,Brazil,Michael Suyama,1997-12-22 00:00:00.000,Grains/Cereals,646.0,5,Speedy Express,Gnocchi di nonna Alice,Campinas,GOURL,10790,Pasta Buttini s.r.l.,6,38.00,Medium Value,646.0,Gourmet Lanchonetes
14,0.05,12,29,Germany,Michael Suyama,1997-12-23 00:00:00.000,Meat/Poultry,1646.4070000000002,6,United Package,Thüringer Rostbratwurst,München,FRANK,10791,Plutzer Lebensmittelgroßmärkte AG,6,123.79,High Value,1646.4070000000002,Frankenversand
20,0.05,19,41,Germany,Michael Suyama,1997-12-23 00:00:00.000,Seafood,183.35,8,United Package,Jack's New England Clam Chowder,München,FRANK,10791,New England Seafood Cannery,6,9.65,High Value,183.35,Frankenversand
10,0,1,2,Poland,Nancy Davolio,1997-12-23 00:00:00.000,Beverages,190.0,1,Federal Shipping,Chang,Warszawa,WOLZA,10792,Exotic Liquids,1,19.00,Low Value,190.0,Wolski  Zajazd
3,0,25,54,Poland,Nancy Davolio,1997-12-23 00:00:00.000,Meat/Poultry,22.35,6,Federal Shipping,Tourtière,Warszawa,WOLZA,10792,Ma Maison,1,7.45,Low Value,22.35,Wolski  Zajazd
15,0,8,68,Poland,Nancy Davolio,1997-12-23 00:00:00.000,Confections,187.5,3,Federal Shipping,Scottish Longbreads,Warszawa,WOLZA,10792,Specialty Biscuits Ltd.,1,12.50,Low Value,187.5,Wolski  Zajazd
14,0,19,41,UK,Janet Leverling,1997-12-24 00:00:00.000,Seafood,135.1,8,Federal Shipping,Jack's New England Clam Chowder,Colchester,AROUT,10793,New England Seafood Cannery,3,9.65,Medium Value,135.1,Around the Horn
8,0,24,52,UK,Janet Leverling,1997-12-24 00:00:00.000,Grains/Cereals,56.0,5,Federal Shipping,Filo Mix,Colchester,AROUT,10793,G'day Mate,3,7.00,Medium Value,56.0,Around the Horn
15,0.2,6,14,Brazil,Michael Suyama,1997-12-24 00:00:00.000,Produce,279.0,7,Speedy Express,Tofu,Rio de Janeiro,QUEDE,10794,Mayumi's,6,23.25,Low Value,279.0,Que Delícia
6,0.2,25,54,Brazil,Michael Suyama,1997-12-24 00:00:00.000,Meat/Poultry,35.760000000000005,6,Speedy Express,Tourtière,Rio de Janeiro,QUEDE,10794,Ma Maison,6,7.45,Low Value,35.760000000000005,Que Delícia
65,0,7,16,Austria,Laura Callahan,1997-12-24 00:00:00.000,Confections,1134.25,3,United Package,Pavlova,Graz,ERNSH,10795,Pavlova Ltd.,8,17.45,High Value,1134.25,Ernst Handel
35,0.25,7,17,Austria,Laura Callahan,1997-12-24 00:00:00.000,Meat/Poultry,1023.75,6,United Package,Alice Mutton,Graz,ERNSH,10795,Pavlova Ltd.,8,39.00,High Value,1023.75,Ernst Handel
21,0.2,11,26,Venezuela,Janet Leverling,1997-12-25 00:00:00.000,Confections,524.6640000000001,3,Speedy Express,Gumbär Gummibärchen,San Cristóbal,HILAA,10796,Heli Süßwaren GmbH & Co. KG,3,31.23,High Value,524.6640000000001,HILARION-Abastos
10,0,20,44,Venezuela,Janet Leverling,1997-12-25 00:00:00.000,Condiments,194.5,2,Speedy Express,Gula Malacca,San Cristóbal,HILAA,10796,Leka Trading,3,19.45,High Value,194.5,HILARION-Abastos
35,0.2,12,64,Venezuela,Janet Leverling,1997-12-25 00:00:00.000,Grains/Cereals,931.0,5,Speedy Express,Wimmers gute Semmelknödel,San Cristóbal,HILAA,10796,Plutzer Lebensmittelgroßmärkte AG,3,33.25,High Value,931.0,HILARION-Abastos
24,0.2,15,69,Venezuela,Janet Leverling,1997-12-25 00:00:00.000,Dairy Products,691.2,4,Speedy Express,Gudbrandsdalsost,San Cristóbal,HILAA,10796,Norske Meierier,3,36.00,High Value,691.2,HILARION-Abastos
20,0,5,11,Germany,Robert King,1997-12-25 00:00:00.000,Dairy Products,420.0,4,United Package,Queso Cabrales,Aachen,DRACD,10797,Cooperativa de Quesos 'Las Cabras',7,21.00,Low Value,420.0,Drachenblut Delikatessen
2,0,29,62,UK,Andrew Fuller,1997-12-26 00:00:00.000,Confections,98.6,3,Speedy Express,Tarte au sucre,Cowes,ISLAT,10798,Forêts d'érables,2,49.30,Low Value,98.6,Island Trading
10,0,14,72,UK,Andrew Fuller,1997-12-26 00:00:00.000,Dairy Products,348.0,4,Speedy Express,Mozzarella di Giovanni,Cowes,ISLAT,10798,Formaggi Fortini s.r.l.,2,34.80,Low Value,348.0,Island Trading
20,0.15,6,13,Germany,Anne Dodsworth,1997-12-26 00:00:00.000,Seafood,102.0,8,Federal Shipping,Konbu,Brandenburg,KOENE,10799,Mayumi's,9,6.00,High Value,102.0,Königlich Essen
20,0.15,10,24,Germany,Anne Dodsworth,1997-12-26 00:00:00.000,Beverages,76.5,1,Federal Shipping,Guaraná Fantástica,Brandenburg,KOENE,10799,Refrescos Americanas LTDA,9,4.50,High Value,76.5,Königlich Essen
25,0,28,59,Germany,Anne Dodsworth,1997-12-26 00:00:00.000,Dairy Products,1375.0,4,Federal Shipping,Raclette Courdavault,Brandenburg,KOENE,10799,Gai pâturage,9,55.00,High Value,1375.0,Königlich Essen
50,0.1,5,11,UK,Nancy Davolio,1997-12-26 00:00:00.000,Dairy Products,945.0,4,Federal Shipping,Queso Cabrales,London,SEVES,10800,Cooperativa de Quesos 'Las Cabras',1,21.00,Medium Value,945.0,Seven Seas Imports
10,0.1,24,51,UK,Nancy Davolio,1997-12-26 00:00:00.000,Produce,477.0,7,Federal Shipping,Manjimup Dried Apples,London,SEVES,10800,G'day Mate,1,53.00,Medium Value,477.0,Seven Seas Imports
7,0.1,25,54,UK,Nancy Davolio,1997-12-26 00:00:00.000,Meat/Poultry,46.935,6,Federal Shipping,Tourtière,London,SEVES,10800,Ma Maison,1,7.45,Medium Value,46.935,Seven Seas Imports
40,0.25,7,17,Spain,Margaret Peacock,1997-12-29 00:00:00.000,Meat/Poultry,1170.0,6,United Package,Alice Mutton,Madrid,BOLID,10801,Pavlova Ltd.,4,39.00,Low Value,1170.0,Bólido Comidas preparadas
20,0.25,12,29,Spain,Margaret Peacock,1997-12-29 00:00:00.000,Meat/Poultry,1856.8500000000001,6,United Package,Thüringer Rostbratwurst,Madrid,BOLID,10801,Plutzer Lebensmittelgroßmärkte AG,4,123.79,Low Value,1856.8500000000001,Bólido Comidas preparadas
25,0.25,13,30,Denmark,Margaret Peacock,1997-12-29 00:00:00.000,Seafood,485.4375,8,United Package,Nord-Ost Matjeshering,Kobenhavn,SIMOB,10802,Nord-Ost-Fisch Handelsgesellschaft mbH,4,25.89,High Value,485.4375,Simons bistro
30,0.25,24,51,Denmark,Margaret Peacock,1997-12-29 00:00:00.000,Produce,1192.5,7,United Package,Manjimup Dried Apples,Kobenhavn,SIMOB,10802,G'day Mate,4,53.00,High Value,1192.5,Simons bistro
60,0.25,25,55,Denmark,Margaret Peacock,1997-12-29 00:00:00.000,Meat/Poultry,1080.0,6,United Package,Pâté chinois,Kobenhavn,SIMOB,10802,Ma Maison,4,24.00,High Value,1080.0,Simons bistro
5,0.25,29,62,Denmark,Margaret Peacock,1997-12-29 00:00:00.000,Confections,184.875,3,United Package,Tarte au sucre,Kobenhavn,SIMOB,10802,Forêts d'érables,4,49.30,High Value,184.875,Simons bistro
24,0.05,8,19,Brazil,Margaret Peacock,1997-12-30 00:00:00.000,Confections,209.75999999999996,3,Speedy Express,Teatime Chocolate Biscuits,Resende,WELLI,10803,Specialty Biscuits Ltd.,4,9.20,Low Value,209.75999999999996,Wellington Importadora
15,0.05,11,25,Brazil,Margaret Peacock,1997-12-30 00:00:00.000,Confections,199.5,3,Speedy Express,NuNuCa Nuß-Nougat-Creme,Resende,WELLI,10803,Heli Süßwaren GmbH & Co. KG,4,14.00,Low Value,199.5,Wellington Importadora
15,0.05,28,59,Brazil,Margaret Peacock,1997-12-30 00:00:00.000,Dairy Products,783.75,4,Speedy Express,Raclette Courdavault,Resende,WELLI,10803,Gai pâturage,4,55.00,Low Value,783.75,Wellington Importadora
36,0,4,10,UK,Michael Suyama,1997-12-30 00:00:00.000,Seafood,1116.0,8,United Package,Ikura,London,SEVES,10804,Tokyo Traders,6,31.00,Medium Value,1116.0,Seven Seas Imports
24,0,12,28,UK,Michael Suyama,1997-12-30 00:00:00.000,Produce,1094.4,7,United Package,Rössle Sauerkraut,London,SEVES,10804,Plutzer Lebensmittelgroßmärkte AG,6,45.60,Medium Value,1094.4,Seven Seas Imports
4,0.15,23,49,UK,Michael Suyama,1997-12-30 00:00:00.000,Confections,68.0,3,United Package,Maxilaku,London,SEVES,10804,Karkki Oy,6,20.00,Medium Value,68.0,Seven Seas Imports
10,0,16,34,USA,Andrew Fuller,1997-12-30 00:00:00.000,Beverages,140.0,1,Federal Shipping,Sasquatch Ale,Portland,THEBI,10805,Bigfoot Breweries,2,14.00,Low Value,140.0,The Big Cheese
10,0,18,38,USA,Andrew Fuller,1997-12-30 00:00:00.000,Beverages,2635.0,1,Federal Shipping,Côte de Blaye,Portland,THEBI,10805,Aux joyeux ecclésiastiques,2,263.50,Low Value,2635.0,The Big Cheese
20,0.25,1,2,France,Janet Leverling,1997-12-31 00:00:00.000,Beverages,285.0,1,United Package,Chang,Lyon,VICTE,10806,Exotic Liquids,3,19.00,Medium Value,285.0,Victuailles en stock
2,0,2,65,France,Janet Leverling,1997-12-31 00:00:00.000,Condiments,42.1,2,United Package,Louisiana Fiery Hot Pepper Sauce,Lyon,VICTE,10806,New Orleans Cajun Delights,3,21.05,Medium Value,42.1,Victuailles en stock
15,0.25,4,74,France,Janet Leverling,1997-12-31 00:00:00.000,Produce,112.5,7,United Package,Longlife Tofu,Lyon,VICTE,10806,Tokyo Traders,3,10.00,Medium Value,112.5,Victuailles en stock
1,0,19,40,Italy,Margaret Peacock,1997-12-31 00:00:00.000,Seafood,18.4,8,Speedy Express,Boston Crab Meat,Torino,FRANS,10807,New England Seafood Cannery,4,18.40,Low Value,18.4,Franchi S.p.A.
20,0.15,26,56,USA,Andrew Fuller,1998-01-01 00:00:00.000,Grains/Cereals,646.0,5,Federal Shipping,Gnocchi di nonna Alice,Anchorage,OLDWO,10808,Pasta Buttini s.r.l.,2,38.00,Medium Value,646.0,Old World Delicatessen
50,0.15,23,76,USA,Andrew Fuller,1998-01-01 00:00:00.000,Beverages,765.0,1,Federal Shipping,Lakkalikööri,Anchorage,OLDWO,10808,Karkki Oy,2,18.00,Medium Value,765.0,Old World Delicatessen
20,0,24,52,Brazil,Robert King,1998-01-01 00:00:00.000,Grains/Cereals,140.0,5,Speedy Express,Filo Mix,Resende,WELLI,10809,G'day Mate,7,7.00,Low Value,140.0,Wellington Importadora
7,0,6,13,Canada,Andrew Fuller,1998-01-01 00:00:00.000,Seafood,42.0,8,Federal Shipping,Konbu,Vancouver,LAUGB,10810,Mayumi's,2,6.00,Low Value,42.0,Laughing Bacchus Wine Cellars
5,0,11,25,Canada,Andrew Fuller,1998-01-01 00:00:00.000,Confections,70.0,3,Federal Shipping,NuNuCa Nuß-Nougat-Creme,Vancouver,LAUGB,10810,Heli Süßwaren GmbH & Co. KG,2,14.00,Low Value,70.0,Laughing Bacchus Wine Cellars
5,0,7,70,Canada,Andrew Fuller,1998-01-01 00:00:00.000,Beverages,75.0,1,Federal Shipping,Outback Lager,Vancouver,LAUGB,10810,Pavlova Ltd.,2,15.00,Low Value,75.0,Laughing Bacchus Wine Cellars
15,0,8,19,Venezuela,Laura Callahan,1998-01-02 00:00:00.000,Confections,138.0,3,Speedy Express,Teatime Chocolate Biscuits,I. de Margarita,LINOD,10811,Specialty Biscuits Ltd.,8,9.20,Medium Value,138.0,LINO-Delicateses
18,0,9,23,Venezuela,Laura Callahan,1998-01-02 00:00:00.000,Grains/Cereals,162.0,5,Speedy Express,Tunnbröd,I. de Margarita,LINOD,10811,PB Knäckebröd AB,8,9.00,Medium Value,162.0,LINO-Delicateses
30,0,19,40,Venezuela,Laura Callahan,1998-01-02 00:00:00.000,Seafood,552.0,8,Speedy Express,Boston Crab Meat,I. de Margarita,LINOD,10811,New England Seafood Cannery,8,18.40,Medium Value,552.0,LINO-Delicateses
16,0.1,14,31,Italy,Steven Buchanan,1998-01-02 00:00:00.000,Dairy Products,180.0,4,Speedy Express,Gorgonzola Telino,Reggio Emilia,REGGC,10812,Formaggi Fortini s.r.l.,5,12.50,Medium Value,180.0,Reggiani Caseifici
40,0.1,14,72,Italy,Steven Buchanan,1998-01-02 00:00:00.000,Dairy Products,1252.8,4,Speedy Express,Mozzarella di Giovanni,Reggio Emilia,REGGC,10812,Formaggi Fortini s.r.l.,5,34.80,Medium Value,1252.8,Reggiani Caseifici
20,0,12,77,Italy,Steven Buchanan,1998-01-02 00:00:00.000,Condiments,260.0,2,Speedy Express,Original Frankfurter grüne Soße,Reggio Emilia,REGGC,10812,Plutzer Lebensmittelgroßmärkte AG,5,13.00,Medium Value,260.0,Reggiani Caseifici
12,0.2,1,2,Brazil,Nancy Davolio,1998-01-05 00:00:00.000,Beverages,182.4,1,Speedy Express,Chang,Rio de Janeiro,RICAR,10813,Exotic Liquids,1,19.00,Medium Value,182.4,Ricardo Adocicados
35,0,21,46,Brazil,Nancy Davolio,1998-01-05 00:00:00.000,Seafood,420.0,8,Speedy Express,Spegesild,Rio de Janeiro,RICAR,10813,Lyngbysild,1,12.00,Medium Value,420.0,Ricardo Adocicados
20,0,19,41,France,Janet Leverling,1998-01-05 00:00:00.000,Seafood,193.0,8,Federal Shipping,Jack's New England Clam Chowder,Lyon,VICTE,10814,New England Seafood Cannery,3,9.65,Medium Value,193.0,Victuailles en stock
20,0.15,20,43,France,Janet Leverling,1998-01-05 00:00:00.000,Beverages,782.0,1,Federal Shipping,Ipoh Coffee,Lyon,VICTE,10814,Leka Trading,3,46.00,Medium Value,782.0,Victuailles en stock
8,0.15,22,48,France,Janet Leverling,1998-01-05 00:00:00.000,Confections,86.7,3,Federal Shipping,Chocolade,Lyon,VICTE,10814,Zaanse Snoepfabriek,3,12.75,Medium Value,86.7,Victuailles en stock
30,0.15,29,61,France,Janet Leverling,1998-01-05 00:00:00.000,Condiments,726.75,2,Federal Shipping,Sirop d'érable,Lyon,VICTE,10814,Forêts d'érables,3,28.50,Medium Value,726.75,Victuailles en stock
16,0,15,33,USA,Andrew Fuller,1998-01-05 00:00:00.000,Dairy Products,40.0,4,Federal Shipping,Geitost,Boise,SAVEA,10815,Norske Meierier,2,2.50,High Value,40.0,Save-a-lot Markets
30,0.05,18,38,USA,Margaret Peacock,1998-01-06 00:00:00.000,Beverages,7509.75,1,United Package,Côte de Blaye,Eugene,GREAL,10816,Aux joyeux ecclésiastiques,4,263.50,High Value,7509.75,Great Lakes Food Market
20,0.05,29,62,USA,Margaret Peacock,1998-01-06 00:00:00.000,Confections,936.6999999999999,3,United Package,Tarte au sucre,Eugene,GREAL,10816,Forêts d'érables,4,49.30,High Value,936.6999999999999,Great Lakes Food Market
40,0.15,11,26,Germany,Janet Leverling,1998-01-06 00:00:00.000,Confections,1061.82,3,United Package,Gumbär Gummibärchen,Brandenburg,KOENE,10817,Heli Süßwaren GmbH & Co. KG,3,31.23,High Value,1061.82,Königlich Essen
30,0,18,38,Germany,Janet Leverling,1998-01-06 00:00:00.000,Beverages,7905.0,1,United Package,Côte de Blaye,Brandenburg,KOENE,10817,Aux joyeux ecclésiastiques,3,263.50,High Value,7905.0,Königlich Essen
60,0.15,19,40,Germany,Janet Leverling,1998-01-06 00:00:00.000,Seafood,938.4,8,United Package,Boston Crab Meat,Brandenburg,KOENE,10817,New England Seafood Cannery,3,18.40,High Value,938.4,Königlich Essen
25,0.15,29,62,Germany,Janet Leverling,1998-01-06 00:00:00.000,Confections,1047.625,3,United Package,Tarte au sucre,Brandenburg,KOENE,10817,Forêts d'érables,3,49.30,High Value,1047.625,Königlich Essen
20,0,14,32,Italy,Robert King,1998-01-07 00:00:00.000,Dairy Products,640.0,4,Federal Shipping,Mascarpone Fabioli,Bergamo,MAGAA,10818,Formaggi Fortini s.r.l.,7,32.00,Medium Value,640.0,Magazzini Alimentari Riuniti
20,0,19,41,Italy,Robert King,1998-01-07 00:00:00.000,Seafood,193.0,8,Federal Shipping,Jack's New England Clam Chowder,Bergamo,MAGAA,10818,New England Seafood Cannery,7,9.65,Medium Value,193.0,Magazzini Alimentari Riuniti
7,0,20,43,Argentina,Andrew Fuller,1998-01-07 00:00:00.000,Beverages,322.0,1,Federal Shipping,Ipoh Coffee,Buenos Aires,CACTU,10819,Leka Trading,2,46.00,Low Value,322.0,Cactus Comidas para llevar
20,0,12,75,Argentina,Andrew Fuller,1998-01-07 00:00:00.000,Beverages,155.0,1,Federal Shipping,Rhönbräu Klosterbier,Buenos Aires,CACTU,10819,Plutzer Lebensmittelgroßmärkte AG,2,7.75,Low Value,155.0,Cactus Comidas para llevar
30,0,26,56,USA,Janet Leverling,1998-01-07 00:00:00.000,Grains/Cereals,1140.0,5,United Package,Gnocchi di nonna Alice,Albuquerque,RATTC,10820,Pasta Buttini s.r.l.,3,38.00,High Value,1140.0,Rattlesnake Canyon Grocery
20,0,16,35,USA,Nancy Davolio,1998-01-08 00:00:00.000,Beverages,360.0,1,Speedy Express,Steeleye Stout,Lander,SPLIR,10821,Bigfoot Breweries,1,18.00,Medium Value,360.0,Split Rail Beer & Ale
6,0,24,51,USA,Nancy Davolio,1998-01-08 00:00:00.000,Produce,318.0,7,Speedy Express,Manjimup Dried Apples,Lander,SPLIR,10821,G'day Mate,1,53.00,Medium Value,318.0,Split Rail Beer & Ale
3,0,29,62,USA,Michael Suyama,1998-01-08 00:00:00.000,Confections,147.89999999999998,3,Federal Shipping,Tarte au sucre,Kirkland,TRAIH,10822,Forêts d'érables,6,49.30,Low Value,147.89999999999998,Trail's Head Gourmet Provisioners
6,0,7,70,USA,Michael Suyama,1998-01-08 00:00:00.000,Beverages,90.0,1,Federal Shipping,Outback Lager,Kirkland,TRAIH,10822,Pavlova Ltd.,6,15.00,Low Value,90.0,Trail's Head Gourmet Provisioners
20,0.1,5,11,Venezuela,Steven Buchanan,1998-01-09 00:00:00.000,Dairy Products,378.0,4,United Package,Queso Cabrales,Barquisimeto,LILAS,10823,Cooperativa de Quesos 'Las Cabras',5,21.00,Medium Value,378.0,LILA-Supermercado
15,0,26,57,Venezuela,Steven Buchanan,1998-01-09 00:00:00.000,Grains/Cereals,292.5,5,United Package,Ravioli Angelo,Barquisimeto,LILAS,10823,Pasta Buttini s.r.l.,5,19.50,Medium Value,292.5,LILA-Supermercado
40,0.1,28,59,Venezuela,Steven Buchanan,1998-01-09 00:00:00.000,Dairy Products,1980.0,4,United Package,Raclette Courdavault,Barquisimeto,LILAS,10823,Gai pâturage,5,55.00,Medium Value,1980.0,LILA-Supermercado
15,0.1,12,77,Venezuela,Steven Buchanan,1998-01-09 00:00:00.000,Condiments,175.5,2,United Package,Original Frankfurter grüne Soße,Barquisimeto,LILAS,10823,Plutzer Lebensmittelgroßmärkte AG,5,13.00,Medium Value,175.5,LILA-Supermercado
12,0,19,41,Sweden,Laura Callahan,1998-01-09 00:00:00.000,Seafood,115.80000000000001,8,Speedy Express,Jack's New England Clam Chowder,Bräcke,FOLKO,10824,New England Seafood Cannery,8,9.65,High Value,115.80000000000001,Folk och fä HB
9,0,7,70,Sweden,Laura Callahan,1998-01-09 00:00:00.000,Beverages,135.0,1,Speedy Express,Outback Lager,Bräcke,FOLKO,10824,Pavlova Ltd.,8,15.00,High Value,135.0,Folk och fä HB
12,0,11,26,Germany,Nancy Davolio,1998-01-09 00:00:00.000,Confections,374.76,3,Speedy Express,Gumbär Gummibärchen,Aachen,DRACD,10825,Heli Süßwaren GmbH & Co. KG,1,31.23,Low Value,374.76,Drachenblut Delikatessen
20,0,24,53,Germany,Nancy Davolio,1998-01-09 00:00:00.000,Meat/Poultry,656.0,6,Speedy Express,Perth Pasties,Aachen,DRACD,10825,G'day Mate,1,32.80,Low Value,656.0,Drachenblut Delikatessen
35,0,14,31,France,Michael Suyama,1998-01-12 00:00:00.000,Dairy Products,437.5,4,Speedy Express,Gorgonzola Telino,Strasbourg,BLONP,10826,Formaggi Fortini s.r.l.,6,12.50,High Value,437.5,Blondesddsl père et fils
15,0,26,57,France,Michael Suyama,1998-01-12 00:00:00.000,Grains/Cereals,292.5,5,Speedy Express,Ravioli Angelo,Strasbourg,BLONP,10826,Pasta Buttini s.r.l.,6,19.50,High Value,292.5,Blondesddsl père et fils
15,0,4,10,France,Nancy Davolio,1998-01-12 00:00:00.000,Seafood,465.0,8,United Package,Ikura,Marseille,BONAP,10827,Tokyo Traders,1,31.00,High Value,465.0,Bon app'
21,0,18,39,France,Nancy Davolio,1998-01-12 00:00:00.000,Beverages,378.0,1,United Package,Chartreuse verte,Marseille,BONAP,10827,Aux joyeux ecclésiastiques,1,18.00,High Value,378.0,Bon app'
5,0,8,20,Argentina,Anne Dodsworth,1998-01-13 00:00:00.000,Confections,405.0,3,Speedy Express,Sir Rodney's Marmalade,Buenos Aires,RANCH,10828,Specialty Biscuits Ltd.,9,81.00,Low Value,405.0,Rancho grande
2,0,18,38,Argentina,Anne Dodsworth,1998-01-13 00:00:00.000,Beverages,527.0,1,Speedy Express,Côte de Blaye,Buenos Aires,RANCH,10828,Aux joyeux ecclésiastiques,9,263.50,Low Value,527.0,Rancho grande
10,0,1,2,UK,Anne Dodsworth,1998-01-13 00:00:00.000,Beverages,190.0,1,Speedy Express,Chang,Cowes,ISLAT,10829,Exotic Liquids,9,19.00,Low Value,190.0,Island Trading
20,0,3,8,UK,Anne Dodsworth,1998-01-13 00:00:00.000,Condiments,800.0,2,Speedy Express,Northwoods Cranberry Sauce,Cowes,ISLAT,10829,Grandma Kelly's Homestead,9,40.00,Low Value,800.0,Island Trading
10,0,6,13,UK,Anne Dodsworth,1998-01-13 00:00:00.000,Seafood,60.0,8,Speedy Express,Konbu,Cowes,ISLAT,10829,Mayumi's,9,6.00,Low Value,60.0,Island Trading
21,0,28,60,UK,Anne Dodsworth,1998-01-13 00:00:00.000,Dairy Products,714.0,4,Speedy Express,Camembert Pierrot,Cowes,ISLAT,10829,Gai pâturage,9,34.00,Low Value,714.0,Island Trading
6,0,3,6,Brazil,Margaret Peacock,1998-01-13 00:00:00.000,Condiments,150.0,2,United Package,Grandma's Boysenberry Spread,Sao Paulo,TRADH,10830,Grandma Kelly's Homestead,4,25.00,Low Value,150.0,Tradição Hipermercados
28,0,18,39,Brazil,Margaret Peacock,1998-01-13 00:00:00.000,Beverages,504.0,1,United Package,Chartreuse verte,Sao Paulo,TRADH,10830,Aux joyeux ecclésiastiques,4,18.00,Low Value,504.0,Tradição Hipermercados
30,0,28,60,Brazil,Margaret Peacock,1998-01-13 00:00:00.000,Dairy Products,1020.0,4,United Package,Camembert Pierrot,Sao Paulo,TRADH,10830,Gai pâturage,4,34.00,Low Value,1020.0,Tradição Hipermercados
24,0,8,68,Brazil,Margaret Peacock,1998-01-13 00:00:00.000,Confections,300.0,3,United Package,Scottish Longbreads,Sao Paulo,TRADH,10830,Specialty Biscuits Ltd.,4,12.50,Low Value,300.0,Tradição Hipermercados
2,0,8,19,Norway,Janet Leverling,1998-01-14 00:00:00.000,Confections,18.4,3,United Package,Teatime Chocolate Biscuits,Stavern,SANTG,10831,Specialty Biscuits Ltd.,3,9.20,Low Value,18.4,Santé Gourmet
8,0,16,35,Norway,Janet Leverling,1998-01-14 00:00:00.000,Beverages,144.0,1,United Package,Steeleye Stout,Stavern,SANTG,10831,Bigfoot Breweries,3,18.00,Low Value,144.0,Santé Gourmet
8,0,18,38,Norway,Janet Leverling,1998-01-14 00:00:00.000,Beverages,2108.0,1,United Package,Côte de Blaye,Stavern,SANTG,10831,Aux joyeux ecclésiastiques,3,263.50,Low Value,2108.0,Santé Gourmet
9,0,20,43,Norway,Janet Leverling,1998-01-14 00:00:00.000,Beverages,414.0,1,United Package,Ipoh Coffee,Stavern,SANTG,10831,Leka Trading,3,46.00,Low Value,414.0,Santé Gourmet
3,0.2,6,13,France,Andrew Fuller,1998-01-14 00:00:00.000,Seafood,14.4,8,United Package,Konbu,Toulouse,LAMAI,10832,Mayumi's,2,6.00,Medium Value,14.4,La maison d'Asie
10,0.2,11,25,France,Andrew Fuller,1998-01-14 00:00:00.000,Confections,112.0,3,United Package,NuNuCa Nuß-Nougat-Creme,Toulouse,LAMAI,10832,Heli Süßwaren GmbH & Co. KG,2,14.00,Medium Value,112.0,La maison d'Asie
16,0.2,20,44,France,Andrew Fuller,1998-01-14 00:00:00.000,Condiments,248.96,2,United Package,Gula Malacca,Toulouse,LAMAI,10832,Leka Trading,2,19.45,Medium Value,248.96,La maison d'Asie
3,0,12,64,France,Andrew Fuller,1998-01-14 00:00:00.000,Grains/Cereals,99.75,5,United Package,Wimmers gute Semmelknödel,Toulouse,LAMAI,10832,Plutzer Lebensmittelgroßmärkte AG,2,33.25,Medium Value,99.75,La maison d'Asie
20,0.1,3,7,Germany,Michael Suyama,1998-01-15 00:00:00.000,Produce,540.0,7,United Package,Uncle Bob's Organic Dried Pears,Köln,OTTIK,10833,Grandma Kelly's Homestead,6,30.00,Medium Value,540.0,Ottilies Käseladen
9,0.1,14,31,Germany,Michael Suyama,1998-01-15 00:00:00.000,Dairy Products,101.25,4,United Package,Gorgonzola Telino,Köln,OTTIK,10833,Formaggi Fortini s.r.l.,6,12.50,Medium Value,101.25,Ottilies Käseladen
9,0.1,24,53,Germany,Michael Suyama,1998-01-15 00:00:00.000,Meat/Poultry,265.68,6,United Package,Perth Pasties,Köln,OTTIK,10833,G'day Mate,6,32.80,Medium Value,265.68,Ottilies Käseladen
8,0.05,12,29,Brazil,Nancy Davolio,1998-01-15 00:00:00.000,Meat/Poultry,940.804,6,Federal Shipping,Thüringer Rostbratwurst,Sao Paulo,TRADH,10834,Plutzer Lebensmittelgroßmärkte AG,1,123.79,Low Value,940.804,Tradição Hipermercados
20,0.05,13,30,Brazil,Nancy Davolio,1998-01-15 00:00:00.000,Seafood,491.9099999999999,8,Federal Shipping,Nord-Ost Matjeshering,Sao Paulo,TRADH,10834,Nord-Ost-Fisch Handelsgesellschaft mbH,1,25.89,Low Value,491.9099999999999,Tradição Hipermercados
15,0,28,59,Germany,Nancy Davolio,1998-01-15 00:00:00.000,Dairy Products,825.0,4,Federal Shipping,Raclette Courdavault,Berlin,ALFKI,10835,Gai pâturage,1,55.00,Low Value,825.0,Alfreds Futterkiste
2,0.2,12,77,Germany,Nancy Davolio,1998-01-15 00:00:00.000,Condiments,20.8,2,Federal Shipping,Original Frankfurter grüne Soße,Berlin,ALFKI,10835,Plutzer Lebensmittelgroßmärkte AG,1,13.00,Low Value,20.8,Alfreds Futterkiste
52,0,9,22,Austria,Robert King,1998-01-16 00:00:00.000,Grains/Cereals,1092.0,5,Speedy Express,Gustaf's Knäckebröd,Graz,ERNSH,10836,PB Knäckebröd AB,7,21.00,High Value,1092.0,Ernst Handel
6,0,16,35,Austria,Robert King,1998-01-16 00:00:00.000,Beverages,108.0,1,Speedy Express,Steeleye Stout,Graz,ERNSH,10836,Bigfoot Breweries,7,18.00,High Value,108.0,Ernst Handel
24,0,26,57,Austria,Robert King,1998-01-16 00:00:00.000,Grains/Cereals,468.0,5,Speedy Express,Ravioli Angelo,Graz,ERNSH,10836,Pasta Buttini s.r.l.,7,19.50,High Value,468.0,Ernst Handel
60,0,28,60,Austria,Robert King,1998-01-16 00:00:00.000,Dairy Products,2040.0,4,Speedy Express,Camembert Pierrot,Graz,ERNSH,10836,Gai pâturage,7,34.00,High Value,2040.0,Ernst Handel
30,0,12,64,Austria,Robert King,1998-01-16 00:00:00.000,Grains/Cereals,997.5,5,Speedy Express,Wimmers gute Semmelknödel,Graz,ERNSH,10836,Plutzer Lebensmittelgroßmärkte AG,7,33.25,High Value,997.5,Ernst Handel
6,0,6,13,Sweden,Anne Dodsworth,1998-01-16 00:00:00.000,Seafood,36.0,8,Federal Shipping,Konbu,Luleå,BERGS,10837,Mayumi's,9,6.00,High Value,36.0,Berglunds snabbköp
25,0,19,40,Sweden,Anne Dodsworth,1998-01-16 00:00:00.000,Seafood,459.99999999999994,8,Federal Shipping,Boston Crab Meat,Luleå,BERGS,10837,New England Seafood Cannery,9,18.40,High Value,459.99999999999994,Berglunds snabbköp
40,0.25,22,47,Sweden,Anne Dodsworth,1998-01-16 00:00:00.000,Confections,285.0,3,Federal Shipping,Zaanse koeken,Luleå,BERGS,10837,Zaanse Snoepfabriek,9,9.50,High Value,285.0,Berglunds snabbköp
21,0.25,23,76,Sweden,Anne Dodsworth,1998-01-16 00:00:00.000,Beverages,283.5,1,Federal Shipping,Lakkalikööri,Luleå,BERGS,10837,Karkki Oy,9,18.00,High Value,283.5,Berglunds snabbköp
4,0.25,1,1,Venezuela,Janet Leverling,1998-01-19 00:00:00.000,Beverages,54.0,1,Federal Shipping,Chai,I. de Margarita,LINOD,10838,Exotic Liquids,3,18.00,Medium Value,54.0,LINO-Delicateses
25,0.25,7,18,Venezuela,Janet Leverling,1998-01-19 00:00:00.000,Seafood,1171.875,8,Federal Shipping,Carnarvon Tigers,I. de Margarita,LINOD,10838,Pavlova Ltd.,3,62.50,Medium Value,1171.875,LINO-Delicateses
50,0.25,17,36,Venezuela,Janet Leverling,1998-01-19 00:00:00.000,Seafood,712.5,8,Federal Shipping,Inlagd Sill,I. de Margarita,LINOD,10838,Svensk Sjöföda AB,3,19.00,Medium Value,712.5,LINO-Delicateses
30,0.1,27,58,Brazil,Janet Leverling,1998-01-19 00:00:00.000,Seafood,357.75,8,Federal Shipping,Escargots de Bourgogne,Sao Paulo,TRADH,10839,Escargots Nouveaux,3,13.25,Low Value,357.75,Tradição Hipermercados
15,0.1,14,72,Brazil,Janet Leverling,1998-01-19 00:00:00.000,Dairy Products,469.8,4,Federal Shipping,Mozzarella di Giovanni,Sao Paulo,TRADH,10839,Formaggi Fortini s.r.l.,3,34.80,Low Value,469.8,Tradição Hipermercados
6,0.2,11,25,Venezuela,Margaret Peacock,1998-01-19 00:00:00.000,Confections,67.2,3,United Package,NuNuCa Nuß-Nougat-Creme,I. de Margarita,LINOD,10840,Heli Süßwaren GmbH & Co. KG,4,14.00,Medium Value,67.2,LINO-Delicateses
10,0.2,18,39,Venezuela,Margaret Peacock,1998-01-19 00:00:00.000,Beverages,144.0,1,United Package,Chartreuse verte,I. de Margarita,LINOD,10840,Aux joyeux ecclésiastiques,4,18.00,Medium Value,144.0,LINO-Delicateses
16,0,4,10,Belgium,Steven Buchanan,1998-01-20 00:00:00.000,Seafood,496.0,8,United Package,Ikura,Charleroi,SUPRD,10841,Tokyo Traders,5,31.00,High Value,496.0,Suprêmes délices
30,0,26,56,Belgium,Steven Buchanan,1998-01-20 00:00:00.000,Grains/Cereals,1140.0,5,United Package,Gnocchi di nonna Alice,Charleroi,SUPRD,10841,Pasta Buttini s.r.l.,5,38.00,High Value,1140.0,Suprêmes délices
50,0,28,59,Belgium,Steven Buchanan,1998-01-20 00:00:00.000,Dairy Products,2750.0,4,United Package,Raclette Courdavault,Charleroi,SUPRD,10841,Gai pâturage,5,55.00,High Value,2750.0,Suprêmes délices
15,0,12,77,Belgium,Steven Buchanan,1998-01-20 00:00:00.000,Condiments,195.0,2,United Package,Original Frankfurter grüne Soße,Charleroi,SUPRD,10841,Plutzer Lebensmittelgroßmärkte AG,5,13.00,High Value,195.0,Suprêmes délices
15,0,5,11,Mexico,Nancy Davolio,1998-01-20 00:00:00.000,Dairy Products,315.0,4,Federal Shipping,Queso Cabrales,México D.F.,TORTU,10842,Cooperativa de Quesos 'Las Cabras',1,21.00,Medium Value,315.0,Tortuga Restaurante
5,0,20,43,Mexico,Nancy Davolio,1998-01-20 00:00:00.000,Beverages,230.0,1,Federal Shipping,Ipoh Coffee,México D.F.,TORTU,10842,Leka Trading,1,46.00,Medium Value,230.0,Tortuga Restaurante
20,0,8,68,Mexico,Nancy Davolio,1998-01-20 00:00:00.000,Confections,250.0,3,Federal Shipping,Scottish Longbreads,México D.F.,TORTU,10842,Specialty Biscuits Ltd.,1,12.50,Medium Value,250.0,Tortuga Restaurante
12,0,7,70,Mexico,Nancy Davolio,1998-01-20 00:00:00.000,Beverages,180.0,1,Federal Shipping,Outback Lager,México D.F.,TORTU,10842,Pavlova Ltd.,1,15.00,Medium Value,180.0,Tortuga Restaurante
4,0.25,24,51,France,Margaret Peacock,1998-01-21 00:00:00.000,Produce,159.0,7,United Package,Manjimup Dried Apples,Lyon,VICTE,10843,G'day Mate,4,53.00,Medium Value,159.0,Victuailles en stock
35,0,9,22,Austria,Laura Callahan,1998-01-21 00:00:00.000,Grains/Cereals,735.0,5,United Package,Gustaf's Knäckebröd,Salzburg,PICCO,10844,PB Knäckebröd AB,8,21.00,High Value,735.0,Piccolo und mehr
70,0.1,9,23,Germany,Laura Callahan,1998-01-21 00:00:00.000,Grains/Cereals,567.0,5,Speedy Express,Tunnbröd,Cunewalde,QUICK,10845,PB Knäckebröd AB,8,9.00,High Value,567.0,QUICK-Stop
25,0.1,16,35,Germany,Laura Callahan,1998-01-21 00:00:00.000,Beverages,405.0,1,Speedy Express,Steeleye Stout,Cunewalde,QUICK,10845,Bigfoot Breweries,8,18.00,High Value,405.0,QUICK-Stop
42,0.1,20,42,Germany,Laura Callahan,1998-01-21 00:00:00.000,Grains/Cereals,529.2,5,Speedy Express,Singaporean Hokkien Fried Mee,Cunewalde,QUICK,10845,Leka Trading,8,14.00,High Value,529.2,QUICK-Stop
60,0.1,27,58,Germany,Laura Callahan,1998-01-21 00:00:00.000,Seafood,715.5,8,Speedy Express,Escargots de Bourgogne,Cunewalde,QUICK,10845,Escargots Nouveaux,8,13.25,High Value,715.5,QUICK-Stop
48,0,12,64,Germany,Laura Callahan,1998-01-21 00:00:00.000,Grains/Cereals,1596.0,5,Speedy Express,Wimmers gute Semmelknödel,Cunewalde,QUICK,10845,Plutzer Lebensmittelgroßmärkte AG,8,33.25,High Value,1596.0,QUICK-Stop
21,0,2,4,Belgium,Andrew Fuller,1998-01-22 00:00:00.000,Condiments,462.0,2,Federal Shipping,Chef Anton's Cajun Seasoning,Charleroi,SUPRD,10846,New Orleans Cajun Delights,2,22.00,High Value,462.0,Suprêmes délices
30,0,7,70,Belgium,Andrew Fuller,1998-01-22 00:00:00.000,Beverages,450.0,1,Federal Shipping,Outback Lager,Charleroi,SUPRD,10846,Pavlova Ltd.,2,15.00,High Value,450.0,Suprêmes délices
20,0,4,74,Belgium,Andrew Fuller,1998-01-22 00:00:00.000,Produce,200.0,7,Federal Shipping,Longlife Tofu,Charleroi,SUPRD,10846,Tokyo Traders,2,10.00,High Value,200.0,Suprêmes délices
80,0.2,1,1,USA,Margaret Peacock,1998-01-22 00:00:00.000,Beverages,1152.0,1,Federal Shipping,Chai,Boise,SAVEA,10847,Exotic Liquids,4,18.00,High Value,1152.0,Save-a-lot Markets
12,0.2,8,19,USA,Margaret Peacock,1998-01-22 00:00:00.000,Confections,88.32,3,Federal Shipping,Teatime Chocolate Biscuits,Boise,SAVEA,10847,Specialty Biscuits Ltd.,4,9.20,High Value,88.32,Save-a-lot Markets
60,0.2,17,37,USA,Margaret Peacock,1998-01-22 00:00:00.000,Seafood,1248.0,8,Federal Shipping,Gravad lax,Boise,SAVEA,10847,Svensk Sjöföda AB,4,26.00,High Value,1248.0,Save-a-lot Markets
36,0.2,21,45,USA,Margaret Peacock,1998-01-22 00:00:00.000,Seafood,273.6,8,Federal Shipping,Rogede sild,Boise,SAVEA,10847,Lyngbysild,4,9.50,High Value,273.6,Save-a-lot Markets
45,0.2,28,60,USA,Margaret Peacock,1998-01-22 00:00:00.000,Dairy Products,1224.0,4,Federal Shipping,Camembert Pierrot,Boise,SAVEA,10847,Gai pâturage,4,34.00,High Value,1224.0,Save-a-lot Markets
55,0.2,15,71,USA,Margaret Peacock,1998-01-22 00:00:00.000,Dairy Products,946.0,4,Federal Shipping,Flotemysost,Boise,SAVEA,10847,Norske Meierier,4,21.50,High Value,946.0,Save-a-lot Markets
30,0,2,5,UK,Robert King,1998-01-23 00:00:00.000,Condiments,640.5,2,United Package,Chef Anton's Gumbo Mix,London,CONSH,10848,New Orleans Cajun Delights,7,21.35,Low Value,640.5,Consolidated Holdings
3,0,4,9,UK,Robert King,1998-01-23 00:00:00.000,Meat/Poultry,291.0,6,United Package,Mishi Kobe Niku,London,CONSH,10848,Tokyo Traders,7,97.00,Low Value,291.0,Consolidated Holdings
49,0,1,3,Germany,Anne Dodsworth,1998-01-23 00:00:00.000,Condiments,490.0,2,United Package,Aniseed Syrup,Brandenburg,KOENE,10849,Exotic Liquids,9,10.00,High Value,490.0,Königlich Essen
18,0.15,11,26,Germany,Anne Dodsworth,1998-01-23 00:00:00.000,Confections,477.81899999999996,3,United Package,Gumbär Gummibärchen,Brandenburg,KOENE,10849,Heli Süßwaren GmbH & Co. KG,9,31.23,High Value,477.81899999999996,Königlich Essen
20,0.15,11,25,France,Nancy Davolio,1998-01-23 00:00:00.000,Confections,238.0,3,Speedy Express,NuNuCa Nuß-Nougat-Creme,Lyon,VICTE,10850,Heli Süßwaren GmbH & Co. KG,1,14.00,Medium Value,238.0,Victuailles en stock
4,0.15,15,33,France,Nancy Davolio,1998-01-23 00:00:00.000,Dairy Products,8.5,4,Speedy Express,Geitost,Lyon,VICTE,10850,Norske Meierier,1,2.50,Medium Value,8.5,Victuailles en stock
30,0.15,7,70,France,Nancy Davolio,1998-01-23 00:00:00.000,Beverages,382.5,1,Speedy Express,Outback Lager,Lyon,VICTE,10850,Pavlova Ltd.,1,15.00,Medium Value,382.5,Victuailles en stock
5,0.05,1,2,Brazil,Steven Buchanan,1998-01-26 00:00:00.000,Beverages,90.25,1,Speedy Express,Chang,Rio de Janeiro,RICAR,10851,Exotic Liquids,5,19.00,Medium Value,90.25,Ricardo Adocicados
10,0.05,11,25,Brazil,Steven Buchanan,1998-01-26 00:00:00.000,Confections,133.0,3,Speedy Express,NuNuCa Nuß-Nougat-Creme,Rio de Janeiro,RICAR,10851,Heli Süßwaren GmbH & Co. KG,5,14.00,Medium Value,133.0,Ricardo Adocicados
10,0.05,26,57,Brazil,Steven Buchanan,1998-01-26 00:00:00.000,Grains/Cereals,185.25,5,Speedy Express,Ravioli Angelo,Rio de Janeiro,RICAR,10851,Pasta Buttini s.r.l.,5,19.50,Medium Value,185.25,Ricardo Adocicados
42,0.05,28,59,Brazil,Steven Buchanan,1998-01-26 00:00:00.000,Dairy Products,2194.5,4,Speedy Express,Raclette Courdavault,Rio de Janeiro,RICAR,10851,Gai pâturage,5,55.00,Medium Value,2194.5,Ricardo Adocicados
15,0,1,2,USA,Laura Callahan,1998-01-26 00:00:00.000,Beverages,285.0,1,Speedy Express,Chang,Albuquerque,RATTC,10852,Exotic Liquids,8,19.00,High Value,285.0,Rattlesnake Canyon Grocery
6,0,7,17,USA,Laura Callahan,1998-01-26 00:00:00.000,Meat/Poultry,234.0,6,Speedy Express,Alice Mutton,Albuquerque,RATTC,10852,Pavlova Ltd.,8,39.00,High Value,234.0,Rattlesnake Canyon Grocery
50,0,29,62,USA,Laura Callahan,1998-01-26 00:00:00.000,Confections,2465.0,3,Speedy Express,Tarte au sucre,Albuquerque,RATTC,10852,Forêts d'érables,8,49.30,High Value,2465.0,Rattlesnake Canyon Grocery
10,0,7,18,Germany,Anne Dodsworth,1998-01-27 00:00:00.000,Seafood,625.0,8,United Package,Carnarvon Tigers,Mannheim,BLAUS,10853,Pavlova Ltd.,9,62.50,Low Value,625.0,Blauer See Delikatessen
100,0.15,4,10,Austria,Janet Leverling,1998-01-27 00:00:00.000,Seafood,2635.0,8,United Package,Ikura,Graz,ERNSH,10854,Tokyo Traders,3,31.00,High Value,2635.0,Ernst Handel
65,0.15,6,13,Austria,Janet Leverling,1998-01-27 00:00:00.000,Seafood,331.5,8,United Package,Konbu,Graz,ERNSH,10854,Mayumi's,3,6.00,High Value,331.5,Ernst Handel
50,0,7,16,USA,Janet Leverling,1998-01-27 00:00:00.000,Confections,872.5,3,Speedy Express,Pavlova,Anchorage,OLDWO,10855,Pavlova Ltd.,3,17.45,Medium Value,872.5,Old World Delicatessen
14,0,14,31,USA,Janet Leverling,1998-01-27 00:00:00.000,Dairy Products,175.0,4,Speedy Express,Gorgonzola Telino,Anchorage,OLDWO,10855,Formaggi Fortini s.r.l.,3,12.50,Medium Value,175.0,Old World Delicatessen
24,0,26,56,USA,Janet Leverling,1998-01-27 00:00:00.000,Grains/Cereals,912.0,5,Speedy Express,Gnocchi di nonna Alice,Anchorage,OLDWO,10855,Pasta Buttini s.r.l.,3,38.00,Medium Value,912.0,Old World Delicatessen
15,0.15,2,65,USA,Janet Leverling,1998-01-27 00:00:00.000,Condiments,268.3875,2,Speedy Express,Louisiana Fiery Hot Pepper Sauce,Anchorage,OLDWO,10855,New Orleans Cajun Delights,3,21.05,Medium Value,268.3875,Old World Delicatessen
20,0,1,2,Mexico,Janet Leverling,1998-01-28 00:00:00.000,Beverages,380.0,1,United Package,Chang,México D.F.,ANTON,10856,Exotic Liquids,3,19.00,Low Value,380.0,Antonio Moreno Taquería
20,0,20,42,Mexico,Janet Leverling,1998-01-28 00:00:00.000,Grains/Cereals,280.0,5,United Package,Singaporean Hokkien Fried Mee,México D.F.,ANTON,10856,Leka Trading,3,14.00,Low Value,280.0,Antonio Moreno Taquería
30,0,1,3,Sweden,Laura Callahan,1998-01-28 00:00:00.000,Condiments,300.0,2,United Package,Aniseed Syrup,Luleå,BERGS,10857,Exotic Liquids,8,10.00,High Value,300.0,Berglunds snabbköp
35,0.25,11,26,Sweden,Laura Callahan,1998-01-28 00:00:00.000,Confections,819.7874999999999,3,United Package,Gumbär Gummibärchen,Luleå,BERGS,10857,Heli Süßwaren GmbH & Co. KG,8,31.23,High Value,819.7874999999999,Berglunds snabbköp
10,0.25,12,29,Sweden,Laura Callahan,1998-01-28 00:00:00.000,Meat/Poultry,928.4250000000001,6,United Package,Thüringer Rostbratwurst,Luleå,BERGS,10857,Plutzer Lebensmittelgroßmärkte AG,8,123.79,High Value,928.4250000000001,Berglunds snabbköp
5,0,3,7,France,Andrew Fuller,1998-01-29 00:00:00.000,Produce,150.0,7,Speedy Express,Uncle Bob's Organic Dried Pears,Versailles,LACOR,10858,Grandma Kelly's Homestead,2,30.00,Low Value,150.0,La corne d'abondance
10,0,11,27,France,Andrew Fuller,1998-01-29 00:00:00.000,Confections,439.0,3,Speedy Express,Schoggi Schokolade,Versailles,LACOR,10858,Heli Süßwaren GmbH & Co. KG,2,43.90,Low Value,439.0,La corne d'abondance
4,0,7,70,France,Andrew Fuller,1998-01-29 00:00:00.000,Beverages,60.0,1,Speedy Express,Outback Lager,Versailles,LACOR,10858,Pavlova Ltd.,2,15.00,Low Value,60.0,La corne d'abondance
40,0.25,10,24,Germany,Nancy Davolio,1998-01-29 00:00:00.000,Beverages,135.0,1,United Package,Guaraná Fantástica,München,FRANK,10859,Refrescos Americanas LTDA,1,4.50,High Value,135.0,Frankenversand
35,0.25,25,54,Germany,Nancy Davolio,1998-01-29 00:00:00.000,Meat/Poultry,195.5625,6,United Package,Tourtière,München,FRANK,10859,Ma Maison,1,7.45,High Value,195.5625,Frankenversand
30,0.25,12,64,Germany,Nancy Davolio,1998-01-29 00:00:00.000,Grains/Cereals,748.125,5,United Package,Wimmers gute Semmelknödel,München,FRANK,10859,Plutzer Lebensmittelgroßmärkte AG,1,33.25,High Value,748.125,Frankenversand
3,0,24,51,France,Janet Leverling,1998-01-29 00:00:00.000,Produce,159.0,7,Federal Shipping,Manjimup Dried Apples,Nantes,FRANR,10860,G'day Mate,3,53.00,Low Value,159.0,France restauration
20,0,23,76,France,Janet Leverling,1998-01-29 00:00:00.000,Beverages,360.0,1,Federal Shipping,Lakkalikööri,Nantes,FRANR,10860,Karkki Oy,3,18.00,Low Value,360.0,France restauration
42,0,7,17,USA,Margaret Peacock,1998-01-30 00:00:00.000,Meat/Poultry,1638.0,6,United Package,Alice Mutton,Seattle,WHITC,10861,Pavlova Ltd.,4,39.00,High Value,1638.0,White Clover Markets
20,0,7,18,USA,Margaret Peacock,1998-01-30 00:00:00.000,Seafood,1250.0,8,United Package,Carnarvon Tigers,Seattle,WHITC,10861,Pavlova Ltd.,4,62.50,High Value,1250.0,White Clover Markets
40,0,8,21,USA,Margaret Peacock,1998-01-30 00:00:00.000,Confections,400.0,3,United Package,Sir Rodney's Scones,Seattle,WHITC,10861,Specialty Biscuits Ltd.,4,10.00,High Value,400.0,White Clover Markets
35,0,15,33,USA,Margaret Peacock,1998-01-30 00:00:00.000,Dairy Products,87.5,4,United Package,Geitost,Seattle,WHITC,10861,Norske Meierier,4,2.50,High Value,87.5,White Clover Markets
3,0,29,62,USA,Margaret Peacock,1998-01-30 00:00:00.000,Confections,147.89999999999998,3,United Package,Tarte au sucre,Seattle,WHITC,10861,Forêts d'érables,4,49.30,High Value,147.89999999999998,White Clover Markets
25,0,5,11,Germany,Laura Callahan,1998-01-30 00:00:00.000,Dairy Products,525.0,4,United Package,Queso Cabrales,Frankfurt a.M.,LEHMS,10862,Cooperativa de Quesos 'Las Cabras',8,21.00,High Value,525.0,Lehmanns Marktstand
8,0,24,52,Germany,Laura Callahan,1998-01-30 00:00:00.000,Grains/Cereals,56.0,5,United Package,Filo Mix,Frankfurt a.M.,LEHMS,10862,G'day Mate,8,7.00,High Value,56.0,Lehmanns Marktstand
20,0.15,1,1,Venezuela,Margaret Peacock,1998-02-02 00:00:00.000,Beverages,306.0,1,United Package,Chai,San Cristóbal,HILAA,10863,Exotic Liquids,4,18.00,High Value,306.0,HILARION-Abastos
12,0.15,27,58,Venezuela,Margaret Peacock,1998-02-02 00:00:00.000,Seafood,135.15,8,United Package,Escargots de Bourgogne,San Cristóbal,HILAA,10863,Escargots Nouveaux,4,13.25,High Value,135.15,HILARION-Abastos
4,0,16,35,UK,Margaret Peacock,1998-02-02 00:00:00.000,Beverages,72.0,1,United Package,Steeleye Stout,Colchester,AROUT,10864,Bigfoot Breweries,4,18.00,Medium Value,72.0,Around the Horn
15,0,16,67,UK,Margaret Peacock,1998-02-02 00:00:00.000,Beverages,210.0,1,United Package,Laughing Lumberjack Lager,Colchester,AROUT,10864,Bigfoot Breweries,4,14.00,Medium Value,210.0,Around the Horn
60,0.05,18,38,Germany,Andrew Fuller,1998-02-02 00:00:00.000,Beverages,15019.5,1,Speedy Express,Côte de Blaye,Cunewalde,QUICK,10865,Aux joyeux ecclésiastiques,2,263.50,High Value,15019.5,QUICK-Stop
80,0.05,18,39,Germany,Andrew Fuller,1998-02-02 00:00:00.000,Beverages,1368.0,1,Speedy Express,Chartreuse verte,Cunewalde,QUICK,10865,Aux joyeux ecclésiastiques,2,18.00,High Value,1368.0,QUICK-Stop
21,0.25,1,2,Sweden,Steven Buchanan,1998-02-03 00:00:00.000,Beverages,299.25,1,Speedy Express,Chang,Luleå,BERGS,10866,Exotic Liquids,5,19.00,High Value,299.25,Berglunds snabbköp
6,0.25,10,24,Sweden,Steven Buchanan,1998-02-03 00:00:00.000,Beverages,20.25,1,Speedy Express,Guaraná Fantástica,Luleå,BERGS,10866,Refrescos Americanas LTDA,5,4.50,High Value,20.25,Berglunds snabbköp
40,0.25,13,30,Sweden,Steven Buchanan,1998-02-03 00:00:00.000,Seafood,776.6999999999999,8,Speedy Express,Nord-Ost Matjeshering,Luleå,BERGS,10866,Nord-Ost-Fisch Handelsgesellschaft mbH,5,25.89,High Value,776.6999999999999,Berglunds snabbköp
3,0,24,53,USA,Michael Suyama,1998-02-03 00:00:00.000,Meat/Poultry,98.39999999999999,6,Speedy Express,Perth Pasties,Portland,LONEP,10867,G'day Mate,6,32.80,Low Value,98.39999999999999,Lonesome Pine Restaurant
20,0,11,26,Brazil,Robert King,1998-02-04 00:00:00.000,Confections,624.6,3,United Package,Gumbär Gummibärchen,Sao Paulo,QUEEN,10868,Heli Süßwaren GmbH & Co. KG,7,31.23,High Value,624.6,Queen Cozinha
30,0,16,35,Brazil,Robert King,1998-02-04 00:00:00.000,Beverages,540.0,1,United Package,Steeleye Stout,Sao Paulo,QUEEN,10868,Bigfoot Breweries,7,18.00,High Value,540.0,Queen Cozinha
42,0.1,23,49,Brazil,Robert King,1998-02-04 00:00:00.000,Confections,756.0,3,United Package,Maxilaku,Sao Paulo,QUEEN,10868,Karkki Oy,7,20.00,High Value,756.0,Queen Cozinha
40,0,1,1,UK,Steven Buchanan,1998-02-04 00:00:00.000,Beverages,720.0,1,Speedy Express,Chai,London,SEVES,10869,Exotic Liquids,5,18.00,Medium Value,720.0,Seven Seas Imports
10,0,5,11,UK,Steven Buchanan,1998-02-04 00:00:00.000,Dairy Products,210.0,4,Speedy Express,Queso Cabrales,London,SEVES,10869,Cooperativa de Quesos 'Las Cabras',5,21.00,Medium Value,210.0,Seven Seas Imports
50,0,9,23,UK,Steven Buchanan,1998-02-04 00:00:00.000,Grains/Cereals,450.0,5,Speedy Express,Tunnbröd,London,SEVES,10869,PB Knäckebröd AB,5,9.00,Medium Value,450.0,Seven Seas Imports
20,0,8,68,UK,Steven Buchanan,1998-02-04 00:00:00.000,Confections,250.0,3,Speedy Express,Scottish Longbreads,London,SEVES,10869,Specialty Biscuits Ltd.,5,12.50,Medium Value,250.0,Seven Seas Imports
3,0,16,35,Poland,Steven Buchanan,1998-02-04 00:00:00.000,Beverages,54.0,1,Federal Shipping,Steeleye Stout,Warszawa,WOLZA,10870,Bigfoot Breweries,5,18.00,Low Value,54.0,Wolski  Zajazd
2,0,24,51,Poland,Steven Buchanan,1998-02-04 00:00:00.000,Produce,106.0,7,Federal Shipping,Manjimup Dried Apples,Warszawa,WOLZA,10870,G'day Mate,5,53.00,Low Value,106.0,Wolski  Zajazd
50,0.05,3,6,France,Anne Dodsworth,1998-02-05 00:00:00.000,Condiments,1187.5,2,United Package,Grandma's Boysenberry Spread,Marseille,BONAP,10871,Grandma Kelly's Homestead,9,25.00,High Value,1187.5,Bon app'
12,0.05,7,16,France,Anne Dodsworth,1998-02-05 00:00:00.000,Confections,198.92999999999998,3,United Package,Pavlova,Marseille,BONAP,10871,Pavlova Ltd.,9,17.45,High Value,198.92999999999998,Bon app'
16,0.05,7,17,France,Anne Dodsworth,1998-02-05 00:00:00.000,Meat/Poultry,592.8,6,United Package,Alice Mutton,Marseille,BONAP,10871,Pavlova Ltd.,9,39.00,High Value,592.8,Bon app'
10,0.05,25,55,Spain,Steven Buchanan,1998-02-05 00:00:00.000,Meat/Poultry,228.0,6,United Package,Pâté chinois,Sevilla,GODOS,10872,Ma Maison,5,24.00,Medium Value,228.0,Godos Cocina Típica
20,0.05,29,62,Spain,Steven Buchanan,1998-02-05 00:00:00.000,Confections,936.6999999999999,3,United Package,Tarte au sucre,Sevilla,GODOS,10872,Forêts d'érables,5,49.30,Medium Value,936.6999999999999,Godos Cocina Típica
15,0.05,12,64,Spain,Steven Buchanan,1998-02-05 00:00:00.000,Grains/Cereals,473.8125,5,United Package,Wimmers gute Semmelknödel,Sevilla,GODOS,10872,Plutzer Lebensmittelgroßmärkte AG,5,33.25,Medium Value,473.8125,Godos Cocina Típica
21,0.05,2,65,Spain,Steven Buchanan,1998-02-05 00:00:00.000,Condiments,419.9475,2,United Package,Louisiana Fiery Hot Pepper Sauce,Sevilla,GODOS,10872,New Orleans Cajun Delights,5,21.05,Medium Value,419.9475,Godos Cocina Típica
20,0,8,21,Finland,Margaret Peacock,1998-02-06 00:00:00.000,Confections,200.0,3,Speedy Express,Sir Rodney's Scones,Helsinki,WILMK,10873,Specialty Biscuits Ltd.,4,10.00,Low Value,200.0,Wilman Kala
3,0,12,28,Finland,Margaret Peacock,1998-02-06 00:00:00.000,Produce,136.8,7,Speedy Express,Rössle Sauerkraut,Helsinki,WILMK,10873,Plutzer Lebensmittelgroßmärkte AG,4,45.60,Low Value,136.8,Wilman Kala
10,0,4,10,Spain,Steven Buchanan,1998-02-06 00:00:00.000,Seafood,310.0,8,United Package,Ikura,Sevilla,GODOS,10874,Tokyo Traders,5,31.00,Medium Value,310.0,Godos Cocina Típica
25,0,8,19,Sweden,Margaret Peacock,1998-02-06 00:00:00.000,Confections,229.99999999999997,3,United Package,Teatime Chocolate Biscuits,Luleå,BERGS,10875,Specialty Biscuits Ltd.,4,9.20,High Value,229.99999999999997,Berglunds snabbköp
21,0.1,22,47,Sweden,Margaret Peacock,1998-02-06 00:00:00.000,Confections,179.55,3,United Package,Zaanse koeken,Luleå,BERGS,10875,Zaanse Snoepfabriek,4,9.50,High Value,179.55,Berglunds snabbköp
15,0,23,49,Sweden,Margaret Peacock,1998-02-06 00:00:00.000,Confections,300.0,3,United Package,Maxilaku,Luleå,BERGS,10875,Karkki Oy,4,20.00,High Value,300.0,Berglunds snabbköp
21,0,21,46,France,Robert King,1998-02-09 00:00:00.000,Seafood,252.0,8,Federal Shipping,Spegesild,Marseille,BONAP,10876,Lyngbysild,7,12.00,High Value,252.0,Bon app'
20,0,12,64,France,Robert King,1998-02-09 00:00:00.000,Grains/Cereals,665.0,5,Federal Shipping,Wimmers gute Semmelknödel,Marseille,BONAP,10876,Plutzer Lebensmittelgroßmärkte AG,7,33.25,High Value,665.0,Bon app'
30,0.25,7,16,Brazil,Nancy Davolio,1998-02-09 00:00:00.000,Confections,392.625,3,Speedy Express,Pavlova,Rio de Janeiro,RICAR,10877,Pavlova Ltd.,1,17.45,Medium Value,392.625,Ricardo Adocicados
25,0,7,18,Brazil,Nancy Davolio,1998-02-09 00:00:00.000,Seafood,1562.5,8,Speedy Express,Carnarvon Tigers,Rio de Janeiro,RICAR,10877,Pavlova Ltd.,1,62.50,Medium Value,1562.5,Ricardo Adocicados
20,0.05,8,20,Germany,Margaret Peacock,1998-02-10 00:00:00.000,Confections,1539.0,3,Speedy Express,Sir Rodney's Marmalade,Cunewalde,QUICK,10878,Specialty Biscuits Ltd.,4,81.00,High Value,1539.0,QUICK-Stop
12,0,19,40,Finland,Janet Leverling,1998-02-10 00:00:00.000,Seafood,220.79999999999998,8,Federal Shipping,Boston Crab Meat,Helsinki,WILMK,10879,New England Seafood Cannery,3,18.40,Low Value,220.79999999999998,Wilman Kala
10,0,2,65,Finland,Janet Leverling,1998-02-10 00:00:00.000,Condiments,210.5,2,Federal Shipping,Louisiana Fiery Hot Pepper Sauce,Helsinki,WILMK,10879,New Orleans Cajun Delights,3,21.05,Low Value,210.5,Wilman Kala
10,0,23,76,Finland,Janet Leverling,1998-02-10 00:00:00.000,Beverages,180.0,1,Federal Shipping,Lakkalikööri,Helsinki,WILMK,10879,Karkki Oy,3,18.00,Low Value,180.0,Wilman Kala
30,0.2,9,23,Sweden,Robert King,1998-02-10 00:00:00.000,Grains/Cereals,216.0,5,Speedy Express,Tunnbröd,Bräcke,FOLKO,10880,PB Knäckebröd AB,7,9.00,High Value,216.0,Folk och fä HB
30,0.2,29,61,Sweden,Robert King,1998-02-10 00:00:00.000,Condiments,684.0,2,Speedy Express,Sirop d'érable,Bräcke,FOLKO,10880,Forêts d'érables,7,28.50,High Value,684.0,Folk och fä HB
50,0.2,7,70,Sweden,Robert King,1998-02-10 00:00:00.000,Beverages,600.0,1,Speedy Express,Outback Lager,Bräcke,FOLKO,10880,Pavlova Ltd.,7,15.00,High Value,600.0,Folk och fä HB
10,0,17,73,Argentina,Margaret Peacock,1998-02-11 00:00:00.000,Seafood,150.0,8,Speedy Express,Röd Kaviar,Buenos Aires,CACTU,10881,Svensk Sjöföda AB,4,15.00,Low Value,150.0,Cactus Comidas para llevar
25,0,20,42,USA,Margaret Peacock,1998-02-11 00:00:00.000,Grains/Cereals,350.0,5,Federal Shipping,Singaporean Hokkien Fried Mee,Boise,SAVEA,10882,Leka Trading,4,14.00,High Value,350.0,Save-a-lot Markets
20,0.15,23,49,USA,Margaret Peacock,1998-02-11 00:00:00.000,Confections,340.0,3,Federal Shipping,Maxilaku,Boise,SAVEA,10882,Karkki Oy,4,20.00,High Value,340.0,Save-a-lot Markets
32,0.15,25,54,USA,Margaret Peacock,1998-02-11 00:00:00.000,Meat/Poultry,202.64,6,Federal Shipping,Tourtière,Boise,SAVEA,10882,Ma Maison,4,7.45,High Value,202.64,Save-a-lot Markets
8,0,10,24,USA,Laura Callahan,1998-02-12 00:00:00.000,Beverages,36.0,1,Federal Shipping,Guaraná Fantástica,Portland,LONEP,10883,Refrescos Americanas LTDA,8,4.50,Low Value,36.0,Lonesome Pine Restaurant
40,0.05,8,21,USA,Margaret Peacock,1998-02-12 00:00:00.000,Confections,380.0,3,United Package,Sir Rodney's Scones,San Francisco,LETSS,10884,Specialty Biscuits Ltd.,4,10.00,Low Value,380.0,Let's Stop N Shop
21,0.05,26,56,USA,Margaret Peacock,1998-02-12 00:00:00.000,Grains/Cereals,758.0999999999999,5,United Package,Gnocchi di nonna Alice,San Francisco,LETSS,10884,Pasta Buttini s.r.l.,4,38.00,Low Value,758.0999999999999,Let's Stop N Shop
12,0.05,2,65,USA,Margaret Peacock,1998-02-12 00:00:00.000,Condiments,239.97,2,United Package,Louisiana Fiery Hot Pepper Sauce,San Francisco,LETSS,10884,New Orleans Cajun Delights,4,21.05,Low Value,239.97,Let's Stop N Shop
20,0,1,2,Belgium,Michael Suyama,1998-02-12 00:00:00.000,Beverages,380.0,1,Federal Shipping,Chang,Charleroi,SUPRD,10885,Exotic Liquids,6,19.00,High Value,380.0,Suprêmes délices
12,0,10,24,Belgium,Michael Suyama,1998-02-12 00:00:00.000,Beverages,54.0,1,Federal Shipping,Guaraná Fantástica,Charleroi,SUPRD,10885,Refrescos Americanas LTDA,6,4.50,High Value,54.0,Suprêmes délices
30,0,7,70,Belgium,Michael Suyama,1998-02-12 00:00:00.000,Beverages,450.0,1,Federal Shipping,Outback Lager,Charleroi,SUPRD,10885,Pavlova Ltd.,6,15.00,High Value,450.0,Suprêmes délices
25,0,12,77,Belgium,Michael Suyama,1998-02-12 00:00:00.000,Condiments,325.0,2,Federal Shipping,Original Frankfurter grüne Soße,Charleroi,SUPRD,10885,Plutzer Lebensmittelgroßmärkte AG,6,13.00,High Value,325.0,Suprêmes délices
70,0,4,10,Brazil,Nancy Davolio,1998-02-13 00:00:00.000,Seafood,2170.0,8,Speedy Express,Ikura,Rio de Janeiro,HANAR,10886,Tokyo Traders,1,31.00,High Value,2170.0,Hanari Carnes
35,0,14,31,Brazil,Nancy Davolio,1998-02-13 00:00:00.000,Dairy Products,437.5,4,Speedy Express,Gorgonzola Telino,Rio de Janeiro,HANAR,10886,Formaggi Fortini s.r.l.,1,12.50,High Value,437.5,Hanari Carnes
40,0,12,77,Brazil,Nancy Davolio,1998-02-13 00:00:00.000,Condiments,520.0,2,Speedy Express,Original Frankfurter grüne Soße,Rio de Janeiro,HANAR,10886,Plutzer Lebensmittelgroßmärkte AG,1,13.00,High Value,520.0,Hanari Carnes
5,0,11,25,Spain,Laura Callahan,1998-02-13 00:00:00.000,Confections,70.0,3,Federal Shipping,NuNuCa Nuß-Nougat-Creme,Barcelona,GALED,10887,Heli Süßwaren GmbH & Co. KG,8,14.00,Low Value,70.0,Galería del gastrónomo
20,0,1,2,Spain,Nancy Davolio,1998-02-16 00:00:00.000,Beverages,380.0,1,United Package,Chang,Sevilla,GODOS,10888,Exotic Liquids,1,19.00,Medium Value,380.0,Godos Cocina Típica
18,0,8,68,Spain,Nancy Davolio,1998-02-16 00:00:00.000,Confections,225.0,3,United Package,Scottish Longbreads,Sevilla,GODOS,10888,Specialty Biscuits Ltd.,1,12.50,Medium Value,225.0,Godos Cocina Típica
40,0,5,11,USA,Anne Dodsworth,1998-02-16 00:00:00.000,Dairy Products,840.0,4,Federal Shipping,Queso Cabrales,Albuquerque,RATTC,10889,Cooperativa de Quesos 'Las Cabras',9,21.00,High Value,840.0,Rattlesnake Canyon Grocery
40,0,18,38,USA,Anne Dodsworth,1998-02-16 00:00:00.000,Beverages,10540.0,1,Federal Shipping,Côte de Blaye,Albuquerque,RATTC,10889,Aux joyeux ecclésiastiques,9,263.50,High Value,10540.0,Rattlesnake Canyon Grocery
15,0,7,17,France,Robert King,1998-02-16 00:00:00.000,Meat/Poultry,585.0,6,Speedy Express,Alice Mutton,Nantes,DUMON,10890,Pavlova Ltd.,7,39.00,Low Value,585.0,Du monde entier
10,0,16,34,France,Robert King,1998-02-16 00:00:00.000,Beverages,140.0,1,Speedy Express,Sasquatch Ale,Nantes,DUMON,10890,Bigfoot Breweries,7,14.00,Low Value,140.0,Du monde entier
14,0,19,41,France,Robert King,1998-02-16 00:00:00.000,Seafood,135.1,8,Speedy Express,Jack's New England Clam Chowder,Nantes,DUMON,10890,New England Seafood Cannery,7,9.65,Low Value,135.1,Du monde entier
15,0.05,13,30,Germany,Robert King,1998-02-17 00:00:00.000,Seafood,368.9325,8,United Package,Nord-Ost Matjeshering,Frankfurt a.M.,LEHMS,10891,Nord-Ost-Fisch Handelsgesellschaft mbH,7,25.89,High Value,368.9325,Lehmanns Marktstand
40,0.05,28,59,Belgium,Margaret Peacock,1998-02-17 00:00:00.000,Dairy Products,2090.0,4,United Package,Raclette Courdavault,Bruxelles,MAISD,10892,Gai pâturage,4,55.00,Medium Value,2090.0,Maison Dewey
30,0,3,8,Germany,Anne Dodsworth,1998-02-18 00:00:00.000,Condiments,1200.0,2,United Package,Northwoods Cranberry Sauce,Brandenburg,KOENE,10893,Grandma Kelly's Homestead,9,40.00,High Value,1200.0,Königlich Essen
10,0,10,24,Germany,Anne Dodsworth,1998-02-18 00:00:00.000,Beverages,45.0,1,United Package,Guaraná Fantástica,Brandenburg,KOENE,10893,Refrescos Americanas LTDA,9,4.50,High Value,45.0,Königlich Essen
24,0,12,29,Germany,Anne Dodsworth,1998-02-18 00:00:00.000,Meat/Poultry,2970.96,6,United Package,Thüringer Rostbratwurst,Brandenburg,KOENE,10893,Plutzer Lebensmittelgroßmärkte AG,9,123.79,High Value,2970.96,Königlich Essen
35,0,13,30,Germany,Anne Dodsworth,1998-02-18 00:00:00.000,Seafood,906.15,8,United Package,Nord-Ost Matjeshering,Brandenburg,KOENE,10893,Nord-Ost-Fisch Handelsgesellschaft mbH,9,25.89,High Value,906.15,Königlich Essen
20,0,17,36,Germany,Anne Dodsworth,1998-02-18 00:00:00.000,Seafood,380.0,8,United Package,Inlagd Sill,Brandenburg,KOENE,10893,Svensk Sjöföda AB,9,19.00,High Value,380.0,Königlich Essen
28,0.05,6,13,USA,Nancy Davolio,1998-02-18 00:00:00.000,Seafood,159.6,8,Speedy Express,Konbu,Boise,SAVEA,10894,Mayumi's,1,6.00,High Value,159.6,Save-a-lot Markets
50,0.05,15,69,USA,Nancy Davolio,1998-02-18 00:00:00.000,Dairy Products,1710.0,4,Speedy Express,Gudbrandsdalsost,Boise,SAVEA,10894,Norske Meierier,1,36.00,High Value,1710.0,Save-a-lot Markets
120,0.05,12,75,USA,Nancy Davolio,1998-02-18 00:00:00.000,Beverages,883.5,1,Speedy Express,Rhönbräu Klosterbier,Boise,SAVEA,10894,Plutzer Lebensmittelgroßmärkte AG,1,7.75,High Value,883.5,Save-a-lot Markets
110,0,10,24,Austria,Janet Leverling,1998-02-18 00:00:00.000,Beverages,495.0,1,Speedy Express,Guaraná Fantástica,Graz,ERNSH,10895,Refrescos Americanas LTDA,3,4.50,High Value,495.0,Ernst Handel
45,0,18,39,Austria,Janet Leverling,1998-02-18 00:00:00.000,Beverages,810.0,1,Speedy Express,Chartreuse verte,Graz,ERNSH,10895,Aux joyeux ecclésiastiques,3,18.00,High Value,810.0,Ernst Handel
91,0,19,40,Austria,Janet Leverling,1998-02-18 00:00:00.000,Seafood,1674.3999999999999,8,Speedy Express,Boston Crab Meat,Graz,ERNSH,10895,New England Seafood Cannery,3,18.40,High Value,1674.3999999999999,Ernst Handel
100,0,28,60,Austria,Janet Leverling,1998-02-18 00:00:00.000,Dairy Products,3400.0,4,Speedy Express,Camembert Pierrot,Graz,ERNSH,10895,Gai pâturage,3,34.00,High Value,3400.0,Ernst Handel
15,0,21,45,Belgium,Robert King,1998-02-19 00:00:00.000,Seafood,142.5,8,Federal Shipping,Rogede sild,Bruxelles,MAISD,10896,Lyngbysild,7,9.50,Medium Value,142.5,Maison Dewey
16,0,26,56,Belgium,Robert King,1998-02-19 00:00:00.000,Grains/Cereals,608.0,5,Federal Shipping,Gnocchi di nonna Alice,Bruxelles,MAISD,10896,Pasta Buttini s.r.l.,7,38.00,Medium Value,608.0,Maison Dewey
80,0,12,29,Ireland,Janet Leverling,1998-02-19 00:00:00.000,Meat/Poultry,9903.2,6,United Package,Thüringer Rostbratwurst,Cork,HUNGO,10897,Plutzer Lebensmittelgroßmärkte AG,3,123.79,High Value,9903.2,Hungry Owl All-Night Grocers
36,0,13,30,Ireland,Janet Leverling,1998-02-19 00:00:00.000,Seafood,932.04,8,United Package,Nord-Ost Matjeshering,Cork,HUNGO,10897,Nord-Ost-Fisch Handelsgesellschaft mbH,3,25.89,High Value,932.04,Hungry Owl All-Night Grocers
5,0,6,13,Argentina,Margaret Peacock,1998-02-20 00:00:00.000,Seafood,30.0,8,United Package,Konbu,Buenos Aires,OCEAN,10898,Mayumi's,4,6.00,Low Value,30.0,Océano Atlántico Ltda.
8,0.15,18,39,Venezuela,Steven Buchanan,1998-02-20 00:00:00.000,Beverages,122.39999999999999,1,Federal Shipping,Chartreuse verte,Barquisimeto,LILAS,10899,Aux joyeux ecclésiastiques,5,18.00,Medium Value,122.39999999999999,LILA-Supermercado
3,0.25,7,70,Brazil,Nancy Davolio,1998-02-20 00:00:00.000,Beverages,33.75,1,United Package,Outback Lager,Resende,WELLI,10900,Pavlova Ltd.,1,15.00,Low Value,33.75,Wellington Importadora
30,0,19,41,Venezuela,Margaret Peacock,1998-02-23 00:00:00.000,Seafood,289.5,8,Speedy Express,Jack's New England Clam Chowder,San Cristóbal,HILAA,10901,New England Seafood Cannery,4,9.65,High Value,289.5,HILARION-Abastos
30,0,15,71,Venezuela,Margaret Peacock,1998-02-23 00:00:00.000,Dairy Products,645.0,4,Speedy Express,Flotemysost,San Cristóbal,HILAA,10901,Norske Meierier,4,21.50,High Value,645.0,HILARION-Abastos
30,0.15,25,55,Sweden,Nancy Davolio,1998-02-23 00:00:00.000,Meat/Poultry,612.0,6,Speedy Express,Pâté chinois,Bräcke,FOLKO,10902,Ma Maison,1,24.00,High Value,612.0,Folk och fä HB
6,0.15,29,62,Sweden,Nancy Davolio,1998-02-23 00:00:00.000,Confections,251.42999999999995,3,Speedy Express,Tarte au sucre,Bräcke,FOLKO,10902,Forêts d'érables,1,49.30,High Value,251.42999999999995,Folk och fä HB
40,0,6,13,Brazil,Janet Leverling,1998-02-24 00:00:00.000,Seafood,240.0,8,Federal Shipping,Konbu,Rio de Janeiro,HANAR,10903,Mayumi's,3,6.00,High Value,240.0,Hanari Carnes
21,0,2,65,Brazil,Janet Leverling,1998-02-24 00:00:00.000,Condiments,442.05,2,Federal Shipping,Louisiana Fiery Hot Pepper Sauce,Rio de Janeiro,HANAR,10903,New Orleans Cajun Delights,3,21.05,High Value,442.05,Hanari Carnes
20,0,8,68,Brazil,Janet Leverling,1998-02-24 00:00:00.000,Confections,250.0,3,Federal Shipping,Scottish Longbreads,Rio de Janeiro,HANAR,10903,Specialty Biscuits Ltd.,3,12.50,High Value,250.0,Hanari Carnes
15,0,27,58,USA,Janet Leverling,1998-02-24 00:00:00.000,Seafood,198.75,8,Federal Shipping,Escargots de Bourgogne,Seattle,WHITC,10904,Escargots Nouveaux,3,13.25,High Value,198.75,White Clover Markets
35,0,29,62,USA,Janet Leverling,1998-02-24 00:00:00.000,Confections,1725.5,3,Federal Shipping,Tarte au sucre,Seattle,WHITC,10904,Forêts d'érables,3,49.30,High Value,1725.5,White Clover Markets
20,0.05,1,1,Brazil,Anne Dodsworth,1998-02-24 00:00:00.000,Beverages,342.0,1,United Package,Chai,Resende,WELLI,10905,Exotic Liquids,9,18.00,Low Value,342.0,Wellington Importadora
15,0,29,61,Poland,Margaret Peacock,1998-02-25 00:00:00.000,Condiments,427.5,2,Federal Shipping,Sirop d'érable,Warszawa,WOLZA,10906,Forêts d'érables,4,28.50,Low Value,427.5,Wolski  Zajazd
14,0,12,75,France,Michael Suyama,1998-02-25 00:00:00.000,Beverages,108.5,1,Federal Shipping,Rhönbräu Klosterbier,Paris,SPECD,10907,Plutzer Lebensmittelgroßmärkte AG,6,7.75,Low Value,108.5,Spécialités du monde
20,0.05,3,7,Italy,Margaret Peacock,1998-02-26 00:00:00.000,Produce,570.0,7,United Package,Uncle Bob's Organic Dried Pears,Reggio Emilia,REGGC,10908,Grandma Kelly's Homestead,4,30.00,Medium Value,570.0,Reggiani Caseifici
14,0.05,24,52,Italy,Margaret Peacock,1998-02-26 00:00:00.000,Grains/Cereals,93.1,5,United Package,Filo Mix,Reggio Emilia,REGGC,10908,G'day Mate,4,7.00,Medium Value,93.1,Reggiani Caseifici
12,0,3,7,Norway,Nancy Davolio,1998-02-26 00:00:00.000,Produce,360.0,7,United Package,Uncle Bob's Organic Dried Pears,Stavern,SANTG,10909,Grandma Kelly's Homestead,1,30.00,Low Value,360.0,Santé Gourmet
15,0,7,16,Norway,Nancy Davolio,1998-02-26 00:00:00.000,Confections,261.75,3,United Package,Pavlova,Stavern,SANTG,10909,Pavlova Ltd.,1,17.45,Low Value,261.75,Santé Gourmet
5,0,19,41,Norway,Nancy Davolio,1998-02-26 00:00:00.000,Seafood,48.25,8,United Package,Jack's New England Clam Chowder,Stavern,SANTG,10909,New England Seafood Cannery,1,9.65,Low Value,48.25,Santé Gourmet
12,0,8,19,Finland,Nancy Davolio,1998-02-26 00:00:00.000,Confections,110.39999999999999,3,Federal Shipping,Teatime Chocolate Biscuits,Helsinki,WILMK,10910,Specialty Biscuits Ltd.,1,9.20,Low Value,110.39999999999999,Wilman Kala
10,0,23,49,Finland,Nancy Davolio,1998-02-26 00:00:00.000,Confections,200.0,3,Federal Shipping,Maxilaku,Helsinki,WILMK,10910,Karkki Oy,1,20.00,Low Value,200.0,Wilman Kala
5,0,29,61,Finland,Nancy Davolio,1998-02-26 00:00:00.000,Condiments,142.5,2,Federal Shipping,Sirop d'érable,Helsinki,WILMK,10910,Forêts d'érables,1,28.50,Low Value,142.5,Wilman Kala
10,0,1,1,Spain,Janet Leverling,1998-02-26 00:00:00.000,Beverages,180.0,1,Speedy Express,Chai,Sevilla,GODOS,10911,Exotic Liquids,3,18.00,Medium Value,180.0,Godos Cocina Típica
12,0,7,17,Spain,Janet Leverling,1998-02-26 00:00:00.000,Meat/Poultry,468.0,6,Speedy Express,Alice Mutton,Sevilla,GODOS,10911,Pavlova Ltd.,3,39.00,Medium Value,468.0,Godos Cocina Típica
15,0,16,67,Spain,Janet Leverling,1998-02-26 00:00:00.000,Beverages,210.0,1,Speedy Express,Laughing Lumberjack Lager,Sevilla,GODOS,10911,Bigfoot Breweries,3,14.00,Medium Value,210.0,Godos Cocina Típica
40,0.25,5,11,Ireland,Andrew Fuller,1998-02-26 00:00:00.000,Dairy Products,630.0,4,United Package,Queso Cabrales,Cork,HUNGO,10912,Cooperativa de Quesos 'Las Cabras',2,21.00,High Value,630.0,Hungry Owl All-Night Grocers
60,0.25,12,29,Ireland,Andrew Fuller,1998-02-26 00:00:00.000,Meat/Poultry,5570.55,6,United Package,Thüringer Rostbratwurst,Cork,HUNGO,10912,Plutzer Lebensmittelgroßmärkte AG,2,123.79,High Value,5570.55,Hungry Owl All-Night Grocers
30,0.25,2,4,Brazil,Margaret Peacock,1998-02-26 00:00:00.000,Condiments,495.0,2,Speedy Express,Chef Anton's Cajun Seasoning,Sao Paulo,QUEEN,10913,New Orleans Cajun Delights,4,22.00,High Value,495.0,Queen Cozinha
40,0.25,15,33,Brazil,Margaret Peacock,1998-02-26 00:00:00.000,Dairy Products,75.0,4,Speedy Express,Geitost,Sao Paulo,QUEEN,10913,Norske Meierier,4,2.50,High Value,75.0,Queen Cozinha
15,0,27,58,Brazil,Margaret Peacock,1998-02-26 00:00:00.000,Seafood,198.75,8,Speedy Express,Escargots de Bourgogne,Sao Paulo,QUEEN,10913,Escargots Nouveaux,4,13.25,High Value,198.75,Queen Cozinha
25,0,15,71,Brazil,Michael Suyama,1998-02-27 00:00:00.000,Dairy Products,537.5,4,Speedy Express,Flotemysost,Sao Paulo,QUEEN,10914,Norske Meierier,6,21.50,High Value,537.5,Queen Cozinha
10,0,7,17,Mexico,Andrew Fuller,1998-02-27 00:00:00.000,Meat/Poultry,390.0,6,United Package,Alice Mutton,México D.F.,TORTU,10915,Pavlova Ltd.,2,39.00,Medium Value,390.0,Tortuga Restaurante
30,0,15,33,Mexico,Andrew Fuller,1998-02-27 00:00:00.000,Dairy Products,75.0,4,United Package,Geitost,México D.F.,TORTU,10915,Norske Meierier,2,2.50,Medium Value,75.0,Tortuga Restaurante
10,0,25,54,Mexico,Andrew Fuller,1998-02-27 00:00:00.000,Meat/Poultry,74.5,6,United Package,Tourtière,México D.F.,TORTU,10915,Ma Maison,2,7.45,Medium Value,74.5,Tortuga Restaurante
6,0,7,16,Argentina,Nancy Davolio,1998-02-27 00:00:00.000,Confections,104.69999999999999,3,United Package,Pavlova,Buenos Aires,RANCH,10916,Pavlova Ltd.,1,17.45,Low Value,104.69999999999999,Rancho grande
6,0,14,32,Argentina,Nancy Davolio,1998-02-27 00:00:00.000,Dairy Products,192.0,4,United Package,Mascarpone Fabioli,Buenos Aires,RANCH,10916,Formaggi Fortini s.r.l.,1,32.00,Low Value,192.0,Rancho grande
20,0,26,57,Argentina,Nancy Davolio,1998-02-27 00:00:00.000,Grains/Cereals,390.0,5,United Package,Ravioli Angelo,Buenos Aires,RANCH,10916,Pasta Buttini s.r.l.,1,19.50,Low Value,390.0,Rancho grande
1,0,13,30,Spain,Margaret Peacock,1998-03-02 00:00:00.000,Seafood,25.89,8,United Package,Nord-Ost Matjeshering,Madrid,ROMEY,10917,Nord-Ost-Fisch Handelsgesellschaft mbH,4,25.89,Low Value,25.89,Romero y tomillo
10,0,28,60,Spain,Margaret Peacock,1998-03-02 00:00:00.000,Dairy Products,340.0,4,United Package,Camembert Pierrot,Madrid,ROMEY,10917,Gai pâturage,4,34.00,Low Value,340.0,Romero y tomillo
60,0.25,1,1,Canada,Janet Leverling,1998-03-02 00:00:00.000,Beverages,810.0,1,Federal Shipping,Chai,Tsawassen,BOTTM,10918,Exotic Liquids,3,18.00,High Value,810.0,Bottom-Dollar Markets
25,0.25,28,60,Canada,Janet Leverling,1998-03-02 00:00:00.000,Dairy Products,637.5,4,Federal Shipping,Camembert Pierrot,Tsawassen,BOTTM,10918,Gai pâturage,3,34.00,High Value,637.5,Bottom-Dollar Markets
24,0,7,16,Venezuela,Andrew Fuller,1998-03-02 00:00:00.000,Confections,418.79999999999995,3,United Package,Pavlova,I. de Margarita,LINOD,10919,Pavlova Ltd.,2,17.45,Medium Value,418.79999999999995,LINO-Delicateses
24,0,11,25,Venezuela,Andrew Fuller,1998-03-02 00:00:00.000,Confections,336.0,3,United Package,NuNuCa Nuß-Nougat-Creme,I. de Margarita,LINOD,10919,Heli Süßwaren GmbH & Co. KG,2,14.00,Medium Value,336.0,LINO-Delicateses
20,0,19,40,Venezuela,Andrew Fuller,1998-03-02 00:00:00.000,Seafood,368.0,8,United Package,Boston Crab Meat,I. de Margarita,LINOD,10919,New England Seafood Cannery,2,18.40,Medium Value,368.0,LINO-Delicateses
24,0,23,50,UK,Margaret Peacock,1998-03-03 00:00:00.000,Confections,390.0,3,United Package,Valkoinen suklaa,Colchester,AROUT,10920,Karkki Oy,4,16.25,Medium Value,390.0,Around the Horn
10,0,16,35,Denmark,Nancy Davolio,1998-03-03 00:00:00.000,Beverages,180.0,1,Speedy Express,Steeleye Stout,Århus,VAFFE,10921,Bigfoot Breweries,1,18.00,Medium Value,180.0,Vaffeljernet
40,0,7,63,Denmark,Nancy Davolio,1998-03-03 00:00:00.000,Condiments,1756.0,2,Speedy Express,Vegie-spread,Århus,VAFFE,10921,Pavlova Ltd.,1,43.90,Medium Value,1756.0,Vaffeljernet
15,0,7,17,Brazil,Steven Buchanan,1998-03-03 00:00:00.000,Meat/Poultry,585.0,6,Federal Shipping,Alice Mutton,Rio de Janeiro,HANAR,10922,Pavlova Ltd.,5,39.00,High Value,585.0,Hanari Carnes
35,0,10,24,Brazil,Steven Buchanan,1998-03-03 00:00:00.000,Beverages,157.5,1,Federal Shipping,Guaraná Fantástica,Rio de Janeiro,HANAR,10922,Refrescos Americanas LTDA,5,4.50,High Value,157.5,Hanari Carnes
10,0.2,20,42,France,Robert King,1998-03-03 00:00:00.000,Grains/Cereals,112.0,5,Federal Shipping,Singaporean Hokkien Fried Mee,Toulouse,LAMAI,10923,Leka Trading,7,14.00,Medium Value,112.0,La maison d'Asie
10,0.2,20,43,France,Robert King,1998-03-03 00:00:00.000,Beverages,368.0,1,Federal Shipping,Ipoh Coffee,Toulouse,LAMAI,10923,Leka Trading,7,46.00,Medium Value,368.0,La maison d'Asie
24,0.2,16,67,France,Robert King,1998-03-03 00:00:00.000,Beverages,268.8,1,Federal Shipping,Laughing Lumberjack Lager,Toulouse,LAMAI,10923,Bigfoot Breweries,7,14.00,Medium Value,268.8,La maison d'Asie
20,0.1,4,10,Sweden,Janet Leverling,1998-03-04 00:00:00.000,Seafood,558.0,8,United Package,Ikura,Luleå,BERGS,10924,Tokyo Traders,3,31.00,High Value,558.0,Berglunds snabbköp
30,0.1,12,28,Sweden,Janet Leverling,1998-03-04 00:00:00.000,Produce,1231.2,7,United Package,Rössle Sauerkraut,Luleå,BERGS,10924,Plutzer Lebensmittelgroßmärkte AG,3,45.60,High Value,1231.2,Berglunds snabbköp
6,0,12,75,Sweden,Janet Leverling,1998-03-04 00:00:00.000,Beverages,46.5,1,United Package,Rhönbräu Klosterbier,Luleå,BERGS,10924,Plutzer Lebensmittelgroßmärkte AG,3,7.75,High Value,46.5,Berglunds snabbköp
25,0.15,17,36,Brazil,Janet Leverling,1998-03-04 00:00:00.000,Seafood,403.75,8,Speedy Express,Inlagd Sill,Rio de Janeiro,HANAR,10925,Svensk Sjöföda AB,3,19.00,High Value,403.75,Hanari Carnes
12,0.15,24,52,Brazil,Janet Leverling,1998-03-04 00:00:00.000,Grains/Cereals,71.39999999999999,5,Speedy Express,Filo Mix,Rio de Janeiro,HANAR,10925,G'day Mate,3,7.00,High Value,71.39999999999999,Hanari Carnes
2,0,5,11,Mexico,Margaret Peacock,1998-03-04 00:00:00.000,Dairy Products,42.0,4,Federal Shipping,Queso Cabrales,México D.F.,ANATR,10926,Cooperativa de Quesos 'Las Cabras',4,21.00,Low Value,42.0,Ana Trujillo Emparedados y helados
10,0,6,13,Mexico,Margaret Peacock,1998-03-04 00:00:00.000,Seafood,60.0,8,Federal Shipping,Konbu,México D.F.,ANATR,10926,Mayumi's,4,6.00,Low Value,60.0,Ana Trujillo Emparedados y helados
7,0,8,19,Mexico,Margaret Peacock,1998-03-04 00:00:00.000,Confections,64.39999999999999,3,Federal Shipping,Teatime Chocolate Biscuits,México D.F.,ANATR,10926,Specialty Biscuits Ltd.,4,9.20,Low Value,64.39999999999999,Ana Trujillo Emparedados y helados
10,0,14,72,Mexico,Margaret Peacock,1998-03-04 00:00:00.000,Dairy Products,348.0,4,Federal Shipping,Mozzarella di Giovanni,México D.F.,ANATR,10926,Formaggi Fortini s.r.l.,4,34.80,Low Value,348.0,Ana Trujillo Emparedados y helados
5,0,8,20,France,Margaret Peacock,1998-03-05 00:00:00.000,Confections,405.0,3,Speedy Express,Sir Rodney's Marmalade,Versailles,LACOR,10927,Specialty Biscuits Ltd.,4,81.00,Low Value,405.0,La corne d'abondance
5,0,24,52,France,Margaret Peacock,1998-03-05 00:00:00.000,Grains/Cereals,35.0,5,Speedy Express,Filo Mix,Versailles,LACOR,10927,G'day Mate,4,7.00,Low Value,35.0,La corne d'abondance
20,0,23,76,France,Margaret Peacock,1998-03-05 00:00:00.000,Beverages,360.0,1,Speedy Express,Lakkalikööri,Versailles,LACOR,10927,Karkki Oy,4,18.00,Low Value,360.0,La corne d'abondance
5,0,22,47,Spain,Nancy Davolio,1998-03-05 00:00:00.000,Confections,47.5,3,Speedy Express,Zaanse koeken,Barcelona,GALED,10928,Zaanse Snoepfabriek,1,9.50,Low Value,47.5,Galería del gastrónomo
5,0,23,76,Spain,Nancy Davolio,1998-03-05 00:00:00.000,Beverages,90.0,1,Speedy Express,Lakkalikööri,Barcelona,GALED,10928,Karkki Oy,1,18.00,Low Value,90.0,Galería del gastrónomo
60,0,8,21,Germany,Michael Suyama,1998-03-05 00:00:00.000,Confections,600.0,3,Speedy Express,Sir Rodney's Scones,München,FRANK,10929,Specialty Biscuits Ltd.,6,10.00,High Value,600.0,Frankenversand
49,0,12,75,Germany,Michael Suyama,1998-03-05 00:00:00.000,Beverages,379.75,1,Speedy Express,Rhönbräu Klosterbier,München,FRANK,10929,Plutzer Lebensmittelgroßmärkte AG,6,7.75,High Value,379.75,Frankenversand
15,0,12,77,Germany,Michael Suyama,1998-03-05 00:00:00.000,Condiments,195.0,2,Speedy Express,Original Frankfurter grüne Soße,München,FRANK,10929,Plutzer Lebensmittelgroßmärkte AG,6,13.00,High Value,195.0,Frankenversand
36,0,8,21,Belgium,Margaret Peacock,1998-03-06 00:00:00.000,Confections,360.0,3,Federal Shipping,Sir Rodney's Scones,Charleroi,SUPRD,10930,Specialty Biscuits Ltd.,4,10.00,High Value,360.0,Suprêmes délices
25,0,11,27,Belgium,Margaret Peacock,1998-03-06 00:00:00.000,Confections,1097.5,3,Federal Shipping,Schoggi Schokolade,Charleroi,SUPRD,10930,Heli Süßwaren GmbH & Co. KG,4,43.90,High Value,1097.5,Suprêmes délices
25,0.2,25,55,Belgium,Margaret Peacock,1998-03-06 00:00:00.000,Meat/Poultry,480.0,6,Federal Shipping,Pâté chinois,Charleroi,SUPRD,10930,Ma Maison,4,24.00,High Value,480.0,Suprêmes délices
30,0.2,27,58,Belgium,Margaret Peacock,1998-03-06 00:00:00.000,Seafood,318.0,8,Federal Shipping,Escargots de Bourgogne,Charleroi,SUPRD,10930,Escargots Nouveaux,4,13.25,High Value,318.0,Suprêmes délices
42,0.15,6,13,Switzerland,Margaret Peacock,1998-03-06 00:00:00.000,Seafood,214.2,8,United Package,Konbu,Genève,RICSU,10931,Mayumi's,4,6.00,High Value,214.2,Richter Supermarkt
30,0,26,57,Switzerland,Margaret Peacock,1998-03-06 00:00:00.000,Grains/Cereals,585.0,5,United Package,Ravioli Angelo,Genève,RICSU,10931,Pasta Buttini s.r.l.,4,19.50,High Value,585.0,Richter Supermarkt
30,0.1,7,16,France,Laura Callahan,1998-03-06 00:00:00.000,Confections,471.15000000000003,3,Speedy Express,Pavlova,Marseille,BONAP,10932,Pavlova Ltd.,8,17.45,High Value,471.15000000000003,Bon app'
14,0.1,29,62,France,Laura Callahan,1998-03-06 00:00:00.000,Confections,621.18,3,Speedy Express,Tarte au sucre,Marseille,BONAP,10932,Forêts d'érables,8,49.30,High Value,621.18,Bon app'
16,0,14,72,France,Laura Callahan,1998-03-06 00:00:00.000,Dairy Products,556.8,4,Speedy Express,Mozzarella di Giovanni,Marseille,BONAP,10932,Formaggi Fortini s.r.l.,8,34.80,High Value,556.8,Bon app'
20,0.1,12,75,France,Laura Callahan,1998-03-06 00:00:00.000,Beverages,139.5,1,Speedy Express,Rhönbräu Klosterbier,Marseille,BONAP,10932,Plutzer Lebensmittelgroßmärkte AG,8,7.75,High Value,139.5,Bon app'
2,0,24,53,UK,Michael Suyama,1998-03-06 00:00:00.000,Meat/Poultry,65.6,6,Federal Shipping,Perth Pasties,Cowes,ISLAT,10933,G'day Mate,6,32.80,Low Value,65.6,Island Trading
30,0,29,61,UK,Michael Suyama,1998-03-06 00:00:00.000,Condiments,855.0,2,Federal Shipping,Sirop d'érable,Cowes,ISLAT,10933,Forêts d'érables,6,28.50,Low Value,855.0,Island Trading
20,0,3,6,Germany,Janet Leverling,1998-03-09 00:00:00.000,Condiments,500.0,2,Federal Shipping,Grandma's Boysenberry Spread,Frankfurt a.M.,LEHMS,10934,Grandma Kelly's Homestead,3,25.00,High Value,500.0,Lehmanns Marktstand
21,0,1,1,Brazil,Margaret Peacock,1998-03-09 00:00:00.000,Beverages,378.0,1,Federal Shipping,Chai,Resende,WELLI,10935,Exotic Liquids,4,18.00,Low Value,378.0,Wellington Importadora
4,0.25,7,18,Brazil,Margaret Peacock,1998-03-09 00:00:00.000,Seafood,187.5,8,Federal Shipping,Carnarvon Tigers,Resende,WELLI,10935,Pavlova Ltd.,4,62.50,Low Value,187.5,Wellington Importadora
8,0.25,9,23,Brazil,Margaret Peacock,1998-03-09 00:00:00.000,Grains/Cereals,54.0,5,Federal Shipping,Tunnbröd,Resende,WELLI,10935,PB Knäckebröd AB,4,9.00,Low Value,54.0,Wellington Importadora
30,0.2,17,36,USA,Janet Leverling,1998-03-09 00:00:00.000,Seafood,456.0,8,United Package,Inlagd Sill,Eugene,GREAL,10936,Svensk Sjöföda AB,3,19.00,High Value,456.0,Great Lakes Food Market
8,0,12,28,Argentina,Robert King,1998-03-10 00:00:00.000,Produce,364.8,7,Federal Shipping,Rössle Sauerkraut,Buenos Aires,CACTU,10937,Plutzer Lebensmittelgroßmärkte AG,7,45.60,Low Value,364.8,Cactus Comidas para llevar
20,0,16,34,Argentina,Robert King,1998-03-10 00:00:00.000,Beverages,280.0,1,Federal Shipping,Sasquatch Ale,Buenos Aires,CACTU,10937,Bigfoot Breweries,7,14.00,Low Value,280.0,Cactus Comidas para llevar
20,0.25,6,13,Germany,Janet Leverling,1998-03-10 00:00:00.000,Seafood,90.0,8,United Package,Konbu,Cunewalde,QUICK,10938,Mayumi's,3,6.00,High Value,90.0,QUICK-Stop
24,0.25,20,43,Germany,Janet Leverling,1998-03-10 00:00:00.000,Beverages,828.0,1,United Package,Ipoh Coffee,Cunewalde,QUICK,10938,Leka Trading,3,46.00,High Value,828.0,QUICK-Stop
49,0.25,28,60,Germany,Janet Leverling,1998-03-10 00:00:00.000,Dairy Products,1249.5,4,United Package,Camembert Pierrot,Cunewalde,QUICK,10938,Gai pâturage,3,34.00,High Value,1249.5,QUICK-Stop
35,0.25,15,71,Germany,Janet Leverling,1998-03-10 00:00:00.000,Dairy Products,564.375,4,United Package,Flotemysost,Cunewalde,QUICK,10938,Norske Meierier,3,21.50,High Value,564.375,QUICK-Stop
10,0.15,1,2,Italy,Andrew Fuller,1998-03-10 00:00:00.000,Beverages,161.5,1,United Package,Chang,Bergamo,MAGAA,10939,Exotic Liquids,2,19.00,Medium Value,161.5,Magazzini Alimentari Riuniti
40,0.15,16,67,Italy,Andrew Fuller,1998-03-10 00:00:00.000,Beverages,476.0,1,United Package,Laughing Lumberjack Lager,Bergamo,MAGAA,10939,Bigfoot Breweries,2,14.00,Medium Value,476.0,Magazzini Alimentari Riuniti
8,0,3,7,France,Laura Callahan,1998-03-11 00:00:00.000,Produce,240.0,7,Federal Shipping,Uncle Bob's Organic Dried Pears,Marseille,BONAP,10940,Grandma Kelly's Homestead,8,30.00,High Value,240.0,Bon app'
20,0,6,13,France,Laura Callahan,1998-03-11 00:00:00.000,Seafood,120.0,8,Federal Shipping,Konbu,Marseille,BONAP,10940,Mayumi's,8,6.00,High Value,120.0,Bon app'
44,0.25,14,31,USA,Robert King,1998-03-11 00:00:00.000,Dairy Products,412.5,4,United Package,Gorgonzola Telino,Boise,SAVEA,10941,Formaggi Fortini s.r.l.,7,12.50,High Value,412.5,Save-a-lot Markets
30,0.25,29,62,USA,Robert King,1998-03-11 00:00:00.000,Confections,1109.25,3,United Package,Tarte au sucre,Boise,SAVEA,10941,Forêts d'érables,7,49.30,High Value,1109.25,Save-a-lot Markets
80,0.25,8,68,USA,Robert King,1998-03-11 00:00:00.000,Confections,750.0,3,United Package,Scottish Longbreads,Boise,SAVEA,10941,Specialty Biscuits Ltd.,7,12.50,High Value,750.0,Save-a-lot Markets
50,0,14,72,USA,Robert King,1998-03-11 00:00:00.000,Dairy Products,1739.9999999999998,4,United Package,Mozzarella di Giovanni,Boise,SAVEA,10941,Formaggi Fortini s.r.l.,7,34.80,High Value,1739.9999999999998,Save-a-lot Markets
28,0,23,49,Italy,Anne Dodsworth,1998-03-11 00:00:00.000,Confections,560.0,3,Federal Shipping,Maxilaku,Reggio Emilia,REGGC,10942,Karkki Oy,9,20.00,Medium Value,560.0,Reggiani Caseifici
15,0,6,13,UK,Margaret Peacock,1998-03-11 00:00:00.000,Seafood,90.0,8,United Package,Konbu,London,BSBEV,10943,Mayumi's,4,6.00,Low Value,90.0,B's Beverages
21,0,9,22,UK,Margaret Peacock,1998-03-11 00:00:00.000,Grains/Cereals,441.0,5,United Package,Gustaf's Knäckebröd,London,BSBEV,10943,PB Knäckebröd AB,4,21.00,Low Value,441.0,B's Beverages
15,0,21,46,UK,Margaret Peacock,1998-03-11 00:00:00.000,Seafood,180.0,8,United Package,Spegesild,London,BSBEV,10943,Lyngbysild,4,12.00,Low Value,180.0,B's Beverages
5,0.25,5,11,Canada,Michael Suyama,1998-03-12 00:00:00.000,Dairy Products,78.75,4,Federal Shipping,Queso Cabrales,Tsawassen,BOTTM,10944,Cooperativa de Quesos 'Las Cabras',6,21.00,High Value,78.75,Bottom-Dollar Markets
18,0.25,20,44,Canada,Michael Suyama,1998-03-12 00:00:00.000,Condiments,262.575,2,Federal Shipping,Gula Malacca,Tsawassen,BOTTM,10944,Leka Trading,6,19.45,High Value,262.575,Bottom-Dollar Markets
18,0,26,56,Canada,Michael Suyama,1998-03-12 00:00:00.000,Grains/Cereals,684.0,5,Federal Shipping,Gnocchi di nonna Alice,Tsawassen,BOTTM,10944,Pasta Buttini s.r.l.,6,38.00,High Value,684.0,Bottom-Dollar Markets
20,0,6,13,Germany,Margaret Peacock,1998-03-12 00:00:00.000,Seafood,120.0,8,Speedy Express,Konbu,Leipzig,MORGK,10945,Mayumi's,4,6.00,Low Value,120.0,Morgenstern Gesundkost
10,0,14,31,Germany,Margaret Peacock,1998-03-12 00:00:00.000,Dairy Products,125.0,4,Speedy Express,Gorgonzola Telino,Leipzig,MORGK,10945,Formaggi Fortini s.r.l.,4,12.50,Low Value,125.0,Morgenstern Gesundkost
25,0,4,10,Denmark,Nancy Davolio,1998-03-12 00:00:00.000,Seafood,775.0,8,United Package,Ikura,Århus,VAFFE,10946,Tokyo Traders,1,31.00,Medium Value,775.0,Vaffeljernet
25,0,10,24,Denmark,Nancy Davolio,1998-03-12 00:00:00.000,Beverages,112.5,1,United Package,Guaraná Fantástica,Århus,VAFFE,10946,Refrescos Americanas LTDA,1,4.50,Medium Value,112.5,Vaffeljernet
40,0,12,77,Denmark,Nancy Davolio,1998-03-12 00:00:00.000,Condiments,520.0,2,United Package,Original Frankfurter grüne Soße,Århus,VAFFE,10946,Plutzer Lebensmittelgroßmärkte AG,1,13.00,Medium Value,520.0,Vaffeljernet
4,0,28,59,UK,Janet Leverling,1998-03-13 00:00:00.000,Dairy Products,220.0,4,United Package,Raclette Courdavault,London,BSBEV,10947,Gai pâturage,3,55.00,Low Value,220.0,B's Beverages
9,0,23,50,Spain,Janet Leverling,1998-03-13 00:00:00.000,Confections,146.25,3,Federal Shipping,Valkoinen suklaa,Sevilla,GODOS,10948,Karkki Oy,3,16.25,Medium Value,146.25,Godos Cocina Típica
40,0,24,51,Spain,Janet Leverling,1998-03-13 00:00:00.000,Produce,2120.0,7,Federal Shipping,Manjimup Dried Apples,Sevilla,GODOS,10948,G'day Mate,3,53.00,Medium Value,2120.0,Godos Cocina Típica
4,0,25,55,Spain,Janet Leverling,1998-03-13 00:00:00.000,Meat/Poultry,96.0,6,Federal Shipping,Pâté chinois,Sevilla,GODOS,10948,Ma Maison,3,24.00,Medium Value,96.0,Godos Cocina Típica
12,0,3,6,Canada,Andrew Fuller,1998-03-13 00:00:00.000,Condiments,300.0,2,Federal Shipping,Grandma's Boysenberry Spread,Tsawassen,BOTTM,10949,Grandma Kelly's Homestead,2,25.00,High Value,300.0,Bottom-Dollar Markets
30,0,4,10,Canada,Andrew Fuller,1998-03-13 00:00:00.000,Seafood,930.0,8,Federal Shipping,Ikura,Tsawassen,BOTTM,10949,Tokyo Traders,2,31.00,High Value,930.0,Bottom-Dollar Markets
6,0,7,17,Canada,Andrew Fuller,1998-03-13 00:00:00.000,Meat/Poultry,234.0,6,Federal Shipping,Alice Mutton,Tsawassen,BOTTM,10949,Pavlova Ltd.,2,39.00,High Value,234.0,Bottom-Dollar Markets
60,0,29,62,Canada,Andrew Fuller,1998-03-13 00:00:00.000,Confections,2958.0,3,Federal Shipping,Tarte au sucre,Tsawassen,BOTTM,10949,Forêts d'érables,2,49.30,High Value,2958.0,Bottom-Dollar Markets
5,0,2,4,Italy,Nancy Davolio,1998-03-16 00:00:00.000,Condiments,110.0,2,United Package,Chef Anton's Cajun Seasoning,Bergamo,MAGAA,10950,New Orleans Cajun Delights,1,22.00,Medium Value,110.0,Magazzini Alimentari Riuniti
15,0.05,15,33,Switzerland,Anne Dodsworth,1998-03-16 00:00:00.000,Dairy Products,35.625,4,United Package,Geitost,Genève,RICSU,10951,Norske Meierier,9,2.50,High Value,35.625,Richter Supermarkt
6,0.05,19,41,Switzerland,Anne Dodsworth,1998-03-16 00:00:00.000,Seafood,55.005,8,United Package,Jack's New England Clam Chowder,Genève,RICSU,10951,New England Seafood Cannery,9,9.65,High Value,55.005,Richter Supermarkt
50,0.05,12,75,Switzerland,Anne Dodsworth,1998-03-16 00:00:00.000,Beverages,368.125,1,United Package,Rhönbräu Klosterbier,Genève,RICSU,10951,Plutzer Lebensmittelgroßmärkte AG,9,7.75,High Value,368.125,Richter Supermarkt
16,0.05,3,6,Germany,Nancy Davolio,1998-03-16 00:00:00.000,Condiments,380.0,2,Speedy Express,Grandma's Boysenberry Spread,Berlin,ALFKI,10952,Grandma Kelly's Homestead,1,25.00,Low Value,380.0,Alfreds Futterkiste
2,0,12,28,Germany,Nancy Davolio,1998-03-16 00:00:00.000,Produce,91.2,7,Speedy Express,Rössle Sauerkraut,Berlin,ALFKI,10952,Plutzer Lebensmittelgroßmärkte AG,1,45.60,Low Value,91.2,Alfreds Futterkiste
50,0.05,8,20,UK,Anne Dodsworth,1998-03-16 00:00:00.000,Confections,3847.5,3,United Package,Sir Rodney's Marmalade,Colchester,AROUT,10953,Specialty Biscuits Ltd.,9,81.00,Medium Value,3847.5,Around the Horn
50,0.05,14,31,UK,Anne Dodsworth,1998-03-16 00:00:00.000,Dairy Products,593.75,4,United Package,Gorgonzola Telino,Colchester,AROUT,10953,Formaggi Fortini s.r.l.,9,12.50,Medium Value,593.75,Around the Horn
28,0.15,7,16,Venezuela,Steven Buchanan,1998-03-17 00:00:00.000,Confections,415.30999999999995,3,Speedy Express,Pavlova,I. de Margarita,LINOD,10954,Pavlova Ltd.,5,17.45,Medium Value,415.30999999999995,LINO-Delicateses
25,0.15,14,31,Venezuela,Steven Buchanan,1998-03-17 00:00:00.000,Dairy Products,265.625,4,Speedy Express,Gorgonzola Telino,I. de Margarita,LINOD,10954,Formaggi Fortini s.r.l.,5,12.50,Medium Value,265.625,LINO-Delicateses
30,0,21,45,Venezuela,Steven Buchanan,1998-03-17 00:00:00.000,Seafood,285.0,8,Speedy Express,Rogede sild,I. de Margarita,LINOD,10954,Lyngbysild,5,9.50,Medium Value,285.0,LINO-Delicateses
24,0.15,28,60,Venezuela,Steven Buchanan,1998-03-17 00:00:00.000,Dairy Products,693.6,4,Speedy Express,Camembert Pierrot,I. de Margarita,LINOD,10954,Gai pâturage,5,34.00,Medium Value,693.6,LINO-Delicateses
12,0.2,12,75,Sweden,Laura Callahan,1998-03-17 00:00:00.000,Beverages,74.4,1,United Package,Rhönbräu Klosterbier,Bräcke,FOLKO,10955,Plutzer Lebensmittelgroßmärkte AG,8,7.75,High Value,74.4,Folk och fä HB
12,0,8,21,Germany,Michael Suyama,1998-03-17 00:00:00.000,Confections,120.0,3,United Package,Sir Rodney's Scones,Mannheim,BLAUS,10956,Specialty Biscuits Ltd.,6,10.00,Low Value,120.0,Blauer See Delikatessen
14,0,22,47,Germany,Michael Suyama,1998-03-17 00:00:00.000,Confections,133.0,3,United Package,Zaanse koeken,Mannheim,BLAUS,10956,Zaanse Snoepfabriek,6,9.50,Low Value,133.0,Blauer See Delikatessen
8,0,24,51,Germany,Michael Suyama,1998-03-17 00:00:00.000,Produce,424.0,7,United Package,Manjimup Dried Apples,Mannheim,BLAUS,10956,G'day Mate,6,53.00,Low Value,424.0,Blauer See Delikatessen
30,0,13,30,Venezuela,Laura Callahan,1998-03-18 00:00:00.000,Seafood,776.7,8,Federal Shipping,Nord-Ost Matjeshering,San Cristóbal,HILAA,10957,Nord-Ost-Fisch Handelsgesellschaft mbH,8,25.89,High Value,776.7,HILARION-Abastos
40,0,16,35,Venezuela,Laura Callahan,1998-03-18 00:00:00.000,Beverages,720.0,1,Federal Shipping,Steeleye Stout,San Cristóbal,HILAA,10957,Bigfoot Breweries,8,18.00,High Value,720.0,HILARION-Abastos
8,0,12,64,Venezuela,Laura Callahan,1998-03-18 00:00:00.000,Grains/Cereals,266.0,5,Federal Shipping,Wimmers gute Semmelknödel,San Cristóbal,HILAA,10957,Plutzer Lebensmittelgroßmärkte AG,8,33.25,High Value,266.0,HILARION-Abastos
20,0,2,5,Argentina,Robert King,1998-03-18 00:00:00.000,Condiments,427.0,2,United Package,Chef Anton's Gumbo Mix,Buenos Aires,OCEAN,10958,New Orleans Cajun Delights,7,21.35,Low Value,427.0,Océano Atlántico Ltda.
6,0,3,7,Argentina,Robert King,1998-03-18 00:00:00.000,Produce,180.0,7,United Package,Uncle Bob's Organic Dried Pears,Buenos Aires,OCEAN,10958,Grandma Kelly's Homestead,7,30.00,Low Value,180.0,Océano Atlántico Ltda.
5,0,14,72,Argentina,Robert King,1998-03-18 00:00:00.000,Dairy Products,174.0,4,United Package,Mozzarella di Giovanni,Buenos Aires,OCEAN,10958,Formaggi Fortini s.r.l.,7,34.80,Low Value,174.0,Océano Atlántico Ltda.
20,0.15,12,75,Brazil,Michael Suyama,1998-03-18 00:00:00.000,Beverages,131.75,1,United Package,Rhönbräu Klosterbier,Campinas,GOURL,10959,Plutzer Lebensmittelgroßmärkte AG,6,7.75,Medium Value,131.75,Gourmet Lanchonetes
10,0.25,10,24,Venezuela,Janet Leverling,1998-03-19 00:00:00.000,Beverages,33.75,1,Speedy Express,Guaraná Fantástica,San Cristóbal,HILAA,10960,Refrescos Americanas LTDA,3,4.50,High Value,33.75,HILARION-Abastos
24,0,19,41,Venezuela,Janet Leverling,1998-03-19 00:00:00.000,Seafood,231.60000000000002,8,Speedy Express,Jack's New England Clam Chowder,San Cristóbal,HILAA,10960,New England Seafood Cannery,3,9.65,High Value,231.60000000000002,HILARION-Abastos
6,0.05,24,52,Brazil,Laura Callahan,1998-03-19 00:00:00.000,Grains/Cereals,39.9,5,Speedy Express,Filo Mix,Sao Paulo,QUEEN,10961,G'day Mate,8,7.00,High Value,39.9,Queen Cozinha
60,0,23,76,Brazil,Laura Callahan,1998-03-19 00:00:00.000,Beverages,1080.0,1,Speedy Express,Lakkalikööri,Sao Paulo,QUEEN,10961,Karkki Oy,8,18.00,High Value,1080.0,Queen Cozinha
45,0,3,7,Germany,Laura Callahan,1998-03-19 00:00:00.000,Produce,1350.0,7,United Package,Uncle Bob's Organic Dried Pears,Cunewalde,QUICK,10962,Grandma Kelly's Homestead,8,30.00,High Value,1350.0,QUICK-Stop
77,0,6,13,Germany,Laura Callahan,1998-03-19 00:00:00.000,Seafood,462.0,8,United Package,Konbu,Cunewalde,QUICK,10962,Mayumi's,8,6.00,High Value,462.0,QUICK-Stop
20,0,24,53,Germany,Laura Callahan,1998-03-19 00:00:00.000,Meat/Poultry,656.0,6,United Package,Perth Pasties,Cunewalde,QUICK,10962,G'day Mate,8,32.80,High Value,656.0,QUICK-Stop
9,0,15,69,Germany,Laura Callahan,1998-03-19 00:00:00.000,Dairy Products,324.0,4,United Package,Gudbrandsdalsost,Cunewalde,QUICK,10962,Norske Meierier,8,36.00,High Value,324.0,QUICK-Stop
44,0,23,76,Germany,Laura Callahan,1998-03-19 00:00:00.000,Beverages,792.0,1,United Package,Lakkalikööri,Cunewalde,QUICK,10962,Karkki Oy,8,18.00,High Value,792.0,QUICK-Stop
2,0.15,28,60,Portugal,Anne Dodsworth,1998-03-19 00:00:00.000,Dairy Products,57.8,4,Federal Shipping,Camembert Pierrot,Lisboa,FURIB,10963,Gai pâturage,9,34.00,Low Value,57.8,Furia Bacalhau e Frutos do Mar
6,0,7,18,France,Janet Leverling,1998-03-20 00:00:00.000,Seafood,375.0,8,United Package,Carnarvon Tigers,Paris,SPECD,10964,Pavlova Ltd.,3,62.50,Low Value,375.0,Spécialités du monde
5,0,18,38,France,Janet Leverling,1998-03-20 00:00:00.000,Beverages,1317.5,1,United Package,Côte de Blaye,Paris,SPECD,10964,Aux joyeux ecclésiastiques,3,263.50,Low Value,1317.5,Spécialités du monde
10,0,15,69,France,Janet Leverling,1998-03-20 00:00:00.000,Dairy Products,360.0,4,United Package,Gudbrandsdalsost,Paris,SPECD,10964,Norske Meierier,3,36.00,Low Value,360.0,Spécialités du monde
16,0,24,51,USA,Michael Suyama,1998-03-20 00:00:00.000,Produce,848.0,7,Federal Shipping,Manjimup Dried Apples,Anchorage,OLDWO,10965,G'day Mate,6,53.00,Medium Value,848.0,Old World Delicatessen
8,0,17,37,Switzerland,Margaret Peacock,1998-03-20 00:00:00.000,Seafood,208.0,8,Speedy Express,Gravad lax,Bern,CHOPS,10966,Svensk Sjöföda AB,4,26.00,Medium Value,208.0,Chop-suey Chinese
12,0.15,26,56,Switzerland,Margaret Peacock,1998-03-20 00:00:00.000,Grains/Cereals,387.59999999999997,5,Speedy Express,Gnocchi di nonna Alice,Bern,CHOPS,10966,Pasta Buttini s.r.l.,4,38.00,Medium Value,387.59999999999997,Chop-suey Chinese
12,0.15,29,62,Switzerland,Margaret Peacock,1998-03-20 00:00:00.000,Confections,502.8599999999999,3,Speedy Express,Tarte au sucre,Bern,CHOPS,10966,Forêts d'érables,4,49.30,Medium Value,502.8599999999999,Chop-suey Chinese
12,0,8,19,Germany,Andrew Fuller,1998-03-23 00:00:00.000,Confections,110.39999999999999,3,United Package,Teatime Chocolate Biscuits,Münster,TOMSP,10967,Specialty Biscuits Ltd.,2,9.20,Low Value,110.39999999999999,Toms Spezialitäten
40,0,23,49,Germany,Andrew Fuller,1998-03-23 00:00:00.000,Confections,800.0,3,United Package,Maxilaku,Münster,TOMSP,10967,Karkki Oy,2,20.00,Low Value,800.0,Toms Spezialitäten
30,0,5,12,Austria,Nancy Davolio,1998-03-23 00:00:00.000,Dairy Products,1140.0,4,Federal Shipping,Queso Manchego La Pastora,Graz,ERNSH,10968,Cooperativa de Quesos 'Las Cabras',1,38.00,High Value,1140.0,Ernst Handel
30,0,10,24,Austria,Nancy Davolio,1998-03-23 00:00:00.000,Beverages,135.0,1,Federal Shipping,Guaraná Fantástica,Graz,ERNSH,10968,Refrescos Americanas LTDA,1,4.50,High Value,135.0,Ernst Handel
4,0,12,64,Austria,Nancy Davolio,1998-03-23 00:00:00.000,Grains/Cereals,133.0,5,Federal Shipping,Wimmers gute Semmelknödel,Graz,ERNSH,10968,Plutzer Lebensmittelgroßmärkte AG,1,33.25,High Value,133.0,Ernst Handel
9,0,21,46,Brazil,Nancy Davolio,1998-03-23 00:00:00.000,Seafood,108.0,8,United Package,Spegesild,Sao Paulo,COMMI,10969,Lyngbysild,1,12.00,Low Value,108.0,Comércio Mineiro
40,0.2,24,52,Spain,Anne Dodsworth,1998-03-24 00:00:00.000,Grains/Cereals,224.0,5,Speedy Express,Filo Mix,Madrid,BOLID,10970,G'day Mate,9,7.00,Low Value,224.0,Bólido Comidas preparadas
14,0,12,29,France,Andrew Fuller,1998-03-24 00:00:00.000,Meat/Poultry,1733.0600000000002,6,United Package,Thüringer Rostbratwurst,Nantes,FRANR,10971,Plutzer Lebensmittelgroßmärkte AG,2,123.79,Low Value,1733.0600000000002,France restauration
6,0,7,17,France,Margaret Peacock,1998-03-24 00:00:00.000,Meat/Poultry,234.0,6,United Package,Alice Mutton,Versailles,LACOR,10972,Pavlova Ltd.,4,39.00,Low Value,234.0,La corne d'abondance
7,0,15,33,France,Margaret Peacock,1998-03-24 00:00:00.000,Dairy Products,17.5,4,United Package,Geitost,Versailles,LACOR,10972,Norske Meierier,4,2.50,Low Value,17.5,La corne d'abondance
5,0,11,26,France,Michael Suyama,1998-03-24 00:00:00.000,Confections,156.15,3,United Package,Gumbär Gummibärchen,Versailles,LACOR,10973,Heli Süßwaren GmbH & Co. KG,6,31.23,Low Value,156.15,La corne d'abondance
6,0,19,41,France,Michael Suyama,1998-03-24 00:00:00.000,Seafood,57.900000000000006,8,United Package,Jack's New England Clam Chowder,Versailles,LACOR,10973,New England Seafood Cannery,6,9.65,Low Value,57.900000000000006,La corne d'abondance
10,0,12,75,France,Michael Suyama,1998-03-24 00:00:00.000,Beverages,77.5,1,United Package,Rhönbräu Klosterbier,Versailles,LACOR,10973,Plutzer Lebensmittelgroßmärkte AG,6,7.75,Low Value,77.5,La corne d'abondance
10,0,7,63,USA,Janet Leverling,1998-03-25 00:00:00.000,Condiments,439.0,2,Federal Shipping,Vegie-spread,Lander,SPLIR,10974,Pavlova Ltd.,3,43.90,Medium Value,439.0,Split Rail Beer & Ale
16,0,3,8,Canada,Nancy Davolio,1998-03-25 00:00:00.000,Condiments,640.0,2,Federal Shipping,Northwoods Cranberry Sauce,Tsawassen,BOTTM,10975,Grandma Kelly's Homestead,1,40.00,High Value,640.0,Bottom-Dollar Markets
10,0,12,75,Canada,Nancy Davolio,1998-03-25 00:00:00.000,Beverages,77.5,1,Federal Shipping,Rhönbräu Klosterbier,Tsawassen,BOTTM,10975,Plutzer Lebensmittelgroßmärkte AG,1,7.75,High Value,77.5,Bottom-Dollar Markets
20,0,12,28,Venezuela,Nancy Davolio,1998-03-25 00:00:00.000,Produce,912.0,7,Speedy Express,Rössle Sauerkraut,San Cristóbal,HILAA,10976,Plutzer Lebensmittelgroßmärkte AG,1,45.60,High Value,912.0,HILARION-Abastos
30,0,18,39,Sweden,Laura Callahan,1998-03-26 00:00:00.000,Beverages,540.0,1,Federal Shipping,Chartreuse verte,Bräcke,FOLKO,10977,Aux joyeux ecclésiastiques,8,18.00,High Value,540.0,Folk och fä HB
30,0,22,47,Sweden,Laura Callahan,1998-03-26 00:00:00.000,Confections,285.0,3,Federal Shipping,Zaanse koeken,Bräcke,FOLKO,10977,Zaanse Snoepfabriek,8,9.50,High Value,285.0,Folk och fä HB
10,0,24,51,Sweden,Laura Callahan,1998-03-26 00:00:00.000,Produce,530.0,7,Federal Shipping,Manjimup Dried Apples,Bräcke,FOLKO,10977,G'day Mate,8,53.00,High Value,530.0,Folk och fä HB
20,0,7,63,Sweden,Laura Callahan,1998-03-26 00:00:00.000,Condiments,878.0,2,Federal Shipping,Vegie-spread,Bräcke,FOLKO,10977,Pavlova Ltd.,8,43.90,High Value,878.0,Folk och fä HB
20,0.15,3,8,Belgium,Anne Dodsworth,1998-03-26 00:00:00.000,Condiments,680.0,2,United Package,Northwoods Cranberry Sauce,Bruxelles,MAISD,10978,Grandma Kelly's Homestead,9,40.00,Medium Value,680.0,Maison Dewey
40,0.15,8,21,Belgium,Anne Dodsworth,1998-03-26 00:00:00.000,Confections,340.0,3,United Package,Sir Rodney's Scones,Bruxelles,MAISD,10978,Specialty Biscuits Ltd.,9,10.00,Medium Value,340.0,Maison Dewey
10,0,19,40,Belgium,Anne Dodsworth,1998-03-26 00:00:00.000,Seafood,184.0,8,United Package,Boston Crab Meat,Bruxelles,MAISD,10978,New England Seafood Cannery,9,18.40,Medium Value,184.0,Maison Dewey
6,0.15,20,44,Belgium,Anne Dodsworth,1998-03-26 00:00:00.000,Condiments,99.195,2,United Package,Gula Malacca,Bruxelles,MAISD,10978,Leka Trading,9,19.45,Medium Value,99.195,Maison Dewey
18,0,3,7,Austria,Laura Callahan,1998-03-26 00:00:00.000,Produce,540.0,7,United Package,Uncle Bob's Organic Dried Pears,Graz,ERNSH,10979,Grandma Kelly's Homestead,8,30.00,High Value,540.0,Ernst Handel
20,0,5,12,Austria,Laura Callahan,1998-03-26 00:00:00.000,Dairy Products,760.0,4,United Package,Queso Manchego La Pastora,Graz,ERNSH,10979,Cooperativa de Quesos 'Las Cabras',8,38.00,High Value,760.0,Ernst Handel
80,0,10,24,Austria,Laura Callahan,1998-03-26 00:00:00.000,Beverages,360.0,1,United Package,Guaraná Fantástica,Graz,ERNSH,10979,Refrescos Americanas LTDA,8,4.50,High Value,360.0,Ernst Handel
30,0,11,27,Austria,Laura Callahan,1998-03-26 00:00:00.000,Confections,1317.0,3,United Package,Schoggi Schokolade,Graz,ERNSH,10979,Heli Süßwaren GmbH & Co. KG,8,43.90,High Value,1317.0,Ernst Handel
24,0,14,31,Austria,Laura Callahan,1998-03-26 00:00:00.000,Dairy Products,300.0,4,United Package,Gorgonzola Telino,Graz,ERNSH,10979,Formaggi Fortini s.r.l.,8,12.50,High Value,300.0,Ernst Handel
35,0,7,63,Austria,Laura Callahan,1998-03-26 00:00:00.000,Condiments,1536.5,2,United Package,Vegie-spread,Graz,ERNSH,10979,Pavlova Ltd.,8,43.90,High Value,1536.5,Ernst Handel
40,0.2,12,75,Sweden,Margaret Peacock,1998-03-27 00:00:00.000,Beverages,248.0,1,Speedy Express,Rhönbräu Klosterbier,Bräcke,FOLKO,10980,Plutzer Lebensmittelgroßmärkte AG,4,7.75,High Value,248.0,Folk och fä HB
60,0,18,38,Brazil,Nancy Davolio,1998-03-27 00:00:00.000,Beverages,15810.0,1,United Package,Côte de Blaye,Rio de Janeiro,HANAR,10981,Aux joyeux ecclésiastiques,1,263.50,High Value,15810.0,Hanari Carnes
20,0,3,7,Canada,Andrew Fuller,1998-03-27 00:00:00.000,Produce,600.0,7,Speedy Express,Uncle Bob's Organic Dried Pears,Tsawassen,BOTTM,10982,Grandma Kelly's Homestead,2,30.00,High Value,600.0,Bottom-Dollar Markets
9,0,20,43,Canada,Andrew Fuller,1998-03-27 00:00:00.000,Beverages,414.0,1,Speedy Express,Ipoh Coffee,Tsawassen,BOTTM,10982,Leka Trading,2,46.00,High Value,414.0,Bottom-Dollar Markets
84,0.15,6,13,USA,Andrew Fuller,1998-03-27 00:00:00.000,Seafood,428.4,8,United Package,Konbu,Boise,SAVEA,10983,Mayumi's,2,6.00,High Value,428.4,Save-a-lot Markets
15,0,26,57,USA,Andrew Fuller,1998-03-27 00:00:00.000,Grains/Cereals,292.5,5,United Package,Ravioli Angelo,Boise,SAVEA,10983,Pasta Buttini s.r.l.,2,19.50,High Value,292.5,Save-a-lot Markets
55,0,7,16,USA,Nancy Davolio,1998-03-30 00:00:00.000,Confections,959.75,3,Federal Shipping,Pavlova,Boise,SAVEA,10984,Pavlova Ltd.,1,17.45,High Value,959.75,Save-a-lot Markets
20,0,10,24,USA,Nancy Davolio,1998-03-30 00:00:00.000,Beverages,90.0,1,Federal Shipping,Guaraná Fantástica,Boise,SAVEA,10984,Refrescos Americanas LTDA,1,4.50,High Value,90.0,Save-a-lot Markets
40,0,17,36,USA,Nancy Davolio,1998-03-30 00:00:00.000,Seafood,760.0,8,Federal Shipping,Inlagd Sill,Boise,SAVEA,10984,Svensk Sjöföda AB,1,19.00,High Value,760.0,Save-a-lot Markets
36,0.1,7,16,Ireland,Andrew Fuller,1998-03-30 00:00:00.000,Confections,565.38,3,Speedy Express,Pavlova,Cork,HUNGO,10985,Pavlova Ltd.,2,17.45,High Value,565.38,Hungry Owl All-Night Grocers
8,0.1,7,18,Ireland,Andrew Fuller,1998-03-30 00:00:00.000,Seafood,450.0,8,Speedy Express,Carnarvon Tigers,Cork,HUNGO,10985,Pavlova Ltd.,2,62.50,High Value,450.0,Hungry Owl All-Night Grocers
35,0.1,14,32,Ireland,Andrew Fuller,1998-03-30 00:00:00.000,Dairy Products,1008.0,4,Speedy Express,Mascarpone Fabioli,Cork,HUNGO,10985,Formaggi Fortini s.r.l.,2,32.00,High Value,1008.0,Hungry Owl All-Night Grocers
30,0,5,11,Argentina,Laura Callahan,1998-03-30 00:00:00.000,Dairy Products,630.0,4,United Package,Queso Cabrales,Buenos Aires,OCEAN,10986,Cooperativa de Quesos 'Las Cabras',8,21.00,Low Value,630.0,Océano Atlántico Ltda.
15,0,8,20,Argentina,Laura Callahan,1998-03-30 00:00:00.000,Confections,1215.0,3,United Package,Sir Rodney's Marmalade,Buenos Aires,OCEAN,10986,Specialty Biscuits Ltd.,8,81.00,Low Value,1215.0,Océano Atlántico Ltda.
10,0,23,76,Argentina,Laura Callahan,1998-03-30 00:00:00.000,Beverages,180.0,1,United Package,Lakkalikööri,Buenos Aires,OCEAN,10986,Karkki Oy,8,18.00,Low Value,180.0,Océano Atlántico Ltda.
15,0,12,77,Argentina,Laura Callahan,1998-03-30 00:00:00.000,Condiments,195.0,2,United Package,Original Frankfurter grüne Soße,Buenos Aires,OCEAN,10986,Plutzer Lebensmittelgroßmärkte AG,8,13.00,Low Value,195.0,Océano Atlántico Ltda.
60,0,3,7,UK,Laura Callahan,1998-03-31 00:00:00.000,Produce,1800.0,7,Speedy Express,Uncle Bob's Organic Dried Pears,London,EASTC,10987,Grandma Kelly's Homestead,8,30.00,Medium Value,1800.0,Eastern Connection
6,0,20,43,UK,Laura Callahan,1998-03-31 00:00:00.000,Beverages,276.0,1,Speedy Express,Ipoh Coffee,London,EASTC,10987,Leka Trading,8,46.00,Medium Value,276.0,Eastern Connection
20,0,14,72,UK,Laura Callahan,1998-03-31 00:00:00.000,Dairy Products,696.0,4,Speedy Express,Mozzarella di Giovanni,London,EASTC,10987,Formaggi Fortini s.r.l.,8,34.80,Medium Value,696.0,Eastern Connection
60,0,3,7,USA,Janet Leverling,1998-03-31 00:00:00.000,Produce,1800.0,7,United Package,Uncle Bob's Organic Dried Pears,Albuquerque,RATTC,10988,Grandma Kelly's Homestead,3,30.00,High Value,1800.0,Rattlesnake Canyon Grocery
40,0.1,29,62,USA,Janet Leverling,1998-03-31 00:00:00.000,Confections,1774.8,3,United Package,Tarte au sucre,Albuquerque,RATTC,10988,Forêts d'érables,3,49.30,High Value,1774.8,Rattlesnake Canyon Grocery
40,0,3,6,Brazil,Andrew Fuller,1998-03-31 00:00:00.000,Condiments,1000.0,2,Speedy Express,Grandma's Boysenberry Spread,Rio de Janeiro,QUEDE,10989,Grandma Kelly's Homestead,2,25.00,Low Value,1000.0,Que Delícia
15,0,5,11,Brazil,Andrew Fuller,1998-03-31 00:00:00.000,Dairy Products,315.0,4,Speedy Express,Queso Cabrales,Rio de Janeiro,QUEDE,10989,Cooperativa de Quesos 'Las Cabras',2,21.00,Low Value,315.0,Que Delícia
4,0,19,41,Brazil,Andrew Fuller,1998-03-31 00:00:00.000,Seafood,38.6,8,Speedy Express,Jack's New England Clam Chowder,Rio de Janeiro,QUEDE,10989,New England Seafood Cannery,2,9.65,Low Value,38.6,Que Delícia
65,0,8,21,Austria,Andrew Fuller,1998-04-01 00:00:00.000,Confections,650.0,3,Federal Shipping,Sir Rodney's Scones,Graz,ERNSH,10990,Specialty Biscuits Ltd.,2,10.00,High Value,650.0,Ernst Handel
60,0.15,16,34,Austria,Andrew Fuller,1998-04-01 00:00:00.000,Beverages,714.0,1,Federal Shipping,Sasquatch Ale,Graz,ERNSH,10990,Bigfoot Breweries,2,14.00,High Value,714.0,Ernst Handel
65,0.15,25,55,Austria,Andrew Fuller,1998-04-01 00:00:00.000,Meat/Poultry,1326.0,6,Federal Shipping,Pâté chinois,Graz,ERNSH,10990,Ma Maison,2,24.00,High Value,1326.0,Ernst Handel
66,0.15,29,61,Austria,Andrew Fuller,1998-04-01 00:00:00.000,Condiments,1598.85,2,Federal Shipping,Sirop d'érable,Graz,ERNSH,10990,Forêts d'érables,2,28.50,High Value,1598.85,Ernst Handel
50,0.2,1,2,Germany,Nancy Davolio,1998-04-01 00:00:00.000,Beverages,760.0,1,Speedy Express,Chang,Cunewalde,QUICK,10991,Exotic Liquids,1,19.00,High Value,760.0,QUICK-Stop
20,0.2,7,70,Germany,Nancy Davolio,1998-04-01 00:00:00.000,Beverages,240.0,1,Speedy Express,Outback Lager,Cunewalde,QUICK,10991,Pavlova Ltd.,1,15.00,High Value,240.0,QUICK-Stop
90,0.2,23,76,Germany,Nancy Davolio,1998-04-01 00:00:00.000,Beverages,1296.0,1,Speedy Express,Lakkalikööri,Cunewalde,QUICK,10991,Karkki Oy,1,18.00,High Value,1296.0,QUICK-Stop
2,0,14,72,USA,Nancy Davolio,1998-04-01 00:00:00.000,Dairy Products,69.6,4,Federal Shipping,Mozzarella di Giovanni,Portland,THEBI,10992,Formaggi Fortini s.r.l.,1,34.80,Low Value,69.6,The Big Cheese
50,0.25,12,29,Sweden,Robert King,1998-04-01 00:00:00.000,Meat/Poultry,4642.125,6,Federal Shipping,Thüringer Rostbratwurst,Bräcke,FOLKO,10993,Plutzer Lebensmittelgroßmärkte AG,7,123.79,High Value,4642.125,Folk och fä HB
35,0.25,19,41,Sweden,Robert King,1998-04-01 00:00:00.000,Seafood,253.3125,8,Federal Shipping,Jack's New England Clam Chowder,Bräcke,FOLKO,10993,New England Seafood Cannery,7,9.65,High Value,253.3125,Folk och fä HB
18,0.05,28,59,Denmark,Andrew Fuller,1998-04-02 00:00:00.000,Dairy Products,940.5,4,Federal Shipping,Raclette Courdavault,Århus,VAFFE,10994,Gai pâturage,2,55.00,Medium Value,940.5,Vaffeljernet
20,0,24,51,Mexico,Nancy Davolio,1998-04-02 00:00:00.000,Produce,1060.0,7,Federal Shipping,Manjimup Dried Apples,México D.F.,PERIC,10995,G'day Mate,1,53.00,Low Value,1060.0,Pericles Comidas clásicas
4,0,28,60,Mexico,Nancy Davolio,1998-04-02 00:00:00.000,Dairy Products,136.0,4,Federal Shipping,Camembert Pierrot,México D.F.,PERIC,10995,Gai pâturage,1,34.00,Low Value,136.0,Pericles Comidas clásicas
40,0,20,42,Germany,Margaret Peacock,1998-04-02 00:00:00.000,Grains/Cereals,560.0,5,United Package,Singaporean Hokkien Fried Mee,Cunewalde,QUICK,10996,Leka Trading,4,14.00,High Value,560.0,QUICK-Stop
50,0,14,32,Venezuela,Laura Callahan,1998-04-03 00:00:00.000,Dairy Products,1600.0,4,United Package,Mascarpone Fabioli,Barquisimeto,LILAS,10997,Formaggi Fortini s.r.l.,8,32.00,Medium Value,1600.0,LILA-Supermercado
20,0.25,21,46,Venezuela,Laura Callahan,1998-04-03 00:00:00.000,Seafood,180.0,8,United Package,Spegesild,Barquisimeto,LILAS,10997,Lyngbysild,8,12.00,Medium Value,180.0,LILA-Supermercado
20,0.25,24,52,Venezuela,Laura Callahan,1998-04-03 00:00:00.000,Grains/Cereals,105.0,5,United Package,Filo Mix,Barquisimeto,LILAS,10997,G'day Mate,8,7.00,Medium Value,105.0,LILA-Supermercado
12,0,10,24,Poland,Laura Callahan,1998-04-03 00:00:00.000,Beverages,54.0,1,United Package,Guaraná Fantástica,Warszawa,WOLZA,10998,Refrescos Americanas LTDA,8,4.50,Low Value,54.0,Wolski  Zajazd
7,0,29,61,Poland,Laura Callahan,1998-04-03 00:00:00.000,Condiments,199.5,2,United Package,Sirop d'érable,Warszawa,WOLZA,10998,Forêts d'érables,8,28.50,Low Value,199.5,Wolski  Zajazd
20,0,4,74,Poland,Laura Callahan,1998-04-03 00:00:00.000,Produce,200.0,7,United Package,Longlife Tofu,Warszawa,WOLZA,10998,Tokyo Traders,8,10.00,Low Value,200.0,Wolski  Zajazd
30,0,12,75,Poland,Laura Callahan,1998-04-03 00:00:00.000,Beverages,232.5,1,United Package,Rhönbräu Klosterbier,Warszawa,WOLZA,10998,Plutzer Lebensmittelgroßmärkte AG,8,7.75,Low Value,232.5,Wolski  Zajazd
20,0.05,19,41,Germany,Michael Suyama,1998-04-03 00:00:00.000,Seafood,183.35,8,United Package,Jack's New England Clam Chowder,Köln,OTTIK,10999,New England Seafood Cannery,6,9.65,Medium Value,183.35,Ottilies Käseladen
15,0.05,24,51,Germany,Michael Suyama,1998-04-03 00:00:00.000,Produce,755.25,7,United Package,Manjimup Dried Apples,Köln,OTTIK,10999,G'day Mate,6,53.00,Medium Value,755.25,Ottilies Käseladen
21,0.05,12,77,Germany,Michael Suyama,1998-04-03 00:00:00.000,Condiments,259.34999999999997,2,United Package,Original Frankfurter grüne Soße,Köln,OTTIK,10999,Plutzer Lebensmittelgroßmärkte AG,6,13.00,Medium Value,259.34999999999997,Ottilies Käseladen
25,0.25,2,4,USA,Andrew Fuller,1998-04-06 00:00:00.000,Condiments,412.5,2,Federal Shipping,Chef Anton's Cajun Seasoning,Albuquerque,RATTC,11000,New Orleans Cajun Delights,2,22.00,High Value,412.5,Rattlesnake Canyon Grocery
30,0.25,10,24,USA,Andrew Fuller,1998-04-06 00:00:00.000,Beverages,101.25,1,Federal Shipping,Guaraná Fantástica,Albuquerque,RATTC,11000,Refrescos Americanas LTDA,2,4.50,High Value,101.25,Rattlesnake Canyon Grocery
30,0,12,77,USA,Andrew Fuller,1998-04-06 00:00:00.000,Condiments,390.0,2,Federal Shipping,Original Frankfurter grüne Soße,Albuquerque,RATTC,11000,Plutzer Lebensmittelgroßmärkte AG,2,13.00,High Value,390.0,Rattlesnake Canyon Grocery
60,0,3,7,Sweden,Andrew Fuller,1998-04-06 00:00:00.000,Produce,1800.0,7,United Package,Uncle Bob's Organic Dried Pears,Bräcke,FOLKO,11001,Grandma Kelly's Homestead,2,30.00,High Value,1800.0,Folk och fä HB
25,0,9,22,Sweden,Andrew Fuller,1998-04-06 00:00:00.000,Grains/Cereals,525.0,5,United Package,Gustaf's Knäckebröd,Bräcke,FOLKO,11001,PB Knäckebröd AB,2,21.00,High Value,525.0,Folk och fä HB
25,0,21,46,Sweden,Andrew Fuller,1998-04-06 00:00:00.000,Seafood,300.0,8,United Package,Spegesild,Bräcke,FOLKO,11001,Lyngbysild,2,12.00,High Value,300.0,Folk och fä HB
6,0,25,55,Sweden,Andrew Fuller,1998-04-06 00:00:00.000,Meat/Poultry,144.0,6,United Package,Pâté chinois,Bräcke,FOLKO,11001,Ma Maison,2,24.00,High Value,144.0,Folk och fä HB
56,0,6,13,USA,Margaret Peacock,1998-04-06 00:00:00.000,Seafood,336.0,8,Speedy Express,Konbu,Boise,SAVEA,11002,Mayumi's,4,6.00,High Value,336.0,Save-a-lot Markets
15,0.15,16,35,USA,Margaret Peacock,1998-04-06 00:00:00.000,Beverages,229.5,1,Speedy Express,Steeleye Stout,Boise,SAVEA,11002,Bigfoot Breweries,4,18.00,High Value,229.5,Save-a-lot Markets
24,0.15,20,42,USA,Margaret Peacock,1998-04-06 00:00:00.000,Grains/Cereals,285.59999999999997,5,Speedy Express,Singaporean Hokkien Fried Mee,Boise,SAVEA,11002,Leka Trading,4,14.00,High Value,285.59999999999997,Save-a-lot Markets
40,0,25,55,USA,Margaret Peacock,1998-04-06 00:00:00.000,Meat/Poultry,960.0,6,Speedy Express,Pâté chinois,Boise,SAVEA,11002,Ma Maison,4,24.00,High Value,960.0,Save-a-lot Markets
4,0,1,1,USA,Janet Leverling,1998-04-06 00:00:00.000,Beverages,72.0,1,Federal Shipping,Chai,Butte,THECR,11003,Exotic Liquids,3,18.00,Low Value,72.0,The Cracker Box
10,0,19,40,USA,Janet Leverling,1998-04-06 00:00:00.000,Seafood,184.0,8,Federal Shipping,Boston Crab Meat,Butte,THECR,11003,New England Seafood Cannery,3,18.40,Low Value,184.0,The Cracker Box
10,0,24,52,USA,Janet Leverling,1998-04-06 00:00:00.000,Grains/Cereals,70.0,5,Federal Shipping,Filo Mix,Butte,THECR,11003,G'day Mate,3,7.00,Low Value,70.0,The Cracker Box
6,0,11,26,Belgium,Janet Leverling,1998-04-07 00:00:00.000,Confections,187.38,3,Speedy Express,Gumbär Gummibärchen,Bruxelles,MAISD,11004,Heli Süßwaren GmbH & Co. KG,3,31.23,Medium Value,187.38,Maison Dewey
6,0,23,76,Belgium,Janet Leverling,1998-04-07 00:00:00.000,Beverages,108.0,1,Speedy Express,Lakkalikööri,Bruxelles,MAISD,11004,Karkki Oy,3,18.00,Medium Value,108.0,Maison Dewey
2,0,1,1,Finland,Andrew Fuller,1998-04-07 00:00:00.000,Beverages,36.0,1,Speedy Express,Chai,Helsinki,WILMK,11005,Exotic Liquids,2,18.00,Low Value,36.0,Wilman Kala
10,0,28,59,Finland,Andrew Fuller,1998-04-07 00:00:00.000,Dairy Products,550.0,4,Speedy Express,Raclette Courdavault,Helsinki,WILMK,11005,Gai pâturage,2,55.00,Low Value,550.0,Wilman Kala
8,0,1,1,USA,Janet Leverling,1998-04-07 00:00:00.000,Beverages,144.0,1,United Package,Chai,Eugene,GREAL,11006,Exotic Liquids,3,18.00,High Value,144.0,Great Lakes Food Market
2,0.25,12,29,USA,Janet Leverling,1998-04-07 00:00:00.000,Meat/Poultry,185.685,6,United Package,Thüringer Rostbratwurst,Eugene,GREAL,11006,Plutzer Lebensmittelgroßmärkte AG,3,123.79,High Value,185.685,Great Lakes Food Market
30,0,3,8,Portugal,Laura Callahan,1998-04-08 00:00:00.000,Condiments,1200.0,2,United Package,Northwoods Cranberry Sauce,Lisboa,PRINI,11007,Grandma Kelly's Homestead,8,40.00,Low Value,1200.0,Princesa Isabel Vinhos
10,0,12,29,Portugal,Laura Callahan,1998-04-08 00:00:00.000,Meat/Poultry,1237.9,6,United Package,Thüringer Rostbratwurst,Lisboa,PRINI,11007,Plutzer Lebensmittelgroßmärkte AG,8,123.79,Low Value,1237.9,Princesa Isabel Vinhos
14,0,20,42,Portugal,Laura Callahan,1998-04-08 00:00:00.000,Grains/Cereals,196.0,5,United Package,Singaporean Hokkien Fried Mee,Lisboa,PRINI,11007,Leka Trading,8,14.00,Low Value,196.0,Princesa Isabel Vinhos
70,0.05,12,28,Austria,Robert King,1998-04-08 00:00:00.000,Produce,3032.3999999999996,7,Federal Shipping,Rössle Sauerkraut,Graz,ERNSH,11008,Plutzer Lebensmittelgroßmärkte AG,7,45.60,High Value,3032.3999999999996,Ernst Handel
90,0.05,16,34,Austria,Robert King,1998-04-08 00:00:00.000,Beverages,1197.0,1,Federal Shipping,Sasquatch Ale,Graz,ERNSH,11008,Bigfoot Breweries,7,14.00,High Value,1197.0,Ernst Handel
21,0,15,71,Austria,Robert King,1998-04-08 00:00:00.000,Dairy Products,451.5,4,Federal Shipping,Flotemysost,Graz,ERNSH,11008,Norske Meierier,7,21.50,High Value,451.5,Ernst Handel
12,0,10,24,Spain,Andrew Fuller,1998-04-08 00:00:00.000,Beverages,54.0,1,Speedy Express,Guaraná Fantástica,Sevilla,GODOS,11009,Refrescos Americanas LTDA,2,4.50,Medium Value,54.0,Godos Cocina Típica
18,0.25,17,36,Spain,Andrew Fuller,1998-04-08 00:00:00.000,Seafood,256.5,8,Speedy Express,Inlagd Sill,Sevilla,GODOS,11009,Svensk Sjöföda AB,2,19.00,Medium Value,256.5,Godos Cocina Típica
9,0,28,60,Spain,Andrew Fuller,1998-04-08 00:00:00.000,Dairy Products,306.0,4,Speedy Express,Camembert Pierrot,Sevilla,GODOS,11009,Gai pâturage,2,34.00,Medium Value,306.0,Godos Cocina Típica
20,0,3,7,Italy,Andrew Fuller,1998-04-09 00:00:00.000,Produce,600.0,7,United Package,Uncle Bob's Organic Dried Pears,Reggio Emilia,REGGC,11010,Grandma Kelly's Homestead,2,30.00,Medium Value,600.0,Reggiani Caseifici
10,0,10,24,Italy,Andrew Fuller,1998-04-09 00:00:00.000,Beverages,45.0,1,United Package,Guaraná Fantástica,Reggio Emilia,REGGC,11010,Refrescos Americanas LTDA,2,4.50,Medium Value,45.0,Reggiani Caseifici
40,0.05,27,58,Germany,Janet Leverling,1998-04-09 00:00:00.000,Seafood,503.5,8,Speedy Express,Escargots de Bourgogne,Berlin,ALFKI,11011,Escargots Nouveaux,3,13.25,Low Value,503.5,Alfreds Futterkiste
20,0,15,71,Germany,Janet Leverling,1998-04-09 00:00:00.000,Dairy Products,430.0,4,Speedy Express,Flotemysost,Berlin,ALFKI,11011,Norske Meierier,3,21.50,Low Value,430.0,Alfreds Futterkiste
50,0.05,8,19,Germany,Nancy Davolio,1998-04-09 00:00:00.000,Confections,436.99999999999994,3,Federal Shipping,Teatime Chocolate Biscuits,München,FRANK,11012,Specialty Biscuits Ltd.,1,9.20,High Value,436.99999999999994,Frankenversand
36,0.05,28,60,Germany,Nancy Davolio,1998-04-09 00:00:00.000,Dairy Products,1162.8,4,Federal Shipping,Camembert Pierrot,München,FRANK,11012,Gai pâturage,1,34.00,High Value,1162.8,Frankenversand
60,0.05,15,71,Germany,Nancy Davolio,1998-04-09 00:00:00.000,Dairy Products,1225.5,4,Federal Shipping,Flotemysost,München,FRANK,11012,Norske Meierier,1,21.50,High Value,1225.5,Frankenversand
10,0,9,23,Spain,Andrew Fuller,1998-04-09 00:00:00.000,Grains/Cereals,90.0,5,Speedy Express,Tunnbröd,Madrid,ROMEY,11013,PB Knäckebröd AB,2,9.00,Low Value,90.0,Romero y tomillo
4,0,20,42,Spain,Andrew Fuller,1998-04-09 00:00:00.000,Grains/Cereals,56.0,5,Speedy Express,Singaporean Hokkien Fried Mee,Madrid,ROMEY,11013,Leka Trading,2,14.00,Low Value,56.0,Romero y tomillo
20,0,21,45,Spain,Andrew Fuller,1998-04-09 00:00:00.000,Seafood,190.0,8,Speedy Express,Rogede sild,Madrid,ROMEY,11013,Lyngbysild,2,9.50,Low Value,190.0,Romero y tomillo
2,0,8,68,Spain,Andrew Fuller,1998-04-09 00:00:00.000,Confections,25.0,3,Speedy Express,Scottish Longbreads,Madrid,ROMEY,11013,Specialty Biscuits Ltd.,2,12.50,Low Value,25.0,Romero y tomillo
28,0.1,19,41,Venezuela,Andrew Fuller,1998-04-10 00:00:00.000,Seafood,243.18,8,Federal Shipping,Jack's New England Clam Chowder,I. de Margarita,LINOD,11014,New England Seafood Cannery,2,9.65,Medium Value,243.18,LINO-Delicateses
15,0,13,30,Norway,Andrew Fuller,1998-04-10 00:00:00.000,Seafood,388.35,8,United Package,Nord-Ost Matjeshering,Stavern,SANTG,11015,Nord-Ost-Fisch Handelsgesellschaft mbH,2,25.89,Low Value,388.35,Santé Gourmet
18,0,12,77,Norway,Andrew Fuller,1998-04-10 00:00:00.000,Condiments,234.0,2,United Package,Original Frankfurter grüne Soße,Stavern,SANTG,11015,Plutzer Lebensmittelgroßmärkte AG,2,13.00,Low Value,234.0,Santé Gourmet
15,0,14,31,UK,Anne Dodsworth,1998-04-10 00:00:00.000,Dairy Products,187.5,4,United Package,Gorgonzola Telino,Colchester,AROUT,11016,Formaggi Fortini s.r.l.,9,12.50,Medium Value,187.5,Around the Horn
16,0,17,36,UK,Anne Dodsworth,1998-04-10 00:00:00.000,Seafood,304.0,8,United Package,Inlagd Sill,Colchester,AROUT,11016,Svensk Sjöföda AB,9,19.00,Medium Value,304.0,Around the Horn
25,0,1,3,Austria,Anne Dodsworth,1998-04-13 00:00:00.000,Condiments,250.0,2,United Package,Aniseed Syrup,Graz,ERNSH,11017,Exotic Liquids,9,10.00,High Value,250.0,Ernst Handel
110,0,28,59,Austria,Anne Dodsworth,1998-04-13 00:00:00.000,Dairy Products,6050.0,4,United Package,Raclette Courdavault,Graz,ERNSH,11017,Gai pâturage,9,55.00,High Value,6050.0,Ernst Handel
30,0,7,70,Austria,Anne Dodsworth,1998-04-13 00:00:00.000,Beverages,450.0,1,United Package,Outback Lager,Graz,ERNSH,11017,Pavlova Ltd.,9,15.00,High Value,450.0,Ernst Handel
20,0,5,12,USA,Margaret Peacock,1998-04-13 00:00:00.000,Dairy Products,760.0,4,United Package,Queso Manchego La Pastora,Portland,LONEP,11018,Cooperativa de Quesos 'Las Cabras',4,38.00,Low Value,760.0,Lonesome Pine Restaurant
10,0,7,18,USA,Margaret Peacock,1998-04-13 00:00:00.000,Seafood,625.0,8,United Package,Carnarvon Tigers,Portland,LONEP,11018,Pavlova Ltd.,4,62.50,Low Value,625.0,Lonesome Pine Restaurant
5,0,26,56,USA,Margaret Peacock,1998-04-13 00:00:00.000,Grains/Cereals,190.0,5,United Package,Gnocchi di nonna Alice,Portland,LONEP,11018,Pasta Buttini s.r.l.,4,38.00,Low Value,190.0,Lonesome Pine Restaurant
3,0,21,46,Argentina,Michael Suyama,1998-04-13 00:00:00.000,Seafood,36.0,8,Federal Shipping,Spegesild,Buenos Aires,RANCH,11019,Lyngbysild,6,12.00,Low Value,36.0,Rancho grande
2,0,23,49,Argentina,Michael Suyama,1998-04-13 00:00:00.000,Confections,40.0,3,Federal Shipping,Maxilaku,Buenos Aires,RANCH,11019,Karkki Oy,6,20.00,Low Value,40.0,Rancho grande
24,0.15,4,10,Germany,Andrew Fuller,1998-04-14 00:00:00.000,Seafood,632.4,8,United Package,Ikura,Köln,OTTIK,11020,Tokyo Traders,2,31.00,Medium Value,632.4,Ottilies Käseladen
11,0.25,1,2,Germany,Janet Leverling,1998-04-14 00:00:00.000,Beverages,156.75,1,Speedy Express,Chang,Cunewalde,QUICK,11021,Exotic Liquids,3,19.00,High Value,156.75,QUICK-Stop
15,0,8,20,Germany,Janet Leverling,1998-04-14 00:00:00.000,Confections,1215.0,3,Speedy Express,Sir Rodney's Marmalade,Cunewalde,QUICK,11021,Specialty Biscuits Ltd.,3,81.00,High Value,1215.0,QUICK-Stop
63,0,11,26,Germany,Janet Leverling,1998-04-14 00:00:00.000,Confections,1967.49,3,Speedy Express,Gumbär Gummibärchen,Cunewalde,QUICK,11021,Heli Süßwaren GmbH & Co. KG,3,31.23,High Value,1967.49,QUICK-Stop
44,0.25,24,51,Germany,Janet Leverling,1998-04-14 00:00:00.000,Produce,1749.0,7,Speedy Express,Manjimup Dried Apples,Cunewalde,QUICK,11021,G'day Mate,3,53.00,High Value,1749.0,QUICK-Stop
35,0,14,72,Germany,Janet Leverling,1998-04-14 00:00:00.000,Dairy Products,1218.0,4,Speedy Express,Mozzarella di Giovanni,Cunewalde,QUICK,11021,Formaggi Fortini s.r.l.,3,34.80,High Value,1218.0,QUICK-Stop
35,0,8,19,Brazil,Anne Dodsworth,1998-04-14 00:00:00.000,Confections,322.0,3,United Package,Teatime Chocolate Biscuits,Rio de Janeiro,HANAR,11022,Specialty Biscuits Ltd.,9,9.20,High Value,322.0,Hanari Carnes
30,0,15,69,Brazil,Anne Dodsworth,1998-04-14 00:00:00.000,Dairy Products,1080.0,4,United Package,Gudbrandsdalsost,Rio de Janeiro,HANAR,11022,Norske Meierier,9,36.00,High Value,1080.0,Hanari Carnes
4,0,3,7,UK,Nancy Davolio,1998-04-14 00:00:00.000,Produce,120.0,7,United Package,Uncle Bob's Organic Dried Pears,London,BSBEV,11023,Grandma Kelly's Homestead,1,30.00,Low Value,120.0,B's Beverages
30,0,20,43,UK,Nancy Davolio,1998-04-14 00:00:00.000,Beverages,1380.0,1,United Package,Ipoh Coffee,London,BSBEV,11023,Leka Trading,1,46.00,Low Value,1380.0,B's Beverages
12,0,11,26,UK,Margaret Peacock,1998-04-15 00:00:00.000,Confections,374.76,3,Speedy Express,Gumbär Gummibärchen,London,EASTC,11024,Heli Süßwaren GmbH & Co. KG,4,31.23,Medium Value,374.76,Eastern Connection
30,0,15,33,UK,Margaret Peacock,1998-04-15 00:00:00.000,Dairy Products,75.0,4,Speedy Express,Geitost,London,EASTC,11024,Norske Meierier,4,2.50,Medium Value,75.0,Eastern Connection
21,0,2,65,UK,Margaret Peacock,1998-04-15 00:00:00.000,Condiments,442.05,2,Speedy Express,Louisiana Fiery Hot Pepper Sauce,London,EASTC,11024,New Orleans Cajun Delights,4,21.05,Medium Value,442.05,Eastern Connection
50,0,15,71,UK,Margaret Peacock,1998-04-15 00:00:00.000,Dairy Products,1075.0,4,Speedy Express,Flotemysost,London,EASTC,11024,Norske Meierier,4,21.50,Medium Value,1075.0,Eastern Connection
10,0.1,1,1,Finland,Michael Suyama,1998-04-15 00:00:00.000,Beverages,162.0,1,Federal Shipping,Chai,Oulu,WARTH,11025,Exotic Liquids,6,18.00,Medium Value,162.0,Wartian Herkku
20,0.1,6,13,Finland,Michael Suyama,1998-04-15 00:00:00.000,Seafood,108.0,8,Federal Shipping,Konbu,Oulu,WARTH,11025,Mayumi's,6,6.00,Medium Value,108.0,Wartian Herkku
8,0,7,18,Italy,Margaret Peacock,1998-04-15 00:00:00.000,Seafood,500.0,8,Speedy Express,Carnarvon Tigers,Torino,FRANS,11026,Pavlova Ltd.,4,62.50,Low Value,500.0,Franchi S.p.A.
10,0,24,51,Italy,Margaret Peacock,1998-04-15 00:00:00.000,Produce,530.0,7,Speedy Express,Manjimup Dried Apples,Torino,FRANS,11026,G'day Mate,4,53.00,Low Value,530.0,Franchi S.p.A.
30,0.25,10,24,Canada,Nancy Davolio,1998-04-16 00:00:00.000,Beverages,101.25,1,Speedy Express,Guaraná Fantástica,Tsawassen,BOTTM,11027,Refrescos Americanas LTDA,1,4.50,High Value,101.25,Bottom-Dollar Markets
21,0.25,29,62,Canada,Nancy Davolio,1998-04-16 00:00:00.000,Confections,776.4749999999999,3,Speedy Express,Tarte au sucre,Tsawassen,BOTTM,11027,Forêts d'érables,1,49.30,High Value,776.4749999999999,Bottom-Dollar Markets
35,0,25,55,Germany,Andrew Fuller,1998-04-16 00:00:00.000,Meat/Poultry,840.0,6,Speedy Express,Pâté chinois,Brandenburg,KOENE,11028,Ma Maison,2,24.00,High Value,840.0,Königlich Essen
24,0,28,59,Germany,Andrew Fuller,1998-04-16 00:00:00.000,Dairy Products,1320.0,4,Speedy Express,Raclette Courdavault,Brandenburg,KOENE,11028,Gai pâturage,2,55.00,High Value,1320.0,Königlich Essen
20,0,26,56,Switzerland,Margaret Peacock,1998-04-16 00:00:00.000,Grains/Cereals,760.0,5,Speedy Express,Gnocchi di nonna Alice,Bern,CHOPS,11029,Pasta Buttini s.r.l.,4,38.00,Medium Value,760.0,Chop-suey Chinese
12,0,7,63,Switzerland,Margaret Peacock,1998-04-16 00:00:00.000,Condiments,526.8,2,Speedy Express,Vegie-spread,Bern,CHOPS,11029,Pavlova Ltd.,4,43.90,Medium Value,526.8,Chop-suey Chinese
100,0.25,1,2,USA,Robert King,1998-04-17 00:00:00.000,Beverages,1425.0,1,United Package,Chang,Boise,SAVEA,11030,Exotic Liquids,7,19.00,High Value,1425.0,Save-a-lot Markets
70,0,2,5,USA,Robert King,1998-04-17 00:00:00.000,Condiments,1494.5,2,United Package,Chef Anton's Gumbo Mix,Boise,SAVEA,11030,New Orleans Cajun Delights,7,21.35,High Value,1494.5,Save-a-lot Markets
60,0.25,12,29,USA,Robert King,1998-04-17 00:00:00.000,Meat/Poultry,5570.55,6,United Package,Thüringer Rostbratwurst,Boise,SAVEA,11030,Plutzer Lebensmittelgroßmärkte AG,7,123.79,High Value,5570.55,Save-a-lot Markets
100,0.25,28,59,USA,Robert King,1998-04-17 00:00:00.000,Dairy Products,4125.0,4,United Package,Raclette Courdavault,Boise,SAVEA,11030,Gai pâturage,7,55.00,High Value,4125.0,Save-a-lot Markets
45,0,1,1,USA,Michael Suyama,1998-04-17 00:00:00.000,Beverages,810.0,1,United Package,Chai,Boise,SAVEA,11031,Exotic Liquids,6,18.00,High Value,810.0,Save-a-lot Markets
80,0,6,13,USA,Michael Suyama,1998-04-17 00:00:00.000,Seafood,480.0,8,United Package,Konbu,Boise,SAVEA,11031,Mayumi's,6,6.00,High Value,480.0,Save-a-lot Markets
21,0,10,24,USA,Michael Suyama,1998-04-17 00:00:00.000,Beverages,94.5,1,United Package,Guaraná Fantástica,Boise,SAVEA,11031,Refrescos Americanas LTDA,6,4.50,High Value,94.5,Save-a-lot Markets
20,0,12,64,USA,Michael Suyama,1998-04-17 00:00:00.000,Grains/Cereals,665.0,5,United Package,Wimmers gute Semmelknödel,Boise,SAVEA,11031,Plutzer Lebensmittelgroßmärkte AG,6,33.25,High Value,665.0,Save-a-lot Markets
16,0,15,71,USA,Michael Suyama,1998-04-17 00:00:00.000,Dairy Products,344.0,4,United Package,Flotemysost,Boise,SAVEA,11031,Norske Meierier,6,21.50,High Value,344.0,Save-a-lot Markets
35,0,17,36,USA,Andrew Fuller,1998-04-17 00:00:00.000,Seafood,665.0,8,Federal Shipping,Inlagd Sill,Seattle,WHITC,11032,Svensk Sjöföda AB,2,19.00,High Value,665.0,White Clover Markets
25,0,18,38,USA,Andrew Fuller,1998-04-17 00:00:00.000,Beverages,6587.5,1,Federal Shipping,Côte de Blaye,Seattle,WHITC,11032,Aux joyeux ecclésiastiques,2,263.50,High Value,6587.5,White Clover Markets
30,0,28,59,USA,Andrew Fuller,1998-04-17 00:00:00.000,Dairy Products,1650.0,4,Federal Shipping,Raclette Courdavault,Seattle,WHITC,11032,Gai pâturage,2,55.00,High Value,1650.0,White Clover Markets
70,0.1,24,53,Switzerland,Robert King,1998-04-17 00:00:00.000,Meat/Poultry,2066.4,6,Federal Shipping,Perth Pasties,Genève,RICSU,11033,G'day Mate,7,32.80,High Value,2066.4,Richter Supermarkt
36,0.1,15,69,Switzerland,Robert King,1998-04-17 00:00:00.000,Dairy Products,1166.4,4,Federal Shipping,Gudbrandsdalsost,Genève,RICSU,11033,Norske Meierier,7,36.00,High Value,1166.4,Richter Supermarkt
15,0.1,8,21,USA,Laura Callahan,1998-04-20 00:00:00.000,Confections,135.0,3,Speedy Express,Sir Rodney's Scones,Anchorage,OLDWO,11034,Specialty Biscuits Ltd.,8,10.00,Medium Value,135.0,Old World Delicatessen
12,0,20,44,USA,Laura Callahan,1998-04-20 00:00:00.000,Condiments,233.39999999999998,2,Speedy Express,Gula Malacca,Anchorage,OLDWO,11034,Leka Trading,8,19.45,Medium Value,233.39999999999998,Old World Delicatessen
6,0,29,61,USA,Laura Callahan,1998-04-20 00:00:00.000,Condiments,171.0,2,Speedy Express,Sirop d'érable,Anchorage,OLDWO,11034,Forêts d'érables,8,28.50,Medium Value,171.0,Old World Delicatessen
10,0,1,1,Belgium,Andrew Fuller,1998-04-20 00:00:00.000,Beverages,180.0,1,United Package,Chai,Charleroi,SUPRD,11035,Exotic Liquids,2,18.00,High Value,180.0,Suprêmes délices
60,0,16,35,Belgium,Andrew Fuller,1998-04-20 00:00:00.000,Beverages,1080.0,1,United Package,Steeleye Stout,Charleroi,SUPRD,11035,Bigfoot Breweries,2,18.00,High Value,1080.0,Suprêmes délices
30,0,20,42,Belgium,Andrew Fuller,1998-04-20 00:00:00.000,Grains/Cereals,420.0,5,United Package,Singaporean Hokkien Fried Mee,Charleroi,SUPRD,11035,Leka Trading,2,14.00,High Value,420.0,Suprêmes délices
10,0,25,54,Belgium,Andrew Fuller,1998-04-20 00:00:00.000,Meat/Poultry,74.5,6,United Package,Tourtière,Charleroi,SUPRD,11035,Ma Maison,2,7.45,High Value,74.5,Suprêmes délices
7,0,6,13,Germany,Laura Callahan,1998-04-20 00:00:00.000,Seafood,42.0,8,Federal Shipping,Konbu,Aachen,DRACD,11036,Mayumi's,8,6.00,Low Value,42.0,Drachenblut Delikatessen
30,0,28,59,Germany,Laura Callahan,1998-04-20 00:00:00.000,Dairy Products,1650.0,4,Federal Shipping,Raclette Courdavault,Aachen,DRACD,11036,Gai pâturage,8,55.00,Low Value,1650.0,Drachenblut Delikatessen
4,0,7,70,Spain,Robert King,1998-04-21 00:00:00.000,Beverages,60.0,1,Speedy Express,Outback Lager,Sevilla,GODOS,11037,Pavlova Ltd.,7,15.00,Medium Value,60.0,Godos Cocina Típica
5,0.2,19,40,Belgium,Nancy Davolio,1998-04-21 00:00:00.000,Seafood,73.60000000000001,8,United Package,Boston Crab Meat,Charleroi,SUPRD,11038,New England Seafood Cannery,1,18.40,High Value,73.60000000000001,Suprêmes délices
2,0,24,52,Belgium,Nancy Davolio,1998-04-21 00:00:00.000,Grains/Cereals,14.0,5,United Package,Filo Mix,Charleroi,SUPRD,11038,G'day Mate,1,7.00,High Value,14.0,Suprêmes délices
30,0,15,71,Belgium,Nancy Davolio,1998-04-21 00:00:00.000,Dairy Products,645.0,4,United Package,Flotemysost,Charleroi,SUPRD,11038,Norske Meierier,1,21.50,High Value,645.0,Suprêmes délices
20,0,12,28,Venezuela,Nancy Davolio,1998-04-21 00:00:00.000,Produce,912.0,7,United Package,Rössle Sauerkraut,I. de Margarita,LINOD,11039,Plutzer Lebensmittelgroßmärkte AG,1,45.60,Medium Value,912.0,LINO-Delicateses
24,0,16,35,Venezuela,Nancy Davolio,1998-04-21 00:00:00.000,Beverages,432.0,1,United Package,Steeleye Stout,I. de Margarita,LINOD,11039,Bigfoot Breweries,1,18.00,Medium Value,432.0,LINO-Delicateses
60,0,23,49,Venezuela,Nancy Davolio,1998-04-21 00:00:00.000,Confections,1200.0,3,United Package,Maxilaku,I. de Margarita,LINOD,11039,Karkki Oy,1,20.00,Medium Value,1200.0,LINO-Delicateses
28,0,26,57,Venezuela,Nancy Davolio,1998-04-21 00:00:00.000,Grains/Cereals,546.0,5,United Package,Ravioli Angelo,I. de Margarita,LINOD,11039,Pasta Buttini s.r.l.,1,19.50,Medium Value,546.0,LINO-Delicateses
20,0,8,21,USA,Margaret Peacock,1998-04-22 00:00:00.000,Confections,200.0,3,Federal Shipping,Sir Rodney's Scones,Eugene,GREAL,11040,Specialty Biscuits Ltd.,4,10.00,High Value,200.0,Great Lakes Food Market
30,0.2,1,2,Switzerland,Janet Leverling,1998-04-22 00:00:00.000,Beverages,456.0,1,United Package,Chang,Bern,CHOPS,11041,Exotic Liquids,3,19.00,Medium Value,456.0,Chop-suey Chinese
30,0,7,63,Switzerland,Janet Leverling,1998-04-22 00:00:00.000,Condiments,1317.0,2,United Package,Vegie-spread,Bern,CHOPS,11041,Pavlova Ltd.,3,43.90,Medium Value,1317.0,Chop-suey Chinese
15,0,20,44,Brazil,Andrew Fuller,1998-04-22 00:00:00.000,Condiments,291.75,2,Speedy Express,Gula Malacca,Sao Paulo,COMMI,11042,Leka Trading,2,19.45,Low Value,291.75,Comércio Mineiro
4,0,29,61,Brazil,Andrew Fuller,1998-04-22 00:00:00.000,Condiments,114.0,2,Speedy Express,Sirop d'érable,Sao Paulo,COMMI,11042,Forêts d'érables,2,28.50,Low Value,114.0,Comércio Mineiro
10,0,5,11,France,Steven Buchanan,1998-04-22 00:00:00.000,Dairy Products,210.0,4,United Package,Queso Cabrales,Paris,SPECD,11043,Cooperativa de Quesos 'Las Cabras',5,21.00,Low Value,210.0,Spécialités du monde
12,0,29,62,Poland,Margaret Peacock,1998-04-23 00:00:00.000,Confections,591.5999999999999,3,Speedy Express,Tarte au sucre,Warszawa,WOLZA,11044,Forêts d'érables,4,49.30,Low Value,591.5999999999999,Wolski  Zajazd
15,0,15,33,Canada,Michael Suyama,1998-04-23 00:00:00.000,Dairy Products,37.5,4,United Package,Geitost,Tsawassen,BOTTM,11045,Norske Meierier,6,2.50,High Value,37.5,Bottom-Dollar Markets
24,0,24,51,Canada,Michael Suyama,1998-04-23 00:00:00.000,Produce,1272.0,7,United Package,Manjimup Dried Apples,Tsawassen,BOTTM,11045,G'day Mate,6,53.00,High Value,1272.0,Bottom-Dollar Markets
20,0.05,5,12,Germany,Laura Callahan,1998-04-23 00:00:00.000,Dairy Products,722.0,4,United Package,Queso Manchego La Pastora,Stuttgart,WANDK,11046,Cooperativa de Quesos 'Las Cabras',8,38.00,Medium Value,722.0,Die Wandernde Kuh
15,0.05,14,32,Germany,Laura Callahan,1998-04-23 00:00:00.000,Dairy Products,456.0,4,United Package,Mascarpone Fabioli,Stuttgart,WANDK,11046,Formaggi Fortini s.r.l.,8,32.00,Medium Value,456.0,Die Wandernde Kuh
18,0.05,16,35,Germany,Laura Callahan,1998-04-23 00:00:00.000,Beverages,307.8,1,United Package,Steeleye Stout,Stuttgart,WANDK,11046,Bigfoot Breweries,8,18.00,Medium Value,307.8,Die Wandernde Kuh
25,0.25,1,1,UK,Robert King,1998-04-24 00:00:00.000,Beverages,337.5,1,Federal Shipping,Chai,London,EASTC,11047,Exotic Liquids,7,18.00,Medium Value,337.5,Eastern Connection
30,0.25,2,5,UK,Robert King,1998-04-24 00:00:00.000,Condiments,480.375,2,Federal Shipping,Chef Anton's Gumbo Mix,London,EASTC,11047,New Orleans Cajun Delights,7,21.35,Medium Value,480.375,Eastern Connection
42,0,8,68,Canada,Robert King,1998-04-24 00:00:00.000,Confections,525.0,3,Federal Shipping,Scottish Longbreads,Tsawassen,BOTTM,11048,Specialty Biscuits Ltd.,7,12.50,High Value,525.0,Bottom-Dollar Markets
10,0.2,1,2,Brazil,Janet Leverling,1998-04-24 00:00:00.000,Beverages,152.0,1,Speedy Express,Chang,Campinas,GOURL,11049,Exotic Liquids,3,19.00,Medium Value,152.0,Gourmet Lanchonetes
4,0.2,5,12,Brazil,Janet Leverling,1998-04-24 00:00:00.000,Dairy Products,121.60000000000001,4,Speedy Express,Queso Manchego La Pastora,Campinas,GOURL,11049,Cooperativa de Quesos 'Las Cabras',3,38.00,Medium Value,121.60000000000001,Gourmet Lanchonetes
50,0.1,23,76,Sweden,Laura Callahan,1998-04-27 00:00:00.000,Beverages,810.0,1,United Package,Lakkalikööri,Bräcke,FOLKO,11050,Karkki Oy,8,18.00,High Value,810.0,Folk och fä HB
10,0.2,10,24,France,Robert King,1998-04-27 00:00:00.000,Beverages,36.0,1,Federal Shipping,Guaraná Fantástica,Toulouse,LAMAI,11051,Refrescos Americanas LTDA,7,4.50,Medium Value,36.0,La maison d'Asie
30,0.2,20,43,Brazil,Janet Leverling,1998-04-27 00:00:00.000,Beverages,1104.0,1,Speedy Express,Ipoh Coffee,Rio de Janeiro,HANAR,11052,Leka Trading,3,46.00,High Value,1104.0,Hanari Carnes
10,0.2,29,61,Brazil,Janet Leverling,1998-04-27 00:00:00.000,Condiments,228.0,2,Speedy Express,Sirop d'érable,Rio de Janeiro,HANAR,11052,Forêts d'érables,3,28.50,High Value,228.0,Hanari Carnes
35,0.2,7,18,Austria,Andrew Fuller,1998-04-27 00:00:00.000,Seafood,1750.0,8,United Package,Carnarvon Tigers,Salzburg,PICCO,11053,Pavlova Ltd.,2,62.50,High Value,1750.0,Piccolo und mehr
20,0,14,32,Austria,Andrew Fuller,1998-04-27 00:00:00.000,Dairy Products,640.0,4,United Package,Mascarpone Fabioli,Salzburg,PICCO,11053,Formaggi Fortini s.r.l.,2,32.00,High Value,640.0,Piccolo und mehr
25,0.2,12,64,Austria,Andrew Fuller,1998-04-27 00:00:00.000,Grains/Cereals,665.0,5,United Package,Wimmers gute Semmelknödel,Salzburg,PICCO,11053,Plutzer Lebensmittelgroßmärkte AG,2,33.25,High Value,665.0,Piccolo und mehr
10,0,15,33,Argentina,Laura Callahan,1998-04-28 00:00:00.000,Dairy Products,25.0,4,Speedy Express,Geitost,Buenos Aires,CACTU,11054,Norske Meierier,8,2.50,Low Value,25.0,Cactus Comidas para llevar
20,0,16,67,Argentina,Laura Callahan,1998-04-28 00:00:00.000,Beverages,280.0,1,Speedy Express,Laughing Lumberjack Lager,Buenos Aires,CACTU,11054,Bigfoot Breweries,8,14.00,Low Value,280.0,Cactus Comidas para llevar
15,0,10,24,Venezuela,Robert King,1998-04-28 00:00:00.000,Beverages,67.5,1,United Package,Guaraná Fantástica,San Cristóbal,HILAA,11055,Refrescos Americanas LTDA,7,4.50,High Value,67.5,HILARION-Abastos
15,0,11,25,Venezuela,Robert King,1998-04-28 00:00:00.000,Confections,210.0,3,United Package,NuNuCa Nuß-Nougat-Creme,San Cristóbal,HILAA,11055,Heli Süßwaren GmbH & Co. KG,7,14.00,High Value,210.0,HILARION-Abastos
20,0,24,51,Venezuela,Robert King,1998-04-28 00:00:00.000,Produce,1060.0,7,United Package,Manjimup Dried Apples,San Cristóbal,HILAA,11055,G'day Mate,7,53.00,High Value,1060.0,HILARION-Abastos
20,0,26,57,Venezuela,Robert King,1998-04-28 00:00:00.000,Grains/Cereals,390.0,5,United Package,Ravioli Angelo,San Cristóbal,HILAA,11055,Pasta Buttini s.r.l.,7,19.50,High Value,390.0,HILARION-Abastos
40,0,3,7,UK,Laura Callahan,1998-04-28 00:00:00.000,Produce,1200.0,7,United Package,Uncle Bob's Organic Dried Pears,London,EASTC,11056,Grandma Kelly's Homestead,8,30.00,Medium Value,1200.0,Eastern Connection
35,0,25,55,UK,Laura Callahan,1998-04-28 00:00:00.000,Meat/Poultry,840.0,6,United Package,Pâté chinois,London,EASTC,11056,Ma Maison,8,24.00,Medium Value,840.0,Eastern Connection
50,0,28,60,UK,Laura Callahan,1998-04-28 00:00:00.000,Dairy Products,1700.0,4,United Package,Camembert Pierrot,London,EASTC,11056,Gai pâturage,8,34.00,Medium Value,1700.0,Eastern Connection
3,0,7,70,UK,Janet Leverling,1998-04-29 00:00:00.000,Beverages,45.0,1,Federal Shipping,Outback Lager,London,NORTS,11057,Pavlova Ltd.,3,15.00,Low Value,45.0,North/South
3,0,8,21,Germany,Anne Dodsworth,1998-04-29 00:00:00.000,Confections,30.0,3,Federal Shipping,Sir Rodney's Scones,Mannheim,BLAUS,11058,Specialty Biscuits Ltd.,9,10.00,Low Value,30.0,Blauer See Delikatessen
21,0,28,60,Germany,Anne Dodsworth,1998-04-29 00:00:00.000,Dairy Products,714.0,4,Federal Shipping,Camembert Pierrot,Mannheim,BLAUS,11058,Gai pâturage,9,34.00,Low Value,714.0,Blauer See Delikatessen
4,0,29,61,Germany,Anne Dodsworth,1998-04-29 00:00:00.000,Condiments,114.0,2,Federal Shipping,Sirop d'érable,Mannheim,BLAUS,11058,Forêts d'érables,9,28.50,Low Value,114.0,Blauer See Delikatessen
30,0,6,13,Brazil,Andrew Fuller,1998-04-29 00:00:00.000,Seafood,180.0,8,United Package,Konbu,Rio de Janeiro,RICAR,11059,Mayumi's,2,6.00,Medium Value,180.0,Ricardo Adocicados
12,0,7,17,Brazil,Andrew Fuller,1998-04-29 00:00:00.000,Meat/Poultry,468.0,6,United Package,Alice Mutton,Rio de Janeiro,RICAR,11059,Pavlova Ltd.,2,39.00,Medium Value,468.0,Ricardo Adocicados
35,0,28,60,Brazil,Andrew Fuller,1998-04-29 00:00:00.000,Dairy Products,1190.0,4,United Package,Camembert Pierrot,Rio de Janeiro,RICAR,11059,Gai pâturage,2,34.00,Medium Value,1190.0,Ricardo Adocicados
4,0,28,60,Italy,Andrew Fuller,1998-04-30 00:00:00.000,Dairy Products,136.0,4,United Package,Camembert Pierrot,Torino,FRANS,11060,Gai pâturage,2,34.00,Low Value,136.0,Franchi S.p.A.
10,0,12,77,Italy,Andrew Fuller,1998-04-30 00:00:00.000,Condiments,130.0,2,United Package,Original Frankfurter grüne Soße,Torino,FRANS,11060,Plutzer Lebensmittelgroßmärkte AG,2,13.00,Low Value,130.0,Franchi S.p.A.
15,0,28,60,USA,Margaret Peacock,1998-04-30 00:00:00.000,Dairy Products,510.0,4,Federal Shipping,Camembert Pierrot,Eugene,GREAL,11061,Gai pâturage,4,34.00,High Value,510.0,Great Lakes Food Market
10,0.2,24,53,Italy,Margaret Peacock,1998-04-30 00:00:00.000,Meat/Poultry,262.40000000000003,6,United Package,Perth Pasties,Reggio Emilia,REGGC,11062,G'day Mate,4,32.80,Medium Value,262.40000000000003,Reggiani Caseifici
12,0.2,7,70,Italy,Margaret Peacock,1998-04-30 00:00:00.000,Beverages,144.0,1,United Package,Outback Lager,Reggio Emilia,REGGC,11062,Pavlova Ltd.,4,15.00,Medium Value,144.0,Reggiani Caseifici
30,0,16,34,Ireland,Janet Leverling,1998-04-30 00:00:00.000,Beverages,420.0,1,United Package,Sasquatch Ale,Cork,HUNGO,11063,Bigfoot Breweries,3,14.00,High Value,420.0,Hungry Owl All-Night Grocers
40,0.1,19,40,Ireland,Janet Leverling,1998-04-30 00:00:00.000,Seafood,662.4,8,United Package,Boston Crab Meat,Cork,HUNGO,11063,New England Seafood Cannery,3,18.40,High Value,662.4,Hungry Owl All-Night Grocers
30,0.1,19,41,Ireland,Janet Leverling,1998-04-30 00:00:00.000,Seafood,260.55,8,United Package,Jack's New England Clam Chowder,Cork,HUNGO,11063,New England Seafood Cannery,3,9.65,High Value,260.55,Hungry Owl All-Night Grocers
77,0.1,7,17,USA,Nancy Davolio,1998-05-01 00:00:00.000,Meat/Poultry,2702.7000000000003,6,Speedy Express,Alice Mutton,Boise,SAVEA,11064,Pavlova Ltd.,1,39.00,High Value,2702.7000000000003,Save-a-lot Markets
12,0,19,41,USA,Nancy Davolio,1998-05-01 00:00:00.000,Seafood,115.80000000000001,8,Speedy Express,Jack's New England Clam Chowder,Boise,SAVEA,11064,New England Seafood Cannery,1,9.65,High Value,115.80000000000001,Save-a-lot Markets
25,0.1,24,53,USA,Nancy Davolio,1998-05-01 00:00:00.000,Meat/Poultry,737.9999999999999,6,Speedy Express,Perth Pasties,Boise,SAVEA,11064,G'day Mate,1,32.80,High Value,737.9999999999999,Save-a-lot Markets
4,0.1,25,55,USA,Nancy Davolio,1998-05-01 00:00:00.000,Meat/Poultry,86.4,6,Speedy Express,Pâté chinois,Boise,SAVEA,11064,Ma Maison,1,24.00,High Value,86.4,Save-a-lot Markets
55,0,8,68,USA,Nancy Davolio,1998-05-01 00:00:00.000,Confections,687.5,3,Speedy Express,Scottish Longbreads,Boise,SAVEA,11064,Specialty Biscuits Ltd.,1,12.50,High Value,687.5,Save-a-lot Markets
4,0.25,13,30,Venezuela,Laura Callahan,1998-05-01 00:00:00.000,Seafood,77.67,8,Speedy Express,Nord-Ost Matjeshering,Barquisimeto,LILAS,11065,Nord-Ost-Fisch Handelsgesellschaft mbH,8,25.89,Medium Value,77.67,LILA-Supermercado
20,0.25,25,54,Venezuela,Laura Callahan,1998-05-01 00:00:00.000,Meat/Poultry,111.75,6,Speedy Express,Tourtière,Barquisimeto,LILAS,11065,Ma Maison,8,7.45,Medium Value,111.75,LILA-Supermercado
3,0,7,16,USA,Robert King,1998-05-01 00:00:00.000,Confections,52.349999999999994,3,United Package,Pavlova,Seattle,WHITC,11066,Pavlova Ltd.,7,17.45,High Value,52.349999999999994,White Clover Markets
42,0,8,19,USA,Robert King,1998-05-01 00:00:00.000,Confections,386.4,3,United Package,Teatime Chocolate Biscuits,Seattle,WHITC,11066,Specialty Biscuits Ltd.,7,9.20,High Value,386.4,White Clover Markets
35,0,16,34,USA,Robert King,1998-05-01 00:00:00.000,Beverages,490.0,1,United Package,Sasquatch Ale,Seattle,WHITC,11066,Bigfoot Breweries,7,14.00,High Value,490.0,White Clover Markets
9,0,19,41,Germany,Nancy Davolio,1998-05-04 00:00:00.000,Seafood,86.85000000000001,8,United Package,Jack's New England Clam Chowder,Aachen,DRACD,11067,New England Seafood Cannery,1,9.65,Low Value,86.85000000000001,Drachenblut Delikatessen
8,0.15,12,28,Brazil,Laura Callahan,1998-05-04 00:00:00.000,Produce,310.08,7,United Package,Rössle Sauerkraut,Sao Paulo,QUEEN,11068,Plutzer Lebensmittelgroßmärkte AG,8,45.60,High Value,310.08,Queen Cozinha
36,0.15,20,43,Brazil,Laura Callahan,1998-05-04 00:00:00.000,Beverages,1407.6,1,United Package,Ipoh Coffee,Sao Paulo,QUEEN,11068,Leka Trading,8,46.00,High Value,1407.6,Queen Cozinha
28,0.15,12,77,Brazil,Laura Callahan,1998-05-04 00:00:00.000,Condiments,309.4,2,United Package,Original Frankfurter grüne Soße,Sao Paulo,QUEEN,11068,Plutzer Lebensmittelgroßmärkte AG,8,13.00,High Value,309.4,Queen Cozinha
20,0,18,39,Mexico,Nancy Davolio,1998-05-04 00:00:00.000,Beverages,360.0,1,United Package,Chartreuse verte,México D.F.,TORTU,11069,Aux joyeux ecclésiastiques,1,18.00,Medium Value,360.0,Tortuga Restaurante
40,0.15,1,1,Germany,Andrew Fuller,1998-05-05 00:00:00.000,Beverages,612.0,1,Speedy Express,Chai,Frankfurt a.M.,LEHMS,11070,Exotic Liquids,2,18.00,High Value,612.0,Lehmanns Marktstand
20,0.15,1,2,Germany,Andrew Fuller,1998-05-05 00:00:00.000,Beverages,323.0,1,Speedy Express,Chang,Frankfurt a.M.,LEHMS,11070,Exotic Liquids,2,19.00,High Value,323.0,Lehmanns Marktstand
30,0.15,7,16,Germany,Andrew Fuller,1998-05-05 00:00:00.000,Confections,444.97499999999997,3,Speedy Express,Pavlova,Frankfurt a.M.,LEHMS,11070,Pavlova Ltd.,2,17.45,High Value,444.97499999999997,Lehmanns Marktstand
20,0,14,31,Germany,Andrew Fuller,1998-05-05 00:00:00.000,Dairy Products,250.0,4,Speedy Express,Gorgonzola Telino,Frankfurt a.M.,LEHMS,11070,Formaggi Fortini s.r.l.,2,12.50,High Value,250.0,Lehmanns Marktstand
15,0.05,3,7,Venezuela,Nancy Davolio,1998-05-05 00:00:00.000,Produce,427.5,7,Speedy Express,Uncle Bob's Organic Dried Pears,Barquisimeto,LILAS,11071,Grandma Kelly's Homestead,1,30.00,Medium Value,427.5,LILA-Supermercado
10,0.05,6,13,Venezuela,Nancy Davolio,1998-05-05 00:00:00.000,Seafood,57.0,8,Speedy Express,Konbu,Barquisimeto,LILAS,11071,Mayumi's,1,6.00,Medium Value,57.0,LILA-Supermercado
8,0,1,2,Austria,Margaret Peacock,1998-05-05 00:00:00.000,Beverages,152.0,1,United Package,Chang,Graz,ERNSH,11072,Exotic Liquids,4,19.00,High Value,152.0,Ernst Handel
40,0,19,41,Austria,Margaret Peacock,1998-05-05 00:00:00.000,Seafood,386.0,8,United Package,Jack's New England Clam Chowder,Graz,ERNSH,11072,New England Seafood Cannery,4,9.65,High Value,386.0,Ernst Handel
22,0,23,50,Austria,Margaret Peacock,1998-05-05 00:00:00.000,Confections,357.5,3,United Package,Valkoinen suklaa,Graz,ERNSH,11072,Karkki Oy,4,16.25,High Value,357.5,Ernst Handel
130,0,12,64,Austria,Margaret Peacock,1998-05-05 00:00:00.000,Grains/Cereals,4322.5,5,United Package,Wimmers gute Semmelknödel,Graz,ERNSH,11072,Plutzer Lebensmittelgroßmärkte AG,4,33.25,High Value,4322.5,Ernst Handel
10,0,5,11,Mexico,Andrew Fuller,1998-05-05 00:00:00.000,Dairy Products,210.0,4,United Package,Queso Cabrales,México D.F.,PERIC,11073,Cooperativa de Quesos 'Las Cabras',2,21.00,Low Value,210.0,Pericles Comidas clásicas
20,0,10,24,Mexico,Andrew Fuller,1998-05-05 00:00:00.000,Beverages,90.0,1,United Package,Guaraná Fantástica,México D.F.,PERIC,11073,Refrescos Americanas LTDA,2,4.50,Low Value,90.0,Pericles Comidas clásicas
14,0.05,7,16,Denmark,Robert King,1998-05-06 00:00:00.000,Confections,232.08499999999998,3,United Package,Pavlova,Kobenhavn,SIMOB,11074,Pavlova Ltd.,7,17.45,High Value,232.08499999999998,Simons bistro
10,0.15,1,2,Switzerland,Laura Callahan,1998-05-06 00:00:00.000,Beverages,161.5,1,United Package,Chang,Genève,RICSU,11075,Exotic Liquids,8,19.00,High Value,161.5,Richter Supermarkt
30,0.15,21,46,Switzerland,Laura Callahan,1998-05-06 00:00:00.000,Seafood,306.0,8,United Package,Spegesild,Genève,RICSU,11075,Lyngbysild,8,12.00,High Value,306.0,Richter Supermarkt
2,0.15,23,76,Switzerland,Laura Callahan,1998-05-06 00:00:00.000,Beverages,30.599999999999998,1,United Package,Lakkalikööri,Genève,RICSU,11075,Karkki Oy,8,18.00,High Value,30.599999999999998,Richter Supermarkt
20,0.25,3,6,France,Margaret Peacock,1998-05-06 00:00:00.000,Condiments,375.0,2,United Package,Grandma's Boysenberry Spread,Marseille,BONAP,11076,Grandma Kelly's Homestead,4,25.00,High Value,375.0,Bon app'
20,0.25,6,14,France,Margaret Peacock,1998-05-06 00:00:00.000,Produce,348.75,7,United Package,Tofu,Marseille,BONAP,11076,Mayumi's,4,23.25,High Value,348.75,Bon app'
10,0.25,8,19,France,Margaret Peacock,1998-05-06 00:00:00.000,Confections,69.0,3,United Package,Teatime Chocolate Biscuits,Marseille,BONAP,11076,Specialty Biscuits Ltd.,4,9.20,High Value,69.0,Bon app'
24,0.2,1,2,USA,Nancy Davolio,1998-05-06 00:00:00.000,Beverages,364.8,1,United Package,Chang,Albuquerque,RATTC,11077,Exotic Liquids,1,19.00,High Value,364.8,Rattlesnake Canyon Grocery
4,0,1,3,USA,Nancy Davolio,1998-05-06 00:00:00.000,Condiments,40.0,2,United Package,Aniseed Syrup,Albuquerque,RATTC,11077,Exotic Liquids,1,10.00,High Value,40.0,Rattlesnake Canyon Grocery
1,0,2,4,USA,Nancy Davolio,1998-05-06 00:00:00.000,Condiments,22.0,2,United Package,Chef Anton's Cajun Seasoning,Albuquerque,RATTC,11077,New Orleans Cajun Delights,1,22.00,High Value,22.0,Rattlesnake Canyon Grocery
1,0.02,3,6,USA,Nancy Davolio,1998-05-06 00:00:00.000,Condiments,24.5,2,United Package,Grandma's Boysenberry Spread,Albuquerque,RATTC,11077,Grandma Kelly's Homestead,1,25.00,High Value,24.5,Rattlesnake Canyon Grocery
1,0.05,3,7,USA,Nancy Davolio,1998-05-06 00:00:00.000,Produce,28.5,7,United Package,Uncle Bob's Organic Dried Pears,Albuquerque,RATTC,11077,Grandma Kelly's Homestead,1,30.00,High Value,28.5,Rattlesnake Canyon Grocery
2,0.1,3,8,USA,Nancy Davolio,1998-05-06 00:00:00.000,Condiments,72.0,2,United Package,Northwoods Cranberry Sauce,Albuquerque,RATTC,11077,Grandma Kelly's Homestead,1,40.00,High Value,72.0,Rattlesnake Canyon Grocery
1,0,4,10,USA,Nancy Davolio,1998-05-06 00:00:00.000,Seafood,31.0,8,United Package,Ikura,Albuquerque,RATTC,11077,Tokyo Traders,1,31.00,High Value,31.0,Rattlesnake Canyon Grocery
2,0.05,5,12,USA,Nancy Davolio,1998-05-06 00:00:00.000,Dairy Products,72.2,4,United Package,Queso Manchego La Pastora,Albuquerque,RATTC,11077,Cooperativa de Quesos 'Las Cabras',1,38.00,High Value,72.2,Rattlesnake Canyon Grocery
4,0,6,13,USA,Nancy Davolio,1998-05-06 00:00:00.000,Seafood,24.0,8,United Package,Konbu,Albuquerque,RATTC,11077,Mayumi's,1,6.00,High Value,24.0,Rattlesnake Canyon Grocery
1,0.03,6,14,USA,Nancy Davolio,1998-05-06 00:00:00.000,Produce,22.5525,7,United Package,Tofu,Albuquerque,RATTC,11077,Mayumi's,1,23.25,High Value,22.5525,Rattlesnake Canyon Grocery
2,0.03,7,16,USA,Nancy Davolio,1998-05-06 00:00:00.000,Confections,33.852999999999994,3,United Package,Pavlova,Albuquerque,RATTC,11077,Pavlova Ltd.,1,17.45,High Value,33.852999999999994,Rattlesnake Canyon Grocery
1,0.04,8,20,USA,Nancy Davolio,1998-05-06 00:00:00.000,Confections,77.75999999999999,3,United Package,Sir Rodney's Marmalade,Albuquerque,RATTC,11077,Specialty Biscuits Ltd.,1,81.00,High Value,77.75999999999999,Rattlesnake Canyon Grocery
2,0,9,23,USA,Nancy Davolio,1998-05-06 00:00:00.000,Grains/Cereals,18.0,5,United Package,Tunnbröd,Albuquerque,RATTC,11077,PB Knäckebröd AB,1,9.00,High Value,18.0,Rattlesnake Canyon Grocery
1,0,14,32,USA,Nancy Davolio,1998-05-06 00:00:00.000,Dairy Products,32.0,4,United Package,Mascarpone Fabioli,Albuquerque,RATTC,11077,Formaggi Fortini s.r.l.,1,32.00,High Value,32.0,Rattlesnake Canyon Grocery
2,0.05,18,39,USA,Nancy Davolio,1998-05-06 00:00:00.000,Beverages,34.199999999999996,1,United Package,Chartreuse verte,Albuquerque,RATTC,11077,Aux joyeux ecclésiastiques,1,18.00,High Value,34.199999999999996,Rattlesnake Canyon Grocery
3,0,19,41,USA,Nancy Davolio,1998-05-06 00:00:00.000,Seafood,28.950000000000003,8,United Package,Jack's New England Clam Chowder,Albuquerque,RATTC,11077,New England Seafood Cannery,1,9.65,High Value,28.950000000000003,Rattlesnake Canyon Grocery
3,0.02,21,46,USA,Nancy Davolio,1998-05-06 00:00:00.000,Seafood,35.28,8,United Package,Spegesild,Albuquerque,RATTC,11077,Lyngbysild,1,12.00,High Value,35.28,Rattlesnake Canyon Grocery
2,0,24,52,USA,Nancy Davolio,1998-05-06 00:00:00.000,Grains/Cereals,14.0,5,United Package,Filo Mix,Albuquerque,RATTC,11077,G'day Mate,1,7.00,High Value,14.0,Rattlesnake Canyon Grocery
2,0,25,55,USA,Nancy Davolio,1998-05-06 00:00:00.000,Meat/Poultry,48.0,6,United Package,Pâté chinois,Albuquerque,RATTC,11077,Ma Maison,1,24.00,High Value,48.0,Rattlesnake Canyon Grocery
2,0.06,28,60,USA,Nancy Davolio,1998-05-06 00:00:00.000,Dairy Products,63.919999999999995,4,United Package,Camembert Pierrot,Albuquerque,RATTC,11077,Gai pâturage,1,34.00,High Value,63.919999999999995,Rattlesnake Canyon Grocery
2,0.03,12,64,USA,Nancy Davolio,1998-05-06 00:00:00.000,Grains/Cereals,64.505,5,United Package,Wimmers gute Semmelknödel,Albuquerque,RATTC,11077,Plutzer Lebensmittelgroßmärkte AG,1,33.25,High Value,64.505,Rattlesnake Canyon Grocery
1,0,2,66,USA,Nancy Davolio,1998-05-06 00:00:00.000,Condiments,17.0,2,United Package,Louisiana Hot Spiced Okra,Albuquerque,RATTC,11077,New Orleans Cajun Delights,1,17.00,High Value,17.0,Rattlesnake Canyon Grocery
2,0.01,17,73,USA,Nancy Davolio,1998-05-06 00:00:00.000,Seafood,29.7,8,United Package,Röd Kaviar,Albuquerque,RATTC,11077,Svensk Sjöföda AB,1,15.00,High Value,29.7,Rattlesnake Canyon Grocery
4,0,12,75,USA,Nancy Davolio,1998-05-06 00:00:00.000,Beverages,31.0,1,United Package,Rhönbräu Klosterbier,Albuquerque,RATTC,11077,Plutzer Lebensmittelgroßmärkte AG,1,7.75,High Value,31.0,Rattlesnake Canyon Grocery
2,0,12,77,USA,Nancy Davolio,1998-05-06 00:00:00.000,Condiments,26.0,2,United Package,Original Frankfurter grüne Soße,Albuquerque,RATTC,11077,Plutzer Lebensmittelgroßmärkte AG,1,13.00,High Value,26.0,Rattlesnake Canyon Grocery
