LoanAccountTransactionId,SourceId,TransactionDateId,ValueDateId,EntryDateID,LoanAccountId,TransactionTypeId,TransactionCurrencyId,TransactionAmount,TransactionAmountSEK,TransactionReference,ExchangeRateId
988189,8,20230208,20230208,20230208,9,1821,49,-43029.0,-48554569.0,00446003423-43241922,2910
988190,8,20230208,20230208,20230208,319,1870,49,-608.0,-68607632.0,00446003423-43242008,2910
988191,8,20230208,20230208,20230208,368,1870,49,-4596.0,-51861953.0,00446003423-43244669,2910
988192,8,20230208,20230208,20230208,426,1870,49,-14117.0,-159298346.0,00446003423-43244684,2910
990210,8,20230404,20230228,20230228,6,1870,49,-46886.0,-529068657.0,00446003439-44114757,2910
990211,8,20230404,20230228,20230228,11,1870,49,-30233.0,-341153707.0,00446003439-44115150,2910
990212,8,20230404,20230228,20230228,14,1870,49,-56022.0,-632160651.0,00446003439-44116038,2910
990213,8,20230404,20230228,20230228,17,1821,49,-5638.0,-63620038.0,00446003439-44116276,2910
990214,8,20230404,20230228,20230228,17,1870,49,-2819.0,-318100189.0,00446003439-44116272,2910
990215,8,20230404,20230228,20230228,19,1870,49,-50021.0,-564444467.0,00446003439-44116311,2910
990216,8,20230404,20230228,20230228,22,1870,49,-74564.0,-841391361.0,00446003439-44116631,2910
990217,8,20230404,20230228,20230228,24,1769,49,-3792.0,-42789497.0,00446003439-44116677,2910
990218,8,20230404,20230228,20230228,24,1870,49,-39915.0,-450406847.0,00446003439-44116679,2910
990219,8,20230404,20230228,20230228,25,1769,49,-6746.0,-76122876.0,00446003439-44116732,2910
990220,8,20230404,20230228,20230228,25,1870,49,-7101.0,-801287492.0,00446003439-44116734,2910
990221,8,20230404,20230228,20230228,27,1870,49,-46011.0,-519195026.0,00446003439-44116854,2910
990222,8,20230404,20230228,20230228,33,1870,49,-48996.0,-552878213.0,00446003440-44163228,2910
990223,8,20230404,20230228,20230228,37,1870,49,-38986.0,-439923872.0,00446003439-44117679,2910
990224,8,20230404,20230228,20230228,39,1870,49,-32046.0,-361611871.0,00446003439-44117693,2910
990225,8,20230404,20230228,20230228,44,1870,49,-30381.0,-342823761.0,00446003439-44117864,2910
990226,8,20230404,20230228,20230228,52,1769,49,-4196.0,-47348293.0,00446003439-44118357,2910
990227,8,20230404,20230228,20230228,52,1870,49,-44168.0,-498398337.0,00446003439-44118359,2910
990228,8,20230404,20230228,20230228,55,1869,49,-6.0,-67705.0,00446003439-44118395,2910
990229,8,20230404,20230228,20230228,55,1870,49,-38723.0,-43695614.0,00446003439-44118397,2910
990230,8,20230404,20230228,20230228,56,1769,49,-3259.0,-36775045.0,00446003439-44118454,2910
990231,8,20230404,20230228,20230228,56,1870,49,-34307.0,-387125334.0,00446003439-44118456,2910
990232,8,20230404,20230228,20230228,65,1769,49,-2587.0,-29192096.0,00446003439-44116087,2910
990233,8,20230404,20230228,20230228,65,1870,49,-26136.0,-294922544.0,00446003439-44116089,2910
990234,8,20230404,20230228,20230228,71,1769,49,-3295.0,-37181274.0,00446003439-44098686,2910
990235,8,20230404,20230228,20230228,71,1769,49,-3293.0,-37158706.0,00446003439-44116116,2910
990236,8,20230404,20230228,20230228,71,1769,49,-5.0,-5642075.0,00446003439-44098688,2910
990237,8,20230404,20230228,20230228,71,1769,49,-5.0,-5642075.0,00446003439-44098690,2910
990238,8,20230404,20230228,20230228,71,1769,49,-5.0,-5642075.0,00446003439-44116118,2910
990239,8,20230404,20230228,20230228,71,1769,49,-5.0,-5642075.0,00446003439-44116120,2910
990240,8,20230404,20230228,20230228,71,1870,49,-33285.0,-375592933.0,00446003439-44098692,2910
990241,8,20230404,20230228,20230228,71,1870,49,-33259.0,-375299545.0,00446003439-44116122,2910
990242,8,20230404,20230228,20230228,73,1870,49,-8545.0,-96423062.0,00446003439-44116133,2910
990243,8,20230404,20230228,20230228,74,1870,49,-45538.0,-513857623.0,00446003439-44116137,2910
990244,8,20230404,20230228,20230228,111,1870,49,-19523.0,-22030046.0,00446003439-44116433,2910
990245,8,20230404,20230228,20230228,112,1769,49,-633.0,-7142867.0,00446003439-44116477,2910
990246,8,20230404,20230228,20230228,112,1870,49,-63138.0,-712458663.0,00446003439-44116479,2910
990247,8,20230404,20230228,20230228,117,1870,49,-187541.0,-2116240775.0,00446003439-44094256,2910
990248,8,20230404,20230228,20230228,117,1870,49,-43507.0,-490939514.0,00446003439-44094268,2910
990249,8,20230404,20230228,20230228,117,1870,49,-43363.0,-489314596.0,00446003439-44094264,2910
990250,8,20230404,20230228,20230228,117,1870,49,-43227.0,-487779952.0,00446003439-44094260,2910
990251,8,20230404,20230228,20230228,118,1870,49,-35339.0,-398770577.0,00446003439-44116526,2910
990252,8,20230404,20230228,20230228,139,1769,49,-2004.0,-22613437.0,00446003439-44116866,2910
990253,8,20230404,20230228,20230228,139,1870,49,-19447.0,-219442865.0,00446003439-44116868,2910
990254,8,20230404,20230228,20230228,162,1870,49,-47984.0,-541458654.0,00446003439-44117001,2910
990255,8,20230404,20230228,20230228,177,1870,49,-55131.0,-622106474.0,00446003439-44117097,2910
990256,8,20230404,20230228,20230228,182,1769,49,-5.0,-5642075.0,00446003440-44155698,2910
990257,8,20230404,20230228,20230228,182,1769,49,-5.0,-5642075.0,00446003440-44163316,2910
990258,8,20230404,20230228,20230228,182,1769,49,-5.0,-5642075.0,00446003440-44163318,2910
990259,8,20230404,20230228,20230228,182,1870,49,-14413.0,-162638454.0,00446003440-44155700,2910
990260,8,20230404,20230228,20230228,182,1870,49,-9923.0,-11197262.0,00446003440-44163320,2910
990261,8,20230404,20230228,20230228,182,1870,49,-8591.0,-96942133.0,00446003440-44154762,2910
990262,8,20230404,20230228,20230228,182,1870,49,-6413.0,-72365254.0,00446003440-44163312,2910
990263,8,20230404,20230228,20230228,182,1870,49,-2148.0,-24238354.0,00446003440-44155694,2910
990264,8,20230404,20230228,20230228,194,1821,49,-2815634.0,-317720364.0,00446003439-44117192,2910
990265,8,20230404,20230228,20230228,194,1870,49,-39662.0,-447551957.0,00446003439-44117188,2910
990266,8,20230404,20230228,20230228,205,1870,49,-38987.0,-439935156.0,00446003439-44117309,2910
990267,8,20230404,20230228,20230228,206,1870,49,-26363.0,-297484046.0,00446003439-44117464,2910
990268,8,20230404,20230228,20230228,229,1870,49,-7192.0,-81155607.0,00446003439-44117792,2910
990269,8,20230404,20230228,20230228,244,1821,49,-7826.0,-88309758.0,00446003439-44117904,2910
990270,8,20230404,20230228,20230228,244,1870,49,-39132.0,-441571358.0,00446003439-44117900,2910
990271,8,20230404,20230228,20230228,269,1870,49,-59228.0,-668337636.0,00446003440-44163583,2910
990272,8,20230404,20230228,20230228,275,1769,49,-2726.0,-30760593.0,00446003440-44163611,2910
990273,8,20230404,20230228,20230228,275,1870,49,-27536.0,-310720354.0,00446003440-44163613,2910
990274,8,20230404,20230228,20230228,322,1870,49,-15303.0,-172681347.0,00446003439-44118732,2910
990275,8,20230404,20230228,20230228,325,1870,49,-8547.0,-9644563.0,00446003439-44118740,2910
990276,8,20230404,20230228,20230228,326,1769,49,-2693.0,-30388216.0,00446003439-44099036,2910
990277,8,20230404,20230228,20230228,326,1869,49,-903.0,-10189587.0,00446003439-44099038,2910
990278,8,20230404,20230228,20230228,326,1870,49,-27204.0,-306974017.0,00446003439-44099040,2910
990279,8,20230404,20230228,20230228,338,1821,49,-1512878.0,-1707154228.0,00446003439-44118805,2910
990280,8,20230404,20230228,20230228,338,1870,49,-26055.0,-294008528.0,00446003439-44118801,2910
990281,8,20230404,20230228,20230228,342,1870,49,-52334.0,-590544706.0,00446003439-44118936,2910
990282,8,20230404,20230228,20230228,344,1870,49,-25354.0,-286098339.0,00446003439-44118964,2910
990283,8,20230404,20230228,20230228,355,1769,49,-5.0,-5642075.0,00446003440-44205452,2910
990284,8,20230404,20230228,20230228,355,1870,49,-9137.0,-103103279.0,00446003440-44158744,2910
990285,8,20230404,20230228,20230228,355,1870,49,-8463.0,-95497761.0,00446003440-44205454,2910
990286,8,20230404,20230228,20230228,365,1870,49,-5231.0,-59027389.0,00446003440-44173824,2910
990287,8,20230404,20230228,20230228,367,1870,49,-18705.0,-211070026.0,00446003440-44158748,2910
990288,8,20230404,20230228,20230228,370,1870,49,-9947.0,-11224344.0,00446003440-44205637,2910
990289,8,20230404,20230228,20230228,372,1870,49,-24151.0,-272523507.0,00446003440-44205641,2910
990290,8,20230404,20230228,20230228,375,1870,49,-12213.0,-137813324.0,00446003440-44206030,2910
990291,8,20230404,20230228,20230228,378,1870,49,-9146.0,-103204836.0,00446003440-44172095,2910
990292,8,20230404,20230228,20230228,384,1870,49,-13674.0,-154299467.0,00446003440-44205871,2910
990293,8,20230404,20230228,20230228,387,1821,49,-4933.0,-55664712.0,00446003440-44205782,2910
990294,8,20230404,20230228,20230228,387,1870,49,-24665.0,-27832356.0,00446003440-44205778,2910
990295,8,20230404,20230228,20230228,391,1821,49,-6348.0,-71631784.0,00446003440-44198946,2910
990296,8,20230404,20230228,20230228,391,1870,49,-31739.0,-358147637.0,00446003440-44198942,2910
990297,8,20230404,20230228,20230228,394,1870,49,-15109.0,-170492222.0,00446003440-44205953,2910
990298,8,20230404,20230228,20230228,396,1870,49,-21048.0,-237508789.0,00446003440-44205808,2910
990299,8,20230404,20230228,20230228,397,1821,49,-795396.0,-8975367773.0,00446003440-44206004,2910
990300,8,20230404,20230228,20230228,397,1870,49,-19535.0,-22043587.0,00446003440-44206000,2910
990301,8,20230404,20230228,20230228,400,1870,49,-27798.0,-313676802.0,00446003440-44171212,2910
990302,8,20230404,20230228,20230228,405,1821,49,-97635.0,-1101727985.0,00446003440-44205972,2910
990303,8,20230404,20230228,20230228,405,1870,49,-5072.0,-57233209.0,00446003440-44205968,2910
990304,8,20230404,20230228,20230228,407,1870,49,-48049.0,-542192123.0,00446003440-44206143,2910
990305,8,20230404,20230228,20230228,408,1870,49,-1784.0,-20130924.0,00446003440-44179446,2910
990306,8,20230404,20230228,20230228,412,1870,49,-34807.0,-392767409.0,00446003440-44206194,2910
990307,8,20230404,20230228,20230228,414,1870,49,-21518.0,-24281234.0,00446003440-44206254,2910
990308,8,20230404,20230228,20230228,418,1870,49,-21196.0,-239178843.0,00446003440-44159772,2910
990309,8,20230404,20230228,20230228,420,1870,49,-21926.0,-247416273.0,00446003440-44206467,2910
990310,8,20230404,20230228,20230228,422,1870,49,-35145.0,-396581452.0,00446003440-44206762,2910
990311,8,20230404,20230228,20230228,428,1870,49,-32782.0,-369917005.0,00446003440-44206847,2910
990312,8,20230404,20230228,20230228,433,1870,49,-1109.0,-125141224.0,00446003440-44160165,2910
990313,8,20230404,20230228,20230228,435,1769,49,-5.0,-5642075.0,00446003440-44206941,2910
990314,8,20230404,20230228,20230228,435,1870,49,-2344.0,-26450048.0,00446003440-44158794,2910
990315,8,20230404,20230228,20230228,435,1870,49,-167.0,-18844531.0,00446003440-44206943,2910
990316,8,20230404,20230228,20230228,435,1870,49,-586.0,-6612512.0,00446003440-44206937,2910
990317,8,20230404,20230228,20230228,440,1870,49,-8.0,-902732.0,00446003440-44207007,2910
990318,8,20230404,20230228,20230228,448,1870,49,-24956.0,-281607247.0,00446003440-44191421,2910
990319,8,20230404,20230228,20230228,451,1870,49,-19564.0,-220763111.0,00446003440-44207086,2910
990320,8,20230404,20230228,20230228,452,1870,49,-37489.0,-423031499.0,00446003440-44207203,2910
990321,8,20230404,20230228,20230228,454,1870,49,-31003.0,-349842502.0,00446003440-44207199,2910
1071380,8,20230317,20230213,20230213,25,1950,49,1113058.0,1255991343.0,00000000000-43264156,2910
1071534,8,20230324,20230222,20230222,7,1870,49,-45473.0,-513124153.0,00446003437-44035587,2910
1071535,8,20230324,20230222,20230222,12,1870,49,-42036.0,-474340529.0,00446003437-44036067,2910
1071536,8,20230324,20230222,20230222,36,1870,49,-54693.0,-617164016.0,00446003437-44043487,2910
1071537,8,20230324,20230222,20230222,49,1870,49,-26631.0,-300508199.0,00446003437-44038068,2910
1071538,8,20230324,20230222,20230222,95,1870,49,-25507.0,-287824814.0,00446003437-44036844,2910
1071539,8,20230324,20230222,20230222,101,1870,49,-46785.0,-527928958.0,00446003437-44036888,2910
1071540,8,20230324,20230222,20230222,135,1821,49,-1335544.0,-1507047883.0,00446003437-44037199,2910
1071541,8,20230324,20230222,20230222,135,1870,49,-25906.0,-29232719.0,00446003437-44037195,2910
1071542,8,20230324,20230222,20230222,145,1769,49,-606.0,-6838195.0,00446003437-44037245,2910
1071543,8,20230324,20230222,20230222,145,1769,49,-604.0,-6815627.0,00446003437-44023673,2910
1071544,8,20230324,20230222,20230222,145,1769,49,-5.0,-5642075.0,00446003437-44037247,2910
1071545,8,20230324,20230222,20230222,145,1870,49,-6118.0,-6903643.0,00446003437-44037249,2910
1071546,8,20230324,20230222,20230222,145,1870,49,-6106.0,-6890102.0,00446003437-44023675,2910
1071547,8,20230324,20230222,20230222,152,1870,49,-2268.0,-255924522.0,00446003437-44023687,2910
1071548,8,20230324,20230222,20230222,155,1870,49,-16011.0,-180670526.0,00446003437-44037300,2910
1071549,8,20230324,20230222,20230222,188,1870,49,-656.0,-74024024.0,00446003437-44037458,2910
1071550,8,20230324,20230222,20230222,217,1870,49,-25764.0,-290724841.0,00446003437-44037789,2910
1071551,8,20230324,20230222,20230222,248,1870,49,-36347.0,-410145.0,00446003437-44037934,2910
1071552,8,20230324,20230222,20230222,263,1870,49,-39851.0,-449684662.0,00446003437-44038011,2910
1071553,8,20230324,20230222,20230222,279,1870,49,-19053.0,-21499691.0,00446003437-44038195,2910
1071554,8,20230324,20230222,20230222,287,1870,49,-5982.0,-67501785.0,00446003437-44038309,2910
1071555,8,20230324,20230222,20230222,314,1870,49,-45649.0,-515110163.0,00446003437-44038550,2910
1071556,8,20230324,20230222,20230222,341,1769,49,-5.0,-5642075.0,00446003437-44023775,2910
1071557,8,20230324,20230222,20230222,341,1769,49,-5.0,-5642075.0,00446003437-44023777,2910
1071558,8,20230324,20230222,20230222,341,1769,49,-5.0,-5642075.0,00446003437-44038759,2910
1071559,8,20230324,20230222,20230222,341,1769,49,-5.0,-5642075.0,00446003437-44038761,2910
1071560,8,20230324,20230222,20230222,341,1870,49,-18893.0,-213191446.0,00446003437-44038763,2910
1071561,8,20230324,20230222,20230222,341,1870,49,-18708.0,-211103878.0,00446003437-44023779,2910
1071562,8,20230324,20230222,20230222,351,1870,49,-1045.0,-117919368.0,00446003437-44078821,2910
1071563,8,20230324,20230222,20230222,353,1821,49,-94616.0,-1067661136.0,00446003437-44078910,2910
1071564,8,20230324,20230222,20230222,353,1870,49,-2822.0,-31843871.0,00446003437-44078906,2910
1071565,8,20230324,20230222,20230222,361,1821,49,-1005171.0,-1134250034.0,00446003437-44052845,2910
1071566,8,20230324,20230222,20230222,361,1870,49,-12118.0,-13674133.0,00446003437-44052841,2910
1071567,8,20230324,20230222,20230222,363,1870,49,-36186.0,-408328252.0,00446003437-44078980,2910
1071568,8,20230324,20230222,20230222,368,1870,49,-4633.0,-52279467.0,00446003437-44051462,2910
1071569,8,20230324,20230222,20230222,377,1870,49,-64917.0,-732533166.0,00446003437-44075969,2910
1071570,8,20230324,20230222,20230222,380,1870,49,-8372.0,-94470904.0,00446003437-44079004,2910
1071571,8,20230324,20230222,20230222,382,1870,49,-4992.0,-56330477.0,00446003437-44076388,2910
1071572,8,20230324,20230222,20230222,386,1821,49,-12342.0,-139268979.0,00446003437-44079075,2910
1071573,8,20230324,20230222,20230222,386,1870,49,-61712.0,-696367465.0,00446003437-44079071,2910
1071574,8,20230324,20230222,20230222,413,1870,49,-5164.0,-58271351.0,00446003437-44052603,2910
1071575,8,20230324,20230222,20230222,426,1821,49,-807387.0,-9110676016.0,00446003437-44079730,2910
1071576,8,20230324,20230222,20230222,426,1870,49,-14244.0,-160731433.0,00446003437-44079726,2910
1071577,8,20230324,20230222,20230222,432,1870,49,-7509.0,-84732682.0,00446003437-44079529,2910
1071578,8,20230324,20230222,20230222,437,1821,49,-376453.0,-424795212.0,00446003437-44079765,2910
1071579,8,20230324,20230222,20230222,437,1870,49,-38629.0,-43589543.0,00446003437-44079761,2910
1071580,8,20230324,20230222,20230222,438,1821,49,-4579964.0,-5168100077.0,00446003437-44079572,2910
1071581,8,20230324,20230222,20230222,438,1870,49,-55484.0,-626089779.0,00446003437-44079568,2910
1071582,8,20230324,20230222,20230222,440,1870,49,-6287.0,-70943451.0,00446003437-44079606,2910
1071583,8,20230324,20230222,20230222,442,1870,49,-16593.0,-187237901.0,00446003437-44050522,2910
1071584,8,20230324,20230222,20230222,444,1870,49,-5402.0,-60956978.0,00446003437-44079617,2910
1071585,8,20230324,20230222,20230222,450,1870,49,-14717.0,-166068836.0,00446003437-44079629,2910
1071586,8,20230324,20230222,20230222,456,1870,49,-19297.0,-217750243.0,00446003437-44079657,2910
1071587,8,20230324,20230222,20230222,459,1870,49,-17602.0,-198623608.0,00446003437-44079637,2910
1071588,8,20230324,20230222,20230222,461,1821,49,-3728859.0,-4207700429.0,00446003437-44043998,2910
1071589,8,20230324,20230222,20230222,461,1870,49,-43573.0,-491684268.0,00446003437-44043994,2910
1071590,8,20230324,20230222,20230222,482,1870,49,-7684.0,-86707409.0,00446003437-44079854,2910
990322,8,20230404,20230228,20230228,457,1870,49,-69397.0,-783086158.0,00446003440-44207247,2910
990323,8,20230404,20230228,20230228,465,1870,49,-47173.0,-532307208.0,00446003440-44207152,2910
990324,8,20230404,20230228,20230228,466,1870,49,-3926.0,-44301573.0,00446003440-44191040,2910
990325,8,20230404,20230228,20230228,472,1870,49,-13947.0,-15738004.0,00446003440-44207890,2910
990326,8,20230404,20230228,20230228,478,1821,49,-1470779.0,-1659649085.0,00446003440-44207542,2910
990327,8,20230404,20230228,20230228,478,1870,49,-28163.0,-317795516.0,00446003440-44207538,2910
990328,8,20230404,20230228,20230228,486,1870,49,-49281.0,-556094196.0,00446003440-44207498,2910
990329,8,20230404,20230228,20230228,490,1870,49,-1924.0,-217107046.0,00446003440-44207592,2910
990330,8,20230404,20230228,20230228,492,1870,49,-25045.0,-282611537.0,00446003440-44207745,2910
990331,8,20230404,20230228,20230228,494,1870,49,-6829.0,-7705946.0,00446003440-44209429,2910
1120348,8,20230110,20230110,20230110,141,1870,49,-100.0,-111529.0,00446003361-41679637,2883
1120349,8,20230110,20230110,20230110,184,1870,49,-10508.0,-117194673.0,00446003361-41679658,2883
1120350,8,20230110,20230110,20230110,184,1870,49,-92.0,-1026067.0,00446003361-41679662,2883
1120351,8,20230110,20230110,20230110,325,1870,49,-9473.0,-105651422.0,00446003361-41679735,2883
1130585,8,20230502,20230428,20230428,6,1870,49,-46751.0,-527545297.0,00446003459-46874852,2910
1130586,8,20230502,20230428,20230428,22,1870,49,-59651.0,-673110832.0,00446003459-46877145,2910
1130587,8,20230502,20230428,20230428,24,1769,49,-3792.0,-42789497.0,00446003459-46853135,2910
1130588,8,20230502,20230428,20230428,24,1769,49,-3782.0,-42676655.0,00446003459-46877193,2910
1130589,8,20230502,20230428,20230428,24,1769,49,-5.0,-5642075.0,00446003459-46877195,2910
1130590,8,20230502,20230428,20230428,24,1870,49,-39915.0,-450406847.0,00446003459-46853137,2910
1130591,8,20230502,20230428,20230428,24,1870,49,-39807.0,-449188159.0,00446003459-46877197,2910
1130592,8,20230502,20230428,20230428,27,1821,49,-2860518.0,-3227851419.0,00446003459-46877303,2910
1130593,8,20230502,20230428,20230428,27,1870,49,-4589.0,-517829644.0,00446003459-46877299,2910
1130594,8,20230502,20230428,20230428,37,1870,49,-38914.0,-439111413.0,00446003459-46878371,2910
1130595,8,20230502,20230428,20230428,39,1870,49,-1029.0,-116113904.0,00446003459-46878387,2910
1130596,8,20230502,20230428,20230428,49,1870,49,-26578.0,-299910139.0,00446003459-46878963,2910
1130597,8,20230502,20230428,20230428,50,1769,49,-5.0,-5642075.0,00446003459-46853569,2910
1130598,8,20230502,20230428,20230428,50,1769,49,-5.0,-5642075.0,00446003459-46879292,2910
1130599,8,20230502,20230428,20230428,50,1870,49,-45836.0,-517220299.0,00446003459-46853571,2910
1130600,8,20230502,20230428,20230428,50,1870,49,-45509.0,-513530382.0,00446003459-46879294,2910
1130601,8,20230502,20230428,20230428,55,1870,49,-38613.0,-435714884.0,00446003459-46879416,2910
1130602,8,20230502,20230428,20230428,56,1769,49,-3254.0,-36718624.0,00446003459-46879494,2910
1130603,8,20230502,20230428,20230428,56,1821,49,-1574984.0,-177723557.0,00446003459-46879500,2910
1130604,8,20230502,20230428,20230428,56,1870,49,-34248.0,-386459569.0,00446003459-46879496,2910
1130605,8,20230502,20230428,20230428,64,1769,49,-4355.0,-49142473.0,00446003459-46852965,2910
1130606,8,20230502,20230428,20230428,64,1769,49,-4256.0,-48025342.0,00446003459-46876548,2910
1130607,8,20230502,20230428,20230428,64,1769,49,-5.0,-5642075.0,00446003459-46852967,2910
1130608,8,20230502,20230428,20230428,64,1769,49,-5.0,-5642075.0,00446003459-46876550,2910
1130609,8,20230502,20230428,20230428,64,1870,49,-43987.0,-496355906.0,00446003459-46852969,2910
1130610,8,20230502,20230428,20230428,64,1870,49,-42992.0,-485128177.0,00446003459-46876552,2910
1130611,8,20230502,20230428,20230428,65,1769,49,-2583.0,-29146959.0,00446003459-46876556,2910
1130612,8,20230502,20230428,20230428,65,1870,49,-26086.0,-294358337.0,00446003459-46876558,2910
1130613,8,20230502,20230428,20230428,74,1821,49,-9108.0,-102776038.0,00446003459-46876606,2910
1130614,8,20230502,20230428,20230428,74,1870,49,-45538.0,-513857623.0,00446003459-46876602,2910
1130615,8,20230502,20230428,20230428,93,1870,49,-46388.0,-52344915.0,00446003459-46876773,2910
1130616,8,20230502,20230428,20230428,95,1869,49,-8.0,-902732.0,00446003459-46876794,2910
1130617,8,20230502,20230428,20230428,95,1870,49,-25507.0,-287824814.0,00446003459-46876796,2910
1130618,8,20230502,20230428,20230428,98,1821,49,-3849001.0,-4343270463.0,00446003459-46876825,2910
1130619,8,20230502,20230428,20230428,98,1870,49,-53999.0,-609332816.0,00446003459-46876821,2910
1130620,8,20230502,20230428,20230428,112,1769,49,-633.0,-7142867.0,00446003459-46876904,2910
1130621,8,20230502,20230428,20230428,112,1870,49,-63138.0,-712458663.0,00446003459-46876906,2910
1130622,8,20230502,20230428,20230428,121,1769,49,-5.0,-5642075.0,00446003459-46876995,2910
1130623,8,20230502,20230428,20230428,121,1870,49,-24773.0,-279542248.0,00446003459-46876997,2910
1130624,8,20230502,20230428,20230428,139,1769,49,-2001.0,-22579584.0,00446003459-46877355,2910
1130625,8,20230502,20230428,20230428,139,1870,49,-20208.0,-228030103.0,00446003459-46877357,2910
1130626,8,20230502,20230428,20230428,141,1870,49,-41277.0,-46577586.0,00446003459-46877386,2910
1130627,8,20230502,20230428,20230428,145,1769,49,-576.0,-649967.0,00446003459-46877414,2910
1130628,8,20230502,20230428,20230428,145,1870,49,-5814.0,-65606048.0,00446003459-46877416,2910
1130629,8,20230502,20230428,20230428,152,1769,49,-5.0,-5642075.0,00446003459-46877484,2910
1130630,8,20230502,20230428,20230428,152,1870,49,-22366.0,-252381299.0,00446003459-46877486,2910
1130631,8,20230502,20230428,20230428,152,1870,49,-9267.0,-104570218.0,00446003459-46853183,2910
1130632,8,20230502,20230428,20230428,183,1769,49,-3542.0,-39968459.0,00446003459-46877660,2910
1130633,8,20230502,20230428,20230428,183,1870,49,-35775.0,-403690466.0,00446003459-46877662,2910
1130634,8,20230502,20230428,20230428,206,1870,49,-26363.0,-297484046.0,00446003459-46853303,2910
1130635,8,20230502,20230428,20230428,217,1870,49,-20574.0,-232160102.0,00446003459-46878350,2910
1130636,8,20230502,20230428,20230428,219,1870,49,-24687.0,-278571811.0,00446003459-46847697,2910
1130637,8,20230502,20230428,20230428,220,1870,49,-27319.0,-308271694.0,00446003459-46878423,2910
1130638,8,20230502,20230428,20230428,229,1869,49,-8.0,-902732.0,00446003459-46878517,2910
1130639,8,20230502,20230428,20230428,229,1870,49,-7191.0,-81144323.0,00446003459-46878519,2910
1130640,8,20230502,20230428,20230428,237,1769,49,-4939.0,-55732417.0,00446003459-46878623,2910
1130641,8,20230502,20230428,20230428,237,1870,49,-49885.0,-562909823.0,00446003459-46878625,2910
1130642,8,20230502,20230428,20230428,248,1821,49,-2342368.0,-2643163187.0,00446003459-46878693,2910
1130643,8,20230502,20230428,20230428,248,1870,49,-36253.0,-40908429.0,00446003459-46878689,2910
1130644,8,20230502,20230428,20230428,308,1821,49,-1416776.0,-159871129.0,00446003459-46879605,2910
1130645,8,20230502,20230428,20230428,308,1870,49,-2974.0,-335590621.0,00446003459-46879601,2910
1130646,8,20230502,20230428,20230428,314,1769,49,-5.0,-5642075.0,00446003459-46879674,2910
1130647,8,20230502,20230428,20230428,314,1870,49,-45649.0,-515110163.0,00446003459-46853647,2910
1130648,8,20230502,20230428,20230428,314,1870,49,-45542.0,-513902759.0,00446003459-46879676,2910
1130649,8,20230502,20230428,20230428,319,1821,49,-69255.0,-781483808.0,00446003459-46879763,2910
1130650,8,20230502,20230428,20230428,319,1870,49,-5465.0,-6166788.0,00446003459-46879759,2910
1130651,8,20230502,20230428,20230428,326,1769,49,-268.0,-30241522.0,00446003459-46879912,2910
1130652,8,20230502,20230428,20230428,326,1821,49,-595.0,-67140693.0,00446003459-46879918,2910
1130653,8,20230502,20230428,20230428,326,1870,49,-27068.0,-305439372.0,00446003459-46879914,2910
1130654,8,20230502,20230428,20230428,334,1870,49,-16177.0,-182543695.0,00446003459-46880039,2910
1130655,8,20230502,20230428,20230428,338,1769,49,-5.0,-5642075.0,00446003459-46880056,2910
1130656,8,20230502,20230428,20230428,338,1870,49,-4256.0,-48025342.0,00446003459-46853745,2910
1130657,8,20230502,20230428,20230428,338,1870,49,-536.0,-6048304.0,00446003459-46880058,2910
1130658,8,20230502,20230428,20230428,341,1769,49,-5.0,-5642075.0,00446003459-46880145,2910
1130659,8,20230502,20230428,20230428,341,1870,49,-18758.0,-211668086.0,00446003459-46880147,2910
1130660,8,20230502,20230428,20230428,341,1870,49,-3771.0,-4255253.0,00446003459-46853755,2910
1130661,8,20230502,20230428,20230428,342,1870,49,-52173.0,-588727958.0,00446003459-46880173,2910
1142628,8,20230421,20230328,20230328,2,1870,49,-75436.0,-851231139.0,00446003451-45618194,2910
1142629,8,20230421,20230328,20230328,6,1870,49,-46886.0,-529068657.0,00446003451-45618561,2910
1142630,8,20230421,20230328,20230328,22,1870,49,-74564.0,-841391361.0,00446003451-45619300,2910
1142631,8,20230421,20230328,20230328,27,1870,49,-46011.0,-519195026.0,00446003451-45619552,2910
1142632,8,20230421,20230328,20230328,36,1821,49,-10939.0,-123437317.0,00446003452-45649510,2910
1142633,8,20230421,20230328,20230328,36,1870,49,-54693.0,-617164016.0,00446003452-45649504,2910
1142634,8,20230421,20230328,20230328,37,1870,49,-38986.0,-439923872.0,00446003451-45620629,2910
1142635,8,20230421,20230328,20230328,39,1821,49,-2374348.0,-2679249898.0,00446003451-45620639,2910
1142636,8,20230421,20230328,20230328,39,1870,49,-32046.0,-361611871.0,00446003451-45620633,2910
1142637,8,20230421,20230328,20230328,44,1870,49,-30381.0,-342823761.0,00446003451-45620813,2910
1142638,8,20230421,20230328,20230328,49,1870,49,-2663.0,-300496915.0,00446003451-45621299,2910
1142639,8,20230421,20230328,20230328,50,1870,49,-45836.0,-517220299.0,00446003451-45586802,2910
1142640,8,20230421,20230328,20230328,64,1769,49,-4355.0,-49142473.0,00446003451-45586034,2910
1142641,8,20230421,20230328,20230328,64,1870,49,-43987.0,-496355906.0,00446003451-45586036,2910
1142642,8,20230421,20230328,20230328,98,1870,49,-5432.0,-612955028.0,00446003452-45645066,2910
1142643,8,20230421,20230328,20230328,101,1870,49,-4673.0,-52730833.0,00446003452-45645120,2910
1142644,8,20230421,20230328,20230328,118,1870,49,-35339.0,-398770577.0,00446003451-45619080,2910
1142645,8,20230421,20230328,20230328,141,1769,49,-5.0,-5642075.0,00446003451-45619590,2910
1142646,8,20230421,20230328,20230328,141,1870,49,-41277.0,-46577586.0,00446003451-45619592,2910
1142647,8,20230421,20230328,20230328,145,1769,49,-591.0,-6668933.0,00446003451-45619620,2910
1142648,8,20230421,20230328,20230328,145,1870,49,-5967.0,-67332523.0,00446003451-45619622,2910
1142649,8,20230421,20230328,20230328,152,1769,49,-5.0,-5642075.0,00446003451-45586374,2910
1142650,8,20230421,20230328,20230328,152,1769,49,-5.0,-5642075.0,00446003451-45619700,2910
1142651,8,20230421,20230328,20230328,152,1870,49,-18106.0,-20431082.0,00446003451-45586376,2910
1142652,8,20230421,20230328,20230328,152,1870,49,-13314.0,-150237173.0,00446003451-45619702,2910
1142653,8,20230421,20230328,20230328,152,1870,49,-4651.0,-52482582.0,00446003451-45619696,2910
1142654,8,20230421,20230328,20230328,155,1821,49,-871579.0,-9835028173.0,00446003451-45619712,2910
1142655,8,20230421,20230328,20230328,155,1870,49,-16011.0,-180670526.0,00446003451-45619706,2910
1142656,8,20230421,20230328,20230328,162,1870,49,-47849.0,-539935293.0,00446003451-45619743,2910
1142657,8,20230421,20230328,20230328,183,1769,49,-3542.0,-39968459.0,00446003451-45586418,2910
1142658,8,20230421,20230328,20230328,183,1769,49,-3542.0,-39968459.0,00446003451-45619905,2910
1142659,8,20230421,20230328,20230328,183,1769,49,-5.0,-5642075.0,00446003451-45619907,2910
1142660,8,20230421,20230328,20230328,183,1870,49,-35775.0,-403690466.0,00446003451-45586420,2910
1142661,8,20230421,20230328,20230328,183,1870,49,-35775.0,-403690466.0,00446003451-45619909,2910
1142662,8,20230421,20230328,20230328,190,1870,49,-21837.0,-246411984.0,00446003451-45579092,2910
1142663,8,20230421,20230328,20230328,196,1870,49,-7282.0,-821711803.0,00446003451-45578990,2910
1142664,8,20230421,20230328,20230328,196,1870,49,-23133.0,-261036242.0,00446003451-45579002,2910
1142665,8,20230421,20230328,20230328,196,1870,49,-23071.0,-260336625.0,00446003451-45578998,2910
1142666,8,20230421,20230328,20230328,196,1870,49,-23012.0,-25967086.0,00446003451-45578994,2910
1142667,8,20230421,20230328,20230328,205,1870,49,-38966.0,-439698189.0,00446003451-45620318,2910
1142668,8,20230421,20230328,20230328,217,1870,49,-25764.0,-290724841.0,00446003451-45620569,2910
1142669,8,20230421,20230328,20230328,229,1870,49,-6392.0,-72128287.0,00446003451-45620702,2910
1142670,8,20230421,20230328,20230328,248,1870,49,-36347.0,-410145.0,00446003451-45620907,2910
1142671,8,20230421,20230328,20230328,263,1870,49,-39042.0,-440555784.0,00446003451-45621093,2910
1142672,8,20230421,20230328,20230328,279,1821,49,-3811.0,-43003896.0,00446003452-45645365,2910
1142673,8,20230421,20230328,20230328,279,1870,49,-19053.0,-21499691.0,00446003452-45645359,2910
1142674,8,20230421,20230328,20230328,287,1821,49,-1104.0,-12457702.0,00446003451-45621696,2910
1142675,8,20230421,20230328,20230328,287,1870,49,-5518.0,-6226594.0,00446003451-45621690,2910
1142676,8,20230421,20230328,20230328,308,1769,49,-5.0,-5642075.0,00446003451-45621867,2910
1142677,8,20230421,20230328,20230328,308,1870,49,-2974.0,-335590621.0,00446003451-45586926,2910
1142678,8,20230421,20230328,20230328,308,1870,49,-2974.0,-335590621.0,00446003451-45621869,2910
1142679,8,20230421,20230328,20230328,326,1769,49,-2693.0,-30388216.0,00446003451-45587020,2910
1142680,8,20230421,20230328,20230328,326,1769,49,-2686.0,-30309227.0,00446003451-45622172,2910
1142681,8,20230421,20230328,20230328,326,1769,49,-5.0,-5642075.0,00446003451-45587022,2910
1142682,8,20230421,20230328,20230328,326,1769,49,-5.0,-5642075.0,00446003451-45622174,2910
1142683,8,20230421,20230328,20230328,326,1870,49,-27205.0,-306985301.0,00446003451-45587024,2910
1142684,8,20230421,20230328,20230328,326,1870,49,-27135.0,-30619541.0,00446003451-45622176,2910
1142685,8,20230421,20230328,20230328,341,1870,49,-15083.0,-170198834.0,00446003451-45622304,2910
1142686,8,20230421,20230328,20230328,344,1870,49,-25354.0,-286098339.0,00446003451-45622398,2910
1142687,8,20230421,20230328,20230328,355,1870,49,-7819.0,-88230769.0,00446003452-45702672,2910
1142688,8,20230421,20230328,20230328,357,1769,49,-5.0,-5642075.0,00446003452-45656548,2910
1142689,8,20230421,20230328,20230328,357,1870,49,-27016.0,-304852596.0,00446003451-45593142,2910
1142690,8,20230421,20230328,20230328,357,1870,49,-27016.0,-304852596.0,00446003452-45656550,2910
1142691,8,20230421,20230328,20230328,360,1870,49,-12287.0,-138648351.0,00446003451-45602211,2910
1142692,8,20230421,20230328,20230328,361,1870,49,-1768.0,-19950377.0,00446003451-45636611,2910
1142693,8,20230421,20230328,20230328,367,1769,49,-5.0,-5642075.0,00446003451-45602247,2910
1142694,8,20230421,20230328,20230328,367,1769,49,-5.0,-5642075.0,00446003452-45702758,2910
1142695,8,20230421,20230328,20230328,367,1870,49,-18733.0,-211385982.0,00446003451-45602249,2910
1142696,8,20230421,20230328,20230328,367,1870,49,-18434.0,-208012021.0,00446003452-45702760,2910
1142697,8,20230421,20230328,20230328,368,1870,49,-4633.0,-52279467.0,00446003451-45634833,2910
1142698,8,20230421,20230328,20230328,373,1769,49,-5.0,-5642075.0,00446003451-45632672,2910
1142699,8,20230421,20230328,20230328,373,1870,49,-108.0,-12186882.0,00446003451-45591836,2910
1142700,8,20230421,20230328,20230328,373,1870,49,-108.0,-12186882.0,00446003451-45632674,2910
1142701,8,20230421,20230328,20230328,377,1870,49,-64917.0,-732533166.0,00446003452-45697079,2910
1142702,8,20230421,20230328,20230328,382,1870,49,-4991.0,-56319193.0,00446003452-45698088,2910
1142703,8,20230421,20230328,20230328,387,1870,49,-24665.0,-27832356.0,00446003452-45702940,2910
1142704,8,20230421,20230328,20230328,389,1870,49,-22953.0,-259005095.0,00446003451-45602459,2910
1142705,8,20230421,20230328,20230328,391,1870,49,-31739.0,-358147637.0,00446003452-45696238,2910
1142706,8,20230421,20230328,20230328,392,1869,49,-8.0,-902732.0,00446003451-45631021,2910
1142707,8,20230421,20230328,20230328,392,1870,49,-15498.0,-174881757.0,00446003451-45631023,2910
1142708,8,20230421,20230328,20230328,393,1870,49,-31922.0,-360212636.0,00446003452-45658930,2910
1142709,8,20230421,20230328,20230328,394,1870,49,-15108.0,-170480938.0,00446003452-45703105,2910
1142710,8,20230421,20230328,20230328,397,1821,49,-50.0,-5642075.0,00446003452-45703149,2910
917525,8,20230104,20230104,20230104,93,1821,49,-17.0,-189599.0,00446003351-41627476,2883
917526,8,20230104,20230104,20230104,93,1870,49,-45983.0,-512843801.0,00446003351-41627472,2883
917527,8,20230104,20230104,20230104,98,1821,49,-1757.0,-19595645.0,00446003351-41627492,2883
917528,8,20230104,20230104,20230104,98,1870,49,-53243.0,-593813855.0,00446003351-41627488,2883
917529,8,20230104,20230104,20230104,155,1870,49,-15439.0,-172189623.0,00446003351-41627533,2883
917530,8,20230104,20230104,20230104,322,1769,49,-5.0,-557645.0,00446003351-41627714,2883
917531,8,20230104,20230104,20230104,322,1821,49,-15633.0,-174353286.0,00446003351-41627720,2883
917532,8,20230104,20230104,20230104,322,1870,49,-15757.0,-175736245.0,00446003351-41627716,2883
917533,8,20230104,20230104,20230104,478,1950,49,15000.0,1672935.0,00000000000-41625139,2883
917534,8,20230104,20230104,20230104,490,1950,49,15000.0,1672935.0,00000000000-41625236,2883
917535,8,20230104,20230104,20230104,492,1950,49,8000.0,892232.0,00000000000-41625374,2883
917536,8,20230104,20230104,20230104,496,1950,49,138177.0,1541074263.0,00000000000-41625484,2883
918247,8,20230106,20230106,20230106,308,1870,49,-28952.0,-322898761.0,00446003358-41668727,2883
1032454,8,20230111,20230111,20230111,271,1870,49,-1265.0,-14108419.0,00446003364-41690023,2883
1033735,8,20230118,20230118,20230118,24,1769,49,-3748.0,-42292994.0,00446003379-42460540,2910
1033736,8,20230118,20230118,20230118,24,1870,49,-39449.0,-445148433.0,00446003379-42460542,2910
1033737,8,20230118,20230118,20230118,37,1870,49,-3867.0,-436358081.0,00446003379-42460621,2910
1033738,8,20230118,20230118,20230118,52,1769,49,-4159.0,-4693078.0,00446003379-42460693,2910
1033739,8,20230118,20230118,20230118,52,1870,49,-43774.0,-493952382.0,00446003379-42460695,2910
1033740,8,20230118,20230118,20230118,248,1870,49,-35941.0,-405563635.0,00446003379-42460655,2910
1033741,8,20230118,20230118,20230118,328,1821,49,-2501538.0,-2822773002.0,00446003379-42460748,2910
1033742,8,20230118,20230118,20230118,328,1870,49,-37062.0,-418213167.0,00446003379-42460744,2910
1033743,8,20230118,20230118,20230118,353,1821,49,-7162.0,-80817082.0,00446003379-42469064,2910
1033744,8,20230118,20230118,20230118,353,1870,49,-2838.0,-32024418.0,00446003379-42469060,2910
1034514,8,20230120,20230120,20230120,223,1870,49,-44441.0,-50147891.0,00446003385-42487088,2910
1034515,8,20230120,20230120,20230120,360,1870,49,-12479.0,-140814908.0,00446003385-42492595,2910
1034516,8,20230120,20230120,20230120,444,1870,49,-5381.0,-60720011.0,00446003385-42492836,2910
1034517,8,20230120,20230120,20230120,459,1870,49,-17464.0,-197066396.0,00446003385-42492862,2910
1034892,8,20230124,20230124,20230124,410,1870,49,-5256.0,-59309492.0,00446003391-42518446,2910
1142711,8,20230421,20230328,20230328,397,1870,49,-548.0,-61837142.0,00446003452-45703143,2910
1142712,8,20230421,20230328,20230328,400,1870,49,-27798.0,-313676802.0,00446003451-45634519,2910
1142713,8,20230421,20230328,20230328,404,1870,49,-72507.0,-818179864.0,00446003452-45703546,2910
1142714,8,20230421,20230328,20230328,408,1821,49,-9045.0,-1020651368.0,00446003452-45665520,2910
1142715,8,20230421,20230328,20230328,408,1870,49,-1781.0,-20097071.0,00446003452-45665514,2910
1142716,8,20230421,20230328,20230328,410,1769,49,-5.0,-5642075.0,00446003452-45703360,2910
1142717,8,20230421,20230328,20230328,410,1870,49,-5287.0,-59659301.0,00446003451-45602357,2910
1142718,8,20230421,20230328,20230328,410,1870,49,-5287.0,-59659301.0,00446003452-45703362,2910
1142719,8,20230421,20230328,20230328,412,1769,49,-5.0,-5642075.0,00446003451-45602373,2910
1142720,8,20230421,20230328,20230328,412,1821,49,-10542.0,-118957509.0,00446003452-45703376,2910
1142721,8,20230421,20230328,20230328,412,1870,49,-42269.0,-476969736.0,00446003452-45703370,2910
1142722,8,20230421,20230328,20230328,412,1870,49,-8702.0,-98194673.0,00446003451-45602369,2910
1142723,8,20230421,20230328,20230328,412,1870,49,-124.0,-13992346.0,00446003451-45602375,2910
1142724,8,20230421,20230328,20230328,418,1870,49,-21196.0,-239178843.0,00446003451-45608183,2910
1142725,8,20230421,20230328,20230328,420,1821,49,-1455773.0,-164271609.0,00446003452-45703632,2910
1142726,8,20230421,20230328,20230328,420,1870,49,-21775.0,-245712366.0,00446003452-45703626,2910
1142727,8,20230421,20230328,20230328,424,1769,49,-5.0,-5642075.0,00446003452-45666866,2910
1142728,8,20230421,20230328,20230328,424,1870,49,-7456.0,-84134622.0,00446003451-45595960,2910
1142729,8,20230421,20230328,20230328,424,1870,49,-7456.0,-84134622.0,00446003452-45666868,2910
1142730,8,20230421,20230328,20230328,432,1870,49,-7509.0,-84732682.0,00446003452-45703896,2910
1142731,8,20230421,20230328,20230328,435,1769,49,-5.0,-5642075.0,00446003452-45703910,2910
1142732,8,20230421,20230328,20230328,435,1870,49,-2902.0,-32746603.0,00446003452-45703912,2910
1142733,8,20230421,20230328,20230328,435,1870,49,-1275.0,-14387291.0,00446003451-45602483,2910
1142734,8,20230421,20230328,20230328,437,1870,49,-4733.0,-53407882.0,00446003452-45704216,2910
1142735,8,20230421,20230328,20230328,438,1870,49,-10488.0,-118348165.0,00446003452-45703938,2910
1142736,8,20230421,20230328,20230328,444,1870,49,-5402.0,-60956978.0,00446003452-45704001,2910
1142737,8,20230421,20230328,20230328,448,1870,49,-24956.0,-281607247.0,00446003452-45686532,2910
1142738,8,20230421,20230328,20230328,449,1769,49,-5.0,-5642075.0,00446003452-45677206,2910
1142739,8,20230421,20230328,20230328,449,1870,49,-2157.0,-24339912.0,00446003451-45598365,2910
1247489,8,20230503,20230428,20230428,351,1821,49,-1197256.0,-1351001629.0,00446003460-46971642,2910
1247490,8,20230503,20230428,20230428,351,1870,49,-13063.0,-147404851.0,00446003460-46971638,2910
1247491,8,20230503,20230428,20230428,355,1870,49,-7222.0,-81494131.0,00446003460-46971791,2910
1247492,8,20230503,20230428,20230428,358,1769,49,-5.0,-5642075.0,00446003460-46925227,2910
1247493,8,20230503,20230428,20230428,358,1769,49,-5.0,-5642075.0,00446003460-46971821,2910
1247494,8,20230503,20230428,20230428,358,1769,49,-5.0,-5642075.0,00446003460-46971823,2910
1247495,8,20230503,20230428,20230428,358,1870,49,-57266.0,-646198134.0,00446003460-46925229,2910
1247496,8,20230503,20230428,20230428,358,1870,49,-56864.0,-641661906.0,00446003460-46971825,2910
1247497,8,20230503,20230428,20230428,365,1769,49,-5.0,-5642075.0,00446003461-46984621,2910
1247498,8,20230503,20230428,20230428,365,1870,49,-6529.0,-73674215.0,00446003461-46984623,2910
1247499,8,20230503,20230428,20230428,368,1870,49,-4625.0,-52189194.0,00446003460-46937237,2910
1247500,8,20230503,20230428,20230428,370,1870,49,-9941.0,-112175735.0,00446003460-46971955,2910
1247501,8,20230503,20230428,20230428,372,1870,49,-2659.0,-30004555.0,00446003460-46971959,2910
1247502,8,20230503,20230428,20230428,373,1870,49,-10698.0,-120717837.0,00446003461-46983603,2910
1247503,8,20230503,20230428,20230428,377,1870,49,-64728.0,-730400461.0,00446003460-46966430,2910
1247504,8,20230503,20230428,20230428,378,1870,49,-4967.0,-56048373.0,00446003461-46984136,2910
1247505,8,20230503,20230428,20230428,382,1870,49,-4189.0,-47269304.0,00446003460-46967260,2910
1247506,8,20230503,20230428,20230428,383,1769,49,-5.0,-5642075.0,00446003460-46915635,2910
1247507,8,20230503,20230428,20230428,383,1769,49,-5.0,-5642075.0,00446003460-46928542,2910
1247508,8,20230503,20230428,20230428,383,1769,49,-5.0,-5642075.0,00446003460-46928544,2910
1247509,8,20230503,20230428,20230428,383,1870,49,-7865.0,-8874984.0,00446003460-46915637,2910
1247510,8,20230503,20230428,20230428,383,1870,49,-7799.0,-88005086.0,00446003460-46928546,2910
1247511,8,20230503,20230428,20230428,384,1870,49,-1365.0,-154028648.0,00446003460-46972175,2910
1247512,8,20230503,20230428,20230428,386,1769,49,-5.0,-5642075.0,00446003460-46972118,2910
1247513,8,20230503,20230428,20230428,386,1870,49,-61487.0,-693828531.0,00446003460-46972120,2910
1247514,8,20230503,20230428,20230428,386,1870,49,-12342.0,-139268979.0,00446003460-46925291,2910
1247515,8,20230503,20230428,20230428,387,1870,49,-24486.0,-276303697.0,00446003460-46972124,2910
1247516,8,20230503,20230428,20230428,389,1769,49,-5.0,-5642075.0,00446003460-46925403,2910
1247517,8,20230503,20230428,20230428,389,1769,49,-5.0,-5642075.0,00446003460-46925409,2910
1247518,8,20230503,20230428,20230428,389,1821,49,-9354.0,-105551939.0,00446003460-46972698,2910
1247519,8,20230503,20230428,20230428,389,1870,49,-22953.0,-259005095.0,00446003460-46925405,2910
1247520,8,20230503,20230428,20230428,389,1870,49,-18625.0,-210167294.0,00446003460-46972694,2910
1247521,8,20230503,20230428,20230428,389,1870,49,-4191.0,-47291873.0,00446003460-46925411,2910
1247522,8,20230503,20230428,20230428,393,1870,49,-3171.0,-357820397.0,00446003461-46984954,2910
1247523,8,20230503,20230428,20230428,394,1870,49,-15067.0,-170018288.0,00446003460-46972219,2910
1247524,8,20230503,20230428,20230428,396,1870,49,-21015.0,-237136412.0,00446003460-46972155,2910
1247525,8,20230503,20230428,20230428,404,1870,49,-71882.0,-81112727.0,00446003461-46991877,2910
1247526,8,20230503,20230428,20230428,412,1870,49,-43172.0,-487159324.0,00446003461-46991819,2910
1247527,8,20230503,20230428,20230428,417,1769,49,-5.0,-5642075.0,00446003461-46979617,2910
1247528,8,20230503,20230428,20230428,417,1769,49,-5.0,-5642075.0,00446003461-46984018,2910
1247529,8,20230503,20230428,20230428,417,1769,49,-5.0,-5642075.0,00446003461-46984020,2910
1247530,8,20230503,20230428,20230428,417,1870,49,-12801.0,-144448404.0,00446003461-46978583,2910
1247531,8,20230503,20230428,20230428,417,1870,49,-12801.0,-144448404.0,00446003461-46979619,2910
1247532,8,20230503,20230428,20230428,417,1870,49,-12764.0,-144030891.0,00446003461-46984022,2910
1247533,8,20230503,20230428,20230428,422,1769,49,-5.0,-5642075.0,00446003460-46972771,2910
1247534,8,20230503,20230428,20230428,422,1870,49,-35145.0,-396581452.0,00446003460-46925421,2910
1247535,8,20230503,20230428,20230428,422,1870,49,-35039.0,-395385332.0,00446003460-46972773,2910
1247536,8,20230503,20230428,20230428,424,1870,49,-6364.0,-71812331.0,00446003461-46985868,2910
1247537,8,20230503,20230428,20230428,428,1769,49,-5.0,-5642075.0,00446003460-46925441,2910
1247538,8,20230503,20230428,20230428,428,1769,49,-5.0,-5642075.0,00446003460-46972829,2910
1247539,8,20230503,20230428,20230428,428,1769,49,-5.0,-5642075.0,00446003460-46972831,2910
1247540,8,20230503,20230428,20230428,428,1870,49,-40977.0,-462390615.0,00446003460-46925443,2910
1247541,8,20230503,20230428,20230428,428,1870,49,-40335.0,-45514619.0,00446003460-46972833,2910
1247542,8,20230503,20230428,20230428,432,1870,49,-6702.0,-75626373.0,00446003461-46992004,2910
1247543,8,20230503,20230428,20230428,435,1870,49,-2899.0,-32712751.0,00446003460-46972944,2910
1247544,8,20230503,20230428,20230428,444,1821,49,-108.0,-12186882.0,00446003461-46992069,2910
1247545,8,20230503,20230428,20230428,444,1870,49,-5398.0,-60911842.0,00446003461-46992065,2910
1247546,8,20230503,20230428,20230428,448,1870,49,-24883.0,-280783504.0,00446003460-46958322,2910
1071591,8,20230324,20230222,20230222,484,1870,49,-4894.0,-552246301.0,00446003437-44079835,2910
1285381,8,20230505,20230528,20230528,6,1821,49,-3071956.0,-346644123.0,00446003465-48020152,2910
1285382,8,20230505,20230528,20230528,6,1870,49,-46751.0,-527545297.0,00446003465-48020148,2910
1285383,8,20230505,20230528,20230528,19,1870,49,-7477.0,-8437159.0,00446003466-48050789,2910
1285384,8,20230505,20230528,20230528,25,1769,49,-6709.0,-75705362.0,00446003465-48022455,2910
1285385,8,20230505,20230528,20230528,25,1870,49,-70619.0,-796875389.0,00446003465-48022457,2910
1285386,8,20230505,20230528,20230528,36,1769,49,-5.0,-5642075.0,00446003465-48028311,2910
1285387,8,20230505,20230528,20230528,36,1870,49,-43643.0,-492474158.0,00446003465-47994618,2910
1285388,8,20230505,20230528,20230528,36,1870,49,-32601.0,-367874574.0,00446003465-48028313,2910
1285389,8,20230505,20230528,20230528,36,1870,49,-10911.0,-123121361.0,00446003465-48028307,2910
1285390,8,20230505,20230528,20230528,44,1769,49,-5.0,-5642075.0,00446003465-47992244,2910
1285391,8,20230505,20230528,20230528,44,1821,49,-1224.0,-138117996.0,00446003465-48023353,2910
1285392,8,20230505,20230528,20230528,44,1870,49,-30381.0,-342823761.0,00446003465-47992240,2910
1285393,8,20230505,20230528,20230528,44,1870,49,-24745.0,-279226292.0,00446003465-48023349,2910
1285394,8,20230505,20230528,20230528,44,1870,49,-5576.0,-6292042.0,00446003465-47992246,2910
1285395,8,20230505,20230528,20230528,49,1870,49,-26578.0,-299910139.0,00446003466-48051662,2910
1285396,8,20230505,20230528,20230528,54,1769,49,-5.0,-5642075.0,00446003465-47992440,2910
1285397,8,20230505,20230528,20230528,54,1769,49,-5.0,-5642075.0,00446003465-47992450,2910
1285398,8,20230505,20230528,20230528,54,1769,49,-5.0,-5642075.0,00446003465-47992452,2910
1285399,8,20230505,20230528,20230528,54,1769,49,-417.0,-4705491.0,00446003465-47983603,2910
1285400,8,20230505,20230528,20230528,54,1769,49,-417.0,-4705491.0,00446003465-47992442,2910
1285401,8,20230505,20230528,20230528,54,1769,49,-408.0,-4603933.0,00446003465-47992454,2910
1285402,8,20230505,20230528,20230528,54,1769,49,-83.0,-936584.0,00446003465-47992444,2910
1285403,8,20230505,20230528,20230528,54,1821,49,-2719.0,-30681604.0,00446003466-48051837,2910
1285404,8,20230505,20230528,20230528,54,1870,49,-4394.0,-49582555.0,00446003465-47992446,2910
1285405,8,20230505,20230528,20230528,54,1870,49,-4122.0,-46513266.0,00446003466-48051833,2910
1285406,8,20230505,20230528,20230528,54,1870,49,-2086.0,-23538737.0,00446003465-47983599,2910
1285407,8,20230505,20230528,20230528,54,1870,49,-171.0,-192959.0,00446003465-47992456,2910
1285408,8,20230505,20230528,20230528,64,1769,49,-4165.0,-46998485.0,00446003465-48021829,2910
1285409,8,20230505,20230528,20230528,64,1870,49,-42073.0,-474758043.0,00446003465-48021831,2910
1285410,8,20230505,20230528,20230528,65,1769,49,-2583.0,-29146959.0,00446003465-48021835,2910
1285411,8,20230505,20230528,20230528,65,1870,49,-20352.0,-229655021.0,00446003465-48021837,2910
1285412,8,20230505,20230528,20230528,98,1870,49,-18041.0,-20357735.0,00446003466-48050834,2910
1285413,8,20230505,20230528,20230528,118,1870,49,-3533.0,-39866902.0,00446003465-48022260,2910
1285414,8,20230505,20230528,20230528,145,1769,49,-576.0,-649967.0,00446003465-48022616,2910
1285415,8,20230505,20230528,20230528,145,1870,49,-5814.0,-65606048.0,00446003465-48022618,2910
1285416,8,20230505,20230528,20230528,152,1870,49,-22192.0,-250417857.0,00446003466-48051081,2910
1285417,8,20230505,20230528,20230528,162,1769,49,-5.0,-5642075.0,00446003465-48022760,2910
1285418,8,20230505,20230528,20230528,162,1870,49,-47694.0,-53818625.0,00446003465-47992024,2910
1285419,8,20230505,20230528,20230528,162,1870,49,-47694.0,-53818625.0,00446003465-48022762,2910
1285420,8,20230505,20230528,20230528,166,1769,49,-5.0,-5642075.0,00446003465-47992054,2910
1285421,8,20230505,20230528,20230528,166,1769,49,-5.0,-5642075.0,00446003466-48051085,2910
1285422,8,20230505,20230528,20230528,166,1870,49,-35193.0,-397123091.0,00446003465-47992056,2910
1285423,8,20230505,20230528,20230528,166,1870,49,-34825.0,-392970524.0,00446003466-48051087,2910
1285424,8,20230505,20230528,20230528,205,1821,49,-7771.0,-8768913.0,00446003465-48023196,2910
1285425,8,20230505,20230528,20230528,205,1870,49,-38855.0,-438445648.0,00446003465-48023192,2910
1285426,8,20230505,20230528,20230528,206,1769,49,-5.0,-5642075.0,00446003465-47992152,2910
1285427,8,20230505,20230528,20230528,206,1870,49,-26284.0,-296592599.0,00446003465-47992154,2910
1285428,8,20230505,20230528,20230528,217,1870,49,-5143.0,-58034383.0,00446003465-47992204,2910
1285429,8,20230505,20230528,20230528,220,1870,49,-2724.0,-307380246.0,00446003467-48114051,2910
1285430,8,20230505,20230528,20230528,229,1870,49,-3888.0,-43872775.0,00446003466-48051430,2910
1285431,8,20230505,20230528,20230528,263,1870,49,-39841.0,-44957182.0,00446003465-48023462,2910
1285432,8,20230505,20230528,20230528,272,1870,49,-199371.0,-224973227.0,00446003465-47981189,2910
1285433,8,20230505,20230528,20230528,272,1870,49,-66198.0,-746988162.0,00446003465-47981201,2910
1285434,8,20230505,20230528,20230528,272,1870,49,-63593.0,-717592951.0,00446003465-47981197,2910
1285435,8,20230505,20230528,20230528,272,1870,49,-61219.0,-690804379.0,00446003465-47981193,2910
1285436,8,20230505,20230528,20230528,308,1821,49,-1538.0,-17355023.0,00446003466-48052083,2910
1285437,8,20230505,20230528,20230528,308,1870,49,-7688.0,-86752545.0,00446003466-48052079,2910
1285438,8,20230505,20230528,20230528,342,1870,49,-52173.0,-588727958.0,00446003466-48052534,2910
1285439,8,20230505,20230528,20230528,344,1870,49,-25279.0,-285252028.0,00446003466-48052552,2910
1285440,8,20230505,20230528,20230528,346,1870,49,-28436.0,-320876089.0,00446003466-48052695,2910
1285441,8,20230505,20230528,20230528,357,1870,49,-7231.0,-81595689.0,00446003466-48067463,2910
1285442,8,20230505,20230528,20230528,360,1769,49,-5.0,-5642075.0,00446003466-48107878,2910
1285443,8,20230505,20230528,20230528,360,1870,49,-10909.0,-123098792.0,00446003466-48107880,2910
1285444,8,20230505,20230528,20230528,365,1870,49,-6529.0,-73674215.0,00446003465-48034329,2910
1285445,8,20230505,20230528,20230528,368,1870,49,-4625.0,-52189194.0,00446003466-48064494,2910
1285446,8,20230505,20230528,20230528,375,1769,49,-1153.0,-13010625.0,00446003466-48108489,2910
1285447,8,20230505,20230528,20230528,375,1821,49,-2818.0,-31798735.0,00446003466-48108497,2910
1285448,8,20230505,20230528,20230528,375,1869,49,-8.0,-902732.0,00446003466-48108491,2910
1285449,8,20230505,20230528,20230528,375,1870,49,-12137.0,-136955729.0,00446003466-48108493,2910
1285450,8,20230505,20230528,20230528,382,1869,49,-8.0,-902732.0,00446003466-48103068,2910
1285451,8,20230505,20230528,20230528,382,1870,49,-4989.0,-56296624.0,00446003466-48103070,2910
1285452,8,20230505,20230528,20230528,383,1870,49,-7748.0,-87429594.0,00446003466-48048371,2910
1285453,8,20230505,20230528,20230528,387,1870,49,-19589.0,-221045214.0,00446003466-48108198,2910
1285454,8,20230505,20230528,20230528,394,1870,49,-15067.0,-170018288.0,00446003466-48108401,2910
1285455,8,20230505,20230528,20230528,404,1870,49,-71882.0,-81112727.0,00446003466-48108769,2910
1285456,8,20230505,20230528,20230528,407,1769,49,-5.0,-5642075.0,00446003466-48108573,2910
1285457,8,20230505,20230528,20230528,407,1870,49,-47557.0,-536640322.0,00446003466-48108575,2910
1285458,8,20230505,20230528,20230528,410,1821,49,-19318.0,-2179872097.0,00446003466-48108618,2910
1285459,8,20230505,20230528,20230528,410,1870,49,-5169.0,-58327771.0,00446003466-48108614,2910
1285460,8,20230505,20230528,20230528,413,1870,49,-1052.0,-11870926.0,00446003466-48066838,2910
1285461,8,20230505,20230528,20230528,415,1870,49,-5738.0,-64748453.0,00446003465-48025498,2910
1285462,8,20230505,20230528,20230528,417,1870,49,-12697.0,-143274853.0,00446003466-48064040,2910
1285463,8,20230505,20230528,20230528,418,1821,49,-4227.0,-47698102.0,00446003465-48012312,2910
1285464,8,20230505,20230528,20230528,418,1870,49,-21136.0,-238501794.0,00446003465-48012308,2910
1285465,8,20230505,20230528,20230528,424,1869,49,-8.0,-902732.0,00446003466-48078120,2910
1285466,8,20230505,20230528,20230528,424,1870,49,-6888.0,-77725225.0,00446003466-48078122,2910
1285467,8,20230505,20230528,20230528,428,1870,49,-31814.0,-358993948.0,00446003466-48109001,2910
1285468,8,20230505,20230528,20230528,433,1769,49,-5.0,-5642075.0,00446003465-47989273,2910
1285469,8,20230505,20230528,20230528,433,1870,49,-1109.0,-125141224.0,00446003465-47982845,2910
1285470,8,20230505,20230528,20230528,433,1870,49,-11069.0,-124904256.0,00446003465-47989275,2910
1285471,8,20230505,20230528,20230528,435,1870,49,-2899.0,-32712751.0,00446003466-48109101,2910
1285472,8,20230505,20230528,20230528,440,1821,49,-1569.0,-17704831.0,00446003466-48109204,2910
1285473,8,20230505,20230528,20230528,440,1869,49,-8.0,-902732.0,00446003466-48109198,2910
1285474,8,20230505,20230528,20230528,440,1870,49,-7045.0,-79496837.0,00446003466-48109200,2910
1285475,8,20230505,20230528,20230528,442,1769,49,-5.0,-5642075.0,00446003466-48063360,2910
1285476,8,20230505,20230528,20230528,442,1870,49,-16516.0,-186369021.0,00446003466-48063362,2910
1285477,8,20230505,20230528,20230528,452,1821,49,-1056749.0,-1192451423.0,00446003466-48109362,2910
1285478,8,20230505,20230528,20230528,452,1870,49,-37453.0,-42262527.0,00446003466-48109358,2910
1285479,8,20230505,20230528,20230528,463,1769,49,-5.0,-5642075.0,00446003465-47987553,2910
1285480,8,20230505,20230528,20230528,463,1769,49,-5.0,-5642075.0,00446003465-47987559,2910
1285481,8,20230505,20230528,20230528,463,1769,49,-5.0,-5642075.0,00446003465-48006557,2910
1285482,8,20230505,20230528,20230528,463,1769,49,-5.0,-5642075.0,00446003465-48006559,2910
1285483,8,20230505,20230528,20230528,463,1821,49,-22347.0,-2521669.0,00446003466-48109544,2910
1285484,8,20230505,20230528,20230528,463,1870,49,-36594.0,-412932185.0,00446003465-47987555,2910
1285485,8,20230505,20230528,20230528,463,1870,49,-29675.0,-334857151.0,00446003465-48006553,2910
1285486,8,20230505,20230528,20230528,463,1870,49,-22709.0,-256251762.0,00446003466-48109540,2910
1285487,8,20230505,20230528,20230528,463,1870,49,-13838.0,-156150068.0,00446003465-48006561,2910
1285488,8,20230505,20230528,20230528,463,1870,49,-6919.0,-78075034.0,00446003465-47987561,2910
1285489,8,20230505,20230528,20230528,465,1870,49,-46225.0,-521609834.0,00446003466-48109336,2910
1285490,8,20230505,20230528,20230528,468,1870,49,-14329.0,-161690585.0,00446003465-48042500,2910
1285491,8,20230505,20230528,20230528,488,1821,49,-927.0,-10460407.0,00446003465-48042508,2910
1285492,8,20230505,20230528,20230528,488,1870,49,-4635.0,-52302035.0,00446003465-48042504,2910
1285493,8,20230505,20230528,20230528,490,1769,49,-228.0,-25727862.0,00446003466-48109607,2910
1285494,8,20230505,20230528,20230528,490,1870,49,-23999.0,-270808316.0,00446003466-48109609,2910
1285495,8,20230505,20230528,20230528,494,1769,49,-5.0,-5642075.0,00446003466-48110846,2910
1142740,8,20230421,20230328,20230328,449,1870,49,-512.0,-5777485.0,00446003452-45677208,2910
1142741,8,20230421,20230328,20230328,452,1870,49,-37489.0,-423031499.0,00446003452-45704103,2910
1142742,8,20230421,20230328,20230328,454,1870,49,-30203.0,-340815182.0,00446003452-45704093,2910
1142743,8,20230421,20230328,20230328,457,1821,49,-13879.0,-156612718.0,00446003452-45704121,2910
1142744,8,20230421,20230328,20230328,457,1870,49,-69397.0,-783086158.0,00446003452-45704115,2910
1142745,8,20230421,20230328,20230328,461,1870,49,-2415.0,-27251222.0,00446003452-45650423,2910
1142746,8,20230421,20230328,20230328,463,1870,49,-36594.0,-412932185.0,00446003451-45602559,2910
1142747,8,20230421,20230328,20230328,474,1769,49,-5.0,-5642075.0,00446003452-45704322,2910
1142748,8,20230421,20230328,20230328,474,1870,49,-12561.0,-141740208.0,00446003451-45602555,2910
1142749,8,20230421,20230328,20230328,474,1870,49,-12561.0,-141740208.0,00446003452-45704324,2910
1142750,8,20230421,20230328,20230328,478,1870,49,-5134.0,-57932826.0,00446003452-45704424,2910
1142751,8,20230421,20230328,20230328,480,1870,49,-40609.0,-458238047.0,00446003452-45704270,2910
1142752,8,20230421,20230328,20230328,496,1769,49,-5.0,-5642075.0,00446003451-45604812,2910
1142753,8,20230421,20230328,20230328,496,1870,49,-2216.0,-250056764.0,00446003451-45582126,2910
1142754,8,20230421,20230328,20230328,496,1870,49,-22159.0,-25004548.0,00446003451-45604814,2910
1295402,8,20230125,20230125,20230125,52,1821,49,-15000.0,-16926225.0,00446003393-42521402,2910
1295403,8,20230125,20230125,20230125,54,1769,49,-432.0,-4874753.0,00446003393-42521405,2910
1295404,8,20230125,20230125,20230125,54,1821,49,-1002.0,-113067183.0,00446003393-42521411,2910
1295405,8,20230125,20230125,20230125,54,1870,49,-4548.0,-51320314.0,00446003393-42521407,2910
1295406,8,20230125,20230125,20230125,141,1769,49,-5.0,-5642075.0,00446003393-42521319,2910
1295407,8,20230125,20230125,20230125,141,1870,49,-30274.0,-341616357.0,00446003393-42521315,2910
1295408,8,20230125,20230125,20230125,141,1870,49,-1226.0,-13834368.0,00446003393-42521321,2910
1295409,8,20230125,20230125,20230125,372,1870,49,-24087.0,-271801321.0,00446003393-42525714,2910
1398440,8,20230103,20230103,20230103,5,1769,49,-5499.0,-61329797.0,00446003348-41603675,2883
1398441,8,20230103,20230103,20230103,5,1769,49,-5.0,-557645.0,00446003348-41603677,2883
1398442,8,20230103,20230103,20230103,5,1870,49,-56501.0,-630150003.0,00446003348-41603679,2883
1398443,8,20230103,20230103,20230103,9,1870,49,-42543.0,-474477825.0,00446003348-41603822,2883
1398444,8,20230103,20230103,20230103,36,1870,49,-52725.0,-588036653.0,00446003348-41604540,2883
1398445,8,20230103,20230103,20230103,42,1769,49,-3378.0,-37674496.0,00446003348-41604583,2883
1398446,8,20230103,20230103,20230103,42,1821,49,-4.0,-44612.0,00446003348-41604589,2883
1398447,8,20230103,20230103,20230103,42,1870,49,-34118.0,-380514642.0,00446003348-41604585,2883
1398448,8,20230103,20230103,20230103,74,1821,49,-22.0,-245364.0,00446003348-41604148,2883
1398449,8,20230103,20230103,20230103,74,1870,49,-29978.0,-334341636.0,00446003348-41604144,2883
1398450,8,20230103,20230103,20230103,86,1769,49,-2627.0,-29298668.0,00446003348-41604189,2883
1398451,8,20230103,20230103,20230103,86,1870,49,-26531.0,-29589759.0,00446003348-41604191,2883
1398452,8,20230103,20230103,20230103,205,1821,49,-2153.0,-24012194.0,00446003348-41604488,2883
1398453,8,20230103,20230103,20230103,205,1870,49,-37847.0,-422103806.0,00446003348-41604484,2883
1398454,8,20230103,20230103,20230103,220,1769,49,-5.0,-557645.0,00446003348-41604565,2883
1398455,8,20230103,20230103,20230103,220,1870,49,-26989.0,-301005618.0,00446003348-41604567,2883
1398456,8,20230103,20230103,20230103,229,1870,49,-7183.0,-80111281.0,00446003348-41604575,2883
1398457,8,20230103,20230103,20230103,269,1821,49,-1832.0,-20432113.0,00446003348-41604674,2883
1398458,8,20230103,20230103,20230103,269,1870,49,-540.0,-6022566.0,00446003348-41604666,2883
1398459,8,20230103,20230103,20230103,269,1870,49,-3168.0,-35332387.0,00446003348-41604670,2883
1398460,8,20230103,20230103,20230103,275,1769,49,-2717.0,-30302429.0,00446003348-41604681,2883
1398461,8,20230103,20230103,20230103,275,1870,49,-2744.0,-306035576.0,00446003348-41604683,2883
1398462,8,20230103,20230103,20230103,334,1821,49,-1669.0,-1861419.0,00446003348-41604924,2883
1398463,8,20230103,20230103,20230103,334,1870,49,-16331.0,-18213801.0,00446003348-41604920,2883
1398464,8,20230103,20230103,20230103,342,1870,49,-51121.0,-570147401.0,00446003348-41604963,2883
1398465,8,20230103,20230103,20230103,346,1821,49,-59.0,-658021.0,00446003348-41605004,2883
1398466,8,20230103,20230103,20230103,346,1870,49,-27641.0,-308277309.0,00446003348-41605000,2883
1398467,8,20230103,20230103,20230103,463,1950,49,34000.0,3791986.0,00000000000-41599767,2883
1398468,8,20230103,20230103,20230103,474,1950,49,10000.0,111529.0,00000000000-41599758,2883
1398469,8,20230103,20230103,20230103,476,1950,49,6800.0,7583972.0,00000000000-41599821,2883
1398470,8,20230103,20230103,20230103,482,1950,49,1600.0,1784464.0,00000000000-41599962,2883
1398471,8,20230103,20230103,20230103,484,1950,49,40000.0,446116.0,00000000000-41599908,2883
1398472,8,20230103,20230103,20230103,486,1950,49,20400.0,22751916.0,00000000000-41599899,2883
1399525,8,20230105,20230105,20230105,283,1821,49,-13553.0,-151155254.0,00446003355-41660849,2883
1399526,8,20230105,20230105,20230105,287,1821,49,-481.0,-5364545.0,00446003355-41660860,2883
1285496,8,20230505,20230528,20230528,494,1870,49,-6811.0,-76856346.0,00446003465-48006651,2910
1285497,8,20230505,20230528,20230528,494,1870,49,-6811.0,-76856346.0,00446003466-48110848,2910
1285498,8,20230505,20230528,20230528,496,1769,49,-802.0,-9049888.0,00446003465-48008747,2910
1285499,8,20230505,20230528,20230528,496,1870,49,-8442.0,-95260794.0,00446003465-48008749,2910
1368911,8,20230418,20230310,20230310,2,1870,49,-75436.0,-851231139.0,00446003445-44661347,2910
1368912,8,20230418,20230310,20230310,98,1870,49,-54339.0,-613169427.0,00446003445-44661995,2910
1368913,8,20230418,20230310,20230310,125,1821,49,-587.0,-66237961.0,00446003445-44662153,2910
1368914,8,20230418,20230310,20230310,125,1870,49,-2935.0,-331189803.0,00446003445-44662147,2910
1368915,8,20230418,20230310,20230310,141,1769,49,-5.0,-5642075.0,00446003445-44662204,2910
1368916,8,20230418,20230310,20230310,141,1870,49,-41437.0,-467581324.0,00446003445-44662206,2910
1368917,8,20230418,20230310,20230310,141,1870,49,-39893.0,-450158596.0,00446003445-44656393,2910
1368918,8,20230418,20230310,20230310,221,1769,49,-3575.0,-40340836.0,00446003445-44662445,2910
1368919,8,20230418,20230310,20230310,221,1870,49,-36109.0,-407459372.0,00446003445-44662447,2910
1368920,8,20230418,20230310,20230310,223,1870,49,-44778.0,-505281669.0,00446003445-44662455,2910
1368921,8,20230418,20230310,20230310,237,1769,49,-4976.0,-5614993.0,00446003445-44662502,2910
1368922,8,20230418,20230310,20230310,237,1870,49,-50264.0,-567186516.0,00446003445-44662504,2910
1368923,8,20230418,20230310,20230310,334,1870,49,-15495.0,-174847904.0,00446003445-44662850,2910
1368924,8,20230418,20230310,20230310,346,1821,49,-5721.0,-64556622.0,00446003445-44662911,2910
1368925,8,20230418,20230310,20230310,346,1870,49,-28607.0,-322805679.0,00446003445-44662905,2910
1368926,8,20230418,20230310,20230310,351,1870,49,-2613.0,-29485484.0,00446003445-44679628,2910
1368927,8,20230418,20230310,20230310,392,1870,49,-18776.0,-2118712.0,00446003445-44666849,2910
1368928,8,20230418,20230310,20230310,393,1821,49,-6384.0,-72038014.0,00446003445-44669905,2910
1368929,8,20230418,20230310,20230310,393,1870,49,-31922.0,-360212636.0,00446003445-44669899,2910
1368930,8,20230418,20230310,20230310,404,1870,49,-72507.0,-818179864.0,00446003445-44679906,2910
1368931,8,20230418,20230310,20230310,430,1821,49,-1162015.0,-1311235156.0,00446003445-44679986,2910
1368932,8,20230418,20230310,20230310,430,1870,49,-19205.0,-216712101.0,00446003445-44679980,2910
1368933,8,20230418,20230310,20230310,476,1870,49,-1368.0,-154367172.0,00446003445-44680141,2910
1368934,8,20230418,20230310,20230310,480,1870,49,-40674.0,-458971517.0,00446003445-44680112,2910
1370322,8,20230503,20230501,20230501,12,1870,49,-41936.0,-473212114.0,00446003462-47186842,2910
1370323,8,20230503,20230501,20230501,188,1870,49,-65457.0,-738626607.0,00446003462-47187292,2910
1370324,8,20230503,20230501,20230501,223,1870,49,-44778.0,-505281669.0,00446003462-47187463,2910
1370325,8,20230503,20230501,20230501,269,1870,49,-59067.0,-666520888.0,00446003462-47187541,2910
1370326,8,20230503,20230501,20230501,344,1870,49,-25354.0,-286098339.0,00446003462-47187847,2910
1370327,8,20230503,20230501,20230501,357,1821,49,-2002056.0,-2259150021.0,00446003462-47193881,2910
1370328,8,20230503,20230501,20230501,357,1870,49,-26883.0,-303351804.0,00446003462-47193877,2910
1370329,8,20230503,20230501,20230501,392,1769,49,-5.0,-5642075.0,00446003462-47191986,2910
1370330,8,20230503,20230501,20230501,392,1870,49,-19487.0,-219894231.0,00446003462-47191988,2910
1370331,8,20230503,20230501,20230501,392,1870,49,-4075.0,-45982911.0,00446003462-47180711,2910
1370332,8,20230503,20230501,20230501,407,1769,49,-5.0,-5642075.0,00446003462-47204037,2910
1370333,8,20230503,20230501,20230501,407,1870,49,-48049.0,-542192123.0,00446003462-47183233,2910
1370334,8,20230503,20230501,20230501,407,1870,49,-47931.0,-540860594.0,00446003462-47204039,2910
1370335,8,20230503,20230501,20230501,415,1769,49,-5.0,-5642075.0,00446003462-47180137,2910
1370336,8,20230503,20230501,20230501,415,1769,49,-5.0,-5642075.0,00446003462-47189033,2910
1370337,8,20230503,20230501,20230501,415,1769,49,-5.0,-5642075.0,00446003462-47189035,2910
1370338,8,20230503,20230501,20230501,415,1870,49,-7265.0,-8197935.0,00446003462-47178239,2910
1370339,8,20230503,20230501,20230501,415,1870,49,-7265.0,-8197935.0,00446003462-47180139,2910
1370340,8,20230503,20230501,20230501,415,1870,49,-7211.0,-81370006.0,00446003462-47189037,2910
1370341,8,20230503,20230501,20230501,465,1870,49,-47113.0,-531630159.0,00446003462-47204240,2910
1370342,8,20230503,20230501,20230501,496,1821,49,-1358951.0,-1533460693.0,00446003462-47183826,2910
1370343,8,20230503,20230501,20230501,496,1870,49,-22018.0,-248454415.0,00446003462-47183822,2910
1372138,8,20230505,20230523,20230523,11,1870,49,-18498.0,-208734207.0,00446003464-47938046,2910
1372139,8,20230505,20230523,20230523,14,1769,49,-5.0,-5642075.0,00446003464-47938801,2910
1372140,8,20230505,20230523,20230523,14,1870,49,-55844.0,-630152073.0,00446003464-47922125,2910
1372141,8,20230505,20230523,20230523,14,1870,49,-55844.0,-630152073.0,00446003464-47938803,2910
1372142,8,20230505,20230523,20230523,15,1769,49,-4191.0,-47291873.0,00446003464-47918575,2910
1372143,8,20230505,20230523,20230523,15,1769,49,-4159.0,-4693078.0,00446003464-47918583,2910
1372144,8,20230505,20230523,20230523,15,1769,49,-4137.0,-46682529.0,00446003464-47922145,2910
1372145,8,20230505,20230523,20230523,15,1769,49,-5.0,-5642075.0,00446003464-47918577,2910
1372146,8,20230505,20230523,20230523,15,1769,49,-5.0,-5642075.0,00446003464-47918585,2910
1372147,8,20230505,20230523,20230523,15,1769,49,-5.0,-5642075.0,00446003464-47918587,2910
1372148,8,20230505,20230523,20230523,15,1769,49,-5.0,-5642075.0,00446003464-47922147,2910
1372149,8,20230505,20230523,20230523,15,1769,49,-5.0,-5642075.0,00446003464-47922149,2910
1372150,8,20230505,20230523,20230523,15,1821,49,-28226.0,-318506418.0,00446003464-47938883,2910
1372151,8,20230505,20230523,20230523,15,1870,49,-42337.0,-477737059.0,00446003464-47918579,2910
1372152,8,20230505,20230523,20230523,15,1870,49,-37765.0,-426145925.0,00446003464-47922141,2910
1372153,8,20230505,20230523,20230523,15,1870,49,-28088.0,-316949205.0,00446003464-47938879,2910
1372154,8,20230505,20230523,20230523,15,1870,49,-13703.0,-154626707.0,00446003464-47922151,2910
1372155,8,20230505,20230523,20230523,15,1870,49,-4247.0,-47923785.0,00446003464-47918589,2910
1372156,8,20230505,20230523,20230523,22,1769,49,-5.0,-5642075.0,00446003464-47939124,2910
1372157,8,20230505,20230523,20230523,22,1870,49,-74465.0,-84027423.0,00446003464-47939126,2910
1372158,8,20230505,20230523,20230523,22,1870,49,-14913.0,-168280529.0,00446003464-47922203,2910
1372159,8,20230505,20230523,20230523,24,1769,49,-3776.0,-4260895.0,00446003464-47939152,2910
1372160,8,20230505,20230523,20230523,24,1870,49,-39747.0,-44851111.0,00446003464-47939154,2910
1372161,8,20230505,20230523,20230523,42,1769,49,-3487.0,-39347831.0,00446003464-47922377,2910
1372162,8,20230505,20230523,20230523,42,1769,49,-3475.0,-39212421.0,00446003464-47939857,2910
1372163,8,20230505,20230523,20230523,42,1769,49,-5.0,-5642075.0,00446003464-47922379,2910
1372164,8,20230505,20230523,20230523,42,1769,49,-5.0,-5642075.0,00446003464-47939859,2910
1372165,8,20230505,20230523,20230523,42,1769,49,-5.0,-5642075.0,00446003464-47939861,2910
1372166,8,20230505,20230523,20230523,42,1870,49,-24244.0,-273572933.0,00446003464-47922381,2910
1372167,8,20230505,20230523,20230523,42,1870,49,-16213.0,-182949924.0,00446003464-47939863,2910
1372168,8,20230505,20230523,20230523,42,1870,49,-12538.0,-141480673.0,00446003464-47918655,2910
1372169,8,20230505,20230523,20230523,42,1870,49,-10975.0,-123843546.0,00446003464-47939853,2910
1372170,8,20230505,20230523,20230523,42,1870,49,-3134.0,-35364526.0,00446003464-47922373,2910
1372171,8,20230505,20230523,20230523,50,1870,49,-45308.0,-511262268.0,00446003464-47940249,2910
1372172,8,20230505,20230523,20230523,52,1769,49,-4004.0,-45181737.0,00446003464-47940259,2910
1372173,8,20230505,20230523,20230523,52,1821,49,-855887.0,-9657957291.0,00446003464-47940265,2910
1372174,8,20230505,20230523,20230523,52,1870,49,-42151.0,-475638207.0,00446003464-47940261,2910
1372175,8,20230505,20230523,20230523,74,1821,49,-9094.0,-10261806.0,00446003464-47938876,2910
1372176,8,20230505,20230523,20230523,74,1870,49,-45469.0,-513079016.0,00446003464-47938872,2910
1372177,8,20230505,20230523,20230523,95,1870,49,-25449.0,-287170333.0,00446003464-47938963,2910
1372178,8,20230505,20230523,20230523,112,1769,49,-6313.0,-71236839.0,00446003464-47939027,2910
1372179,8,20230505,20230523,20230523,112,1869,49,-8.0,-902732.0,00446003464-47939029,2910
1372180,8,20230505,20230523,20230523,112,1870,49,-63772.0,-719612814.0,00446003464-47939031,2910
1372181,8,20230505,20230523,20230523,121,1769,49,-5.0,-5642075.0,00446003464-47939068,2910
1372182,8,20230505,20230523,20230523,121,1870,49,-30947.0,-34921059.0,00446003464-47939070,2910
1372183,8,20230505,20230523,20230523,121,1870,49,-6318.0,-7129326.0,00446003464-47922195,2910
1372184,8,20230505,20230523,20230523,141,1821,49,-2668978.0,-301171481.0,00446003464-47939280,2910
1372185,8,20230505,20230523,20230523,141,1870,49,-4117.0,-464568456.0,00446003464-47939276,2910
1372186,8,20230505,20230523,20230523,183,1769,49,-3533.0,-39866902.0,00446003464-47939455,2910
1372187,8,20230505,20230523,20230523,183,1870,49,-27839.0,-314139452.0,00446003464-47939457,2910
1372188,8,20230505,20230523,20230523,219,1769,49,-5.0,-5642075.0,00446003464-47918649,2910
1372189,8,20230505,20230523,20230523,219,1870,49,-24687.0,-278571811.0,00446003464-47918651,2910
1372190,8,20230505,20230523,20230523,221,1769,49,-3575.0,-40340836.0,00446003464-47922367,2910
1372191,8,20230505,20230523,20230523,221,1870,49,-36109.0,-407459372.0,00446003464-47922369,2910
1372192,8,20230505,20230523,20230523,237,1769,49,-4939.0,-55732417.0,00446003464-47939891,2910
1372193,8,20230505,20230523,20230523,237,1870,49,-49885.0,-562909823.0,00446003464-47939893,2910
1372194,8,20230505,20230523,20230523,248,1870,49,-5139.0,-57989247.0,00446003464-47939948,2910
1372195,8,20230505,20230523,20230523,269,1870,49,-58854.0,-664117364.0,00446003464-47940030,2910
1372196,8,20230505,20230523,20230523,322,1870,49,-15237.0,-171936594.0,00446003464-47940632,2910
1372197,8,20230505,20230523,20230523,326,1769,49,-2673.0,-30162533.0,00446003464-47940656,2910
1372198,8,20230505,20230523,20230523,326,1821,49,-134552.0,-1518304951.0,00446003464-47940662,2910
1372199,8,20230505,20230523,20230523,326,1870,49,-26997.0,-304638198.0,00446003464-47940658,2910
1372200,8,20230505,20230523,20230523,341,1870,49,-18758.0,-211668086.0,00446003464-47940689,2910
1372201,8,20230505,20230523,20230523,377,1870,49,-64728.0,-730400461.0,00446003464-47973373,2910
1372202,8,20230505,20230523,20230523,380,1870,49,-8364.0,-94380631.0,00446003464-47976153,2910
1372203,8,20230505,20230523,20230523,391,1769,49,-5.0,-5642075.0,00446003464-47972874,2910
1372204,8,20230505,20230523,20230523,391,1870,49,-25297.0,-285455143.0,00446003464-47928635,2910
1372205,8,20230505,20230523,20230523,391,1870,49,-18873.0,-212965763.0,00446003464-47972876,2910
1372206,8,20230505,20230523,20230523,391,1870,49,-6324.0,-71360965.0,00446003464-47972870,2910
1372207,8,20230505,20230523,20230523,392,1769,49,-5.0,-5642075.0,00446003464-47949289,2910
1372208,8,20230505,20230523,20230523,392,1870,49,-19459.0,-219578275.0,00446003464-47949291,2910
1372209,8,20230505,20230523,20230523,393,1769,49,-3012.0,-3398786.0,00446003464-47955425,2910
1372210,8,20230505,20230523,20230523,393,1870,49,-3171.0,-357820397.0,00446003464-47955427,2910
1372211,8,20230505,20230523,20230523,400,1870,49,-27764.0,-313293141.0,00446003464-47951930,2910
1372212,8,20230505,20230523,20230523,422,1870,49,-34831.0,-393038229.0,00446003464-47976793,2910
1372213,8,20230505,20230523,20230523,432,1821,49,-176743.0,-1994394523.0,00446003464-47976892,2910
1372214,8,20230505,20230523,20230523,432,1869,49,-8.0,-902732.0,00446003464-47976886,2910
1372215,8,20230505,20230523,20230523,432,1870,49,-7502.0,-84653693.0,00446003464-47976888,2910
1372216,8,20230505,20230523,20230523,446,1821,49,-502773.0,-5673365948.0,00446003464-47948864,2910
1372217,8,20230505,20230523,20230523,446,1870,49,-7628.0,-86075496.0,00446003464-47948860,2910
1372218,8,20230505,20230523,20230523,448,1870,49,-24883.0,-280783504.0,00446003464-47968781,2910
1372219,8,20230505,20230523,20230523,450,1769,49,-1394.0,-15730105.0,00446003464-47976951,2910
1372220,8,20230505,20230523,20230523,450,1821,49,-997906.0,-1126052099.0,00446003464-47976957,2910
1372221,8,20230505,20230523,20230523,450,1870,49,-14669.0,-165527196.0,00446003464-47976953,2910
1372222,8,20230505,20230523,20230523,454,1870,49,-30936.0,-349086464.0,00446003464-47977019,2910
1372223,8,20230505,20230523,20230523,457,1769,49,-5.0,-5642075.0,00446003464-47977041,2910
1372224,8,20230505,20230523,20230523,457,1870,49,-52439.0,-591729542.0,00446003464-47977043,2910
1372225,8,20230505,20230523,20230523,457,1870,49,-11062.0,-124825267.0,00446003464-47929489,2910
1372226,8,20230505,20230523,20230523,457,1870,49,-2765.0,-31200675.0,00446003464-47977037,2910
1372227,8,20230505,20230523,20230523,466,1870,49,-3118.0,-3518398.0,00446003464-47968371,2910
1372228,8,20230505,20230523,20230523,472,1821,49,-2903.0,-32757887.0,00446003464-47977340,2910
1372229,8,20230505,20230523,20230523,472,1870,49,-14517.0,-163812006.0,00446003464-47977336,2910
1372230,8,20230505,20230523,20230523,482,1769,49,-5.0,-5642075.0,00446003464-47977134,2910
1372231,8,20230505,20230523,20230523,482,1870,49,-7667.0,-86515578.0,00446003464-47929501,2910
1372232,8,20230505,20230523,20230523,482,1870,49,-7664.0,-86481726.0,00446003464-47977136,2910
1247547,8,20230503,20230428,20230428,451,1821,49,-3903.0,-44042037.0,00446003461-46992156,2910
1247548,8,20230503,20230428,20230428,451,1870,49,-19516.0,-220221471.0,00446003461-46992152,2910
1247549,8,20230503,20230428,20230428,457,1870,49,-55308.0,-624103768.0,00446003460-46973207,2910
1247550,8,20230503,20230428,20230428,468,1870,49,-14329.0,-161690585.0,00446003461-46992254,2910
1247551,8,20230503,20230428,20230428,474,1870,49,-12457.0,-140566657.0,00446003460-46973302,2910
1247552,8,20230503,20230428,20230428,484,1870,49,-47962.0,-541210402.0,00446003460-46973347,2910
1247553,8,20230503,20230428,20230428,488,1870,49,-4648.0,-52448729.0,00446003460-46973219,2910
1247554,8,20230503,20230428,20230428,490,1769,49,-5.0,-5642075.0,00446003460-46973369,2910
1247555,8,20230503,20230428,20230428,490,1769,49,-5.0,-5642075.0,00446003460-46973371,2910
1247556,8,20230503,20230428,20230428,490,1870,49,-23999.0,-270808316.0,00446003460-46973373,2910
1247557,8,20230503,20230428,20230428,490,1870,49,-5872.0,-66260529.0,00446003460-46925549,2910
1247558,8,20230503,20230428,20230428,498,1870,49,-5482.0,-6185971.0,00446003460-46973479,2910
1331351,8,20230210,20230210,20230210,162,1870,49,-47317.0,-533932126.0,00446003429-43255828,2910
1331352,8,20230210,20230210,20230210,461,1821,49,-2132.0,-24057808.0,00446003429-43257692,2910
1331353,8,20230210,20230210,20230210,461,1870,49,-42868.0,-483728942.0,00446003429-43257688,2910
1331354,8,20230210,20230210,20230210,470,1821,49,-1742362.0,-1966107416.0,00446003429-43257699,2910
1432367,8,20230117,20230117,20230117,15,1769,49,-4152.0,-46851791.0,00446003376-42440207,2910
1432368,8,20230117,20230117,20230117,15,1870,49,-41941.0,-473268535.0,00446003376-42440209,2910
1432369,8,20230117,20230117,20230117,17,1870,49,-51488.0,-580998315.0,00446003376-42440230,2910
1432370,8,20230117,20230117,20230117,111,1870,49,-19329.0,-218111335.0,00446003376-42440250,2910
1432371,8,20230117,20230117,20230117,139,1769,49,-198.0,-22342617.0,00446003376-42440302,2910
1432372,8,20230117,20230117,20230117,139,1821,49,-3025.0,-34134554.0,00446003376-42440308,2910
1432373,8,20230117,20230117,20230117,139,1870,49,-19995.0,-225626579.0,00446003376-42440304,2910
1432374,8,20230117,20230117,20230117,263,1821,49,-671.0,-7571665.0,00446003376-42440479,2910
1432375,8,20230117,20230117,20230117,263,1870,49,-39329.0,-443794335.0,00446003376-42440475,2910
1432376,8,20230117,20230117,20230117,271,1821,49,-226.0,-2550218.0,00446003376-42440486,2910
1432377,8,20230117,20230117,20230117,271,1870,49,-21274.0,-240059007.0,00446003376-42440482,2910
1432378,8,20230117,20230117,20230117,378,1821,49,-590978.0,-6668684399.0,00446003376-42454956,2910
1432379,8,20230117,20230117,20230117,378,1870,49,-9022.0,-101805601.0,00446003376-42454952,2910
1432380,8,20230117,20230117,20230117,384,1870,49,-13567.0,-153092063.0,00446003376-42454959,2910
1432381,8,20230117,20230117,20230117,399,1870,49,-7471.0,-84303885.0,00446003376-42455023,2910
1432382,8,20230117,20230117,20230117,408,1821,49,-2232.0,-25186223.0,00446003376-42455086,2910
1432383,8,20230117,20230117,20230117,408,1870,49,-1768.0,-19950377.0,00446003376-42455082,2910
1432384,8,20230117,20230117,20230117,420,1870,49,-21697.0,-244832203.0,00446003376-42455162,2910
1432385,8,20230117,20230117,20230117,428,1870,49,-40692.0,-459174632.0,00446003376-42455181,2910
1432386,8,20230117,20230117,20230117,440,1870,49,-7039.0,-79429132.0,00446003376-42455215,2910
1432387,8,20230117,20230117,20230117,468,1870,49,-14134.0,-159490176.0,00446003376-42455276,2910
1434964,8,20230128,20230128,20230128,91,1870,49,-29905.0,-337452506.0,00446003402-42547555,2910
1434965,8,20230128,20230128,20230128,91,1870,49,-95.0,-1071994.0,00446003402-42547559,2910
1434966,8,20230128,20230128,20230128,334,1821,49,-1741.0,-19645705.0,00446003402-42547846,2910
1434967,8,20230128,20230128,20230128,334,1870,49,-16259.0,-183468995.0,00446003402-42547842,2910
1434968,8,20230128,20230128,20230128,342,1821,49,-57.0,-643197.0,00446003402-42547857,2910
1434969,8,20230128,20230128,20230128,342,1870,49,-51643.0,-582747358.0,00446003402-42547853,2910
1434970,8,20230128,20230128,20230128,391,1870,49,-31317.0,-353385726.0,00446003402-42555700,2910
1434971,8,20230128,20230128,20230128,404,1870,49,-71568.0,-807584047.0,00446003402-42555766,2910
1434972,8,20230128,20230128,20230128,415,1870,49,-7213.0,-81392574.0,00446003402-42555813,2910
1434973,8,20230128,20230128,20230128,424,1870,49,-7435.0,-83897655.0,00446003402-42555859,2910
1434974,8,20230128,20230128,20230128,465,1870,49,-46907.0,-529305624.0,00446003402-42555982,2910
1434975,8,20230128,20230128,20230128,496,1821,49,-88.0,-993005.0,00446003402-42556026,2910
1434976,8,20230128,20230128,20230128,496,1870,49,-21912.0,-247258295.0,00446003402-42556022,2910
1445846,8,20230114,20230114,20230114,8,1821,49,-210.0,-2342109.0,00446003372-41707507,2883
1445847,8,20230114,20230114,20230114,59,1821,49,-478778.0,-5339763156.0,00446003372-41707793,2883
1445848,8,20230114,20230114,20230114,65,1769,49,-2529.0,-28205684.0,00446003372-41707570,2883
1445849,8,20230114,20230114,20230114,65,1870,49,-25542.0,-284867372.0,00446003372-41707572,2883
1445850,8,20230114,20230114,20230114,145,1769,49,-16.0,-178446.0,00446003372-41707628,2883
1445851,8,20230114,20230114,20230114,145,1821,49,-244.0,-2721308.0,00446003372-41707634,2883
1445852,8,20230114,20230114,20230114,145,1870,49,-624.0,-69594096.0,00446003372-41707630,2883
1445853,8,20230114,20230114,20230114,152,1821,49,-221.0,-24647909.0,00446003372-41707637,2883
1468882,8,20230202,20230202,20230202,86,1769,49,-2627.0,-29643462.0,00446003412-43167703,2910
1468883,8,20230202,20230202,20230202,86,1870,49,-26538.0,-299458773.0,00446003412-43167705,2910
1468884,8,20230202,20230202,20230202,205,1821,49,-1494.0,-1685852.0,00446003412-43167917,2910
1468885,8,20230202,20230202,20230202,205,1870,49,-38506.0,-43450748.0,00446003412-43167913,2910
1468886,8,20230202,20230202,20230202,257,1870,49,-35367.0,-399086533.0,00446003412-43167977,2910
1468887,8,20230202,20230202,20230202,275,1769,49,-2721.0,-30704172.0,00446003412-43168019,2910
1468888,8,20230202,20230202,20230202,275,1870,49,-27482.0,-31011101.0,00446003412-43168021,2910
1468889,8,20230202,20230202,20230202,283,1870,49,-13603.0,-153498292.0,00446003412-43168080,2910
1468890,8,20230202,20230202,20230202,380,1870,49,-8518.0,-9611839.0,00446003412-43180509,2910
1468891,8,20230202,20230202,20230202,382,1870,49,-4978.0,-56172499.0,00446003412-43180525,2910
1468892,8,20230202,20230202,20230202,389,1870,49,-22618.0,-255224905.0,00446003412-43180563,2910
1468893,8,20230202,20230202,20230202,392,1821,49,-159.0,-179418.0,00446003412-43180586,2910
1468894,8,20230202,20230202,20230202,392,1870,49,-19341.0,-218246745.0,00446003412-43180582,2910
1468895,8,20230202,20230202,20230202,412,1870,49,-43035.0,-485613395.0,00446003412-43180687,2910
1468896,8,20230202,20230202,20230202,414,1821,49,-347.0,-39156.0,00446003412-43180695,2910
1468897,8,20230202,20230202,20230202,414,1870,49,-22153.0,-249977775.0,00446003412-43180691,2910
1468898,8,20230202,20230202,20230202,433,1870,49,-11019.0,-124340049.0,00446003412-43180767,2910
1468899,8,20230202,20230202,20230202,466,1870,49,-3892.0,-43917912.0,00446003412-43180837,2910
1468900,8,20230202,20230202,20230202,484,1870,49,-48172.0,-543580074.0,00446003412-43180875,2910
1468901,8,20230202,20230202,20230202,492,1870,49,-25734.0,-290386316.0,00446003412-43180901,2910
1469394,8,20230203,20230203,20230203,64,1769,49,-4336.0,-48928074.0,00446003415-43184549,2910
1469395,8,20230203,20230203,20230203,64,1870,49,-43796.0,-494200633.0,00446003415-43184551,2910
1469396,8,20230203,20230203,20230203,221,1769,49,-3564.0,-40216711.0,00446003415-43184693,2910
1469397,8,20230203,20230203,20230203,221,1870,49,-36002.0,-406251968.0,00446003415-43184695,2910
1469398,8,20230203,20230203,20230203,361,1870,49,-11929.0,-134608625.0,00446003415-43191523,2910
1469399,8,20230203,20230203,20230203,365,1870,49,-6512.0,-73482385.0,00446003415-43191561,2910
1469400,8,20230203,20230203,20230203,383,1821,49,-181.0,-2042431.0,00446003415-43191585,2910
1469401,8,20230203,20230203,20230203,383,1870,49,-7819.0,-88230769.0,00446003415-43191581,2910
1469402,8,20230203,20230203,20230203,387,1870,49,-24537.0,-276879189.0,00446003415-43191592,2910
1445854,8,20230114,20230114,20230114,494,1950,49,3000.0,334587.0,00000000000-41706428,2883
1447176,8,20230119,20230119,20230119,394,1821,49,-66.0,-744754.0,00446003381-42481606,2910
1447177,8,20230119,20230119,20230119,394,1870,49,-14934.0,-168517496.0,00446003381-42481602,2910
1447178,8,20230119,20230119,20230119,450,1870,49,-14511.0,-163744301.0,00446003381-42481858,2910
1448938,8,20230131,20230131,20230131,12,1870,49,-41602.0,-469443208.0,00446003406-42569017,2910
1448939,8,20230131,20230131,20230131,19,1870,49,-49495.0,-558509004.0,00446003406-42569357,2910
1448940,8,20230131,20230131,20230131,25,1870,49,-49977.0,-563947965.0,00446003406-42569523,2910
1448941,8,20230131,20230131,20230131,56,1769,49,-3235.0,-36504225.0,00446003406-42570074,2910
1448942,8,20230131,20230131,20230131,56,1870,49,-3405.0,-384225308.0,00446003406-42570076,2910
1448943,8,20230131,20230131,20230131,101,1821,49,-3771.0,-4255253.0,00446003406-42569369,2910
1448944,8,20230131,20230131,20230131,101,1870,49,-46229.0,-52165497.0,00446003406-42569365,2910
1448945,8,20230131,20230131,20230131,118,1870,49,-35294.0,-39826279.0,00446003406-42569438,2910
1448946,8,20230131,20230131,20230131,125,1870,49,-28986.0,-327082372.0,00446003406-42569500,2910
1448947,8,20230131,20230131,20230131,135,1870,49,-25671.0,-289675415.0,00446003406-42569531,2910
1448948,8,20230131,20230131,20230131,217,1870,49,-25558.0,-288400306.0,00446003406-42569805,2910
1448949,8,20230131,20230131,20230131,219,1870,49,-24367.0,-274960883.0,00446003406-42569809,2910
1448950,8,20230131,20230131,20230131,237,1769,49,-4924.0,-55563155.0,00446003406-42569847,2910
1448951,8,20230131,20230131,20230131,237,1870,49,-49733.0,-561194632.0,00446003406-42569849,2910
1448952,8,20230131,20230131,20230131,244,1870,49,-38676.0,-436425785.0,00446003406-42569857,2910
1448953,8,20230131,20230131,20230131,287,1821,49,-3975.0,-44854496.0,00446003406-42570051,2910
1448954,8,20230131,20230131,20230131,287,1870,49,-6025.0,-67987004.0,00446003406-42570047,2910
1448955,8,20230131,20230131,20230131,351,1870,49,-12883.0,-145373704.0,00446003406-42595804,2910
1448956,8,20230131,20230131,20230131,357,1870,49,-26633.0,-300530767.0,00446003406-42595832,2910
1448957,8,20230131,20230131,20230131,370,1870,49,-9918.0,-1119162.0,00446003406-42595902,2910
1448958,8,20230131,20230131,20230131,375,1870,49,-12135.0,-13693316.0,00446003406-42595937,2910
1448959,8,20230131,20230131,20230131,377,1870,49,-64115.0,-723483277.0,00446003406-42595945,2910
1448960,8,20230131,20230131,20230131,396,1870,49,-20904.0,-235883872.0,00446003406-42596099,2910
1448961,8,20230131,20230131,20230131,397,1870,49,-19397.0,-218878658.0,00446003406-42596107,2910
1448962,8,20230131,20230131,20230131,407,1870,49,-47537.0,-536414639.0,00446003406-42596169,2910
1448963,8,20230131,20230131,20230131,418,1870,49,-20947.0,-23636909.0,00446003406-42596380,2910
1448964,8,20230131,20230131,20230131,422,1870,49,-34686.0,-391402027.0,00446003406-42596400,2910
1448965,8,20230131,20230131,20230131,432,1870,49,-7479.0,-84394158.0,00446003406-42596466,2910
1448966,8,20230131,20230131,20230131,437,1870,49,-38033.0,-429170077.0,00446003406-42596494,2910
1448967,8,20230131,20230131,20230131,457,1870,49,-6829.0,-770594604.0,00446003406-42596551,2910
1448968,8,20230131,20230131,20230131,463,1870,49,-36006.0,-406297105.0,00446003406-42596567,2910
1448969,8,20230131,20230131,20230131,470,1870,49,-80644.0,-909998993.0,00446003406-42596612,2910
1448970,8,20230131,20230131,20230131,480,1821,49,-40047.0,-451896355.0,00446003406-42596658,2910
1448971,8,20230131,20230131,20230131,480,1870,49,-40047.0,-451896355.0,00446003406-42596654,2910
1448972,8,20230131,20230131,20230131,486,1821,49,-38.0,-428798.0,00446003406-42596665,2910
1448973,8,20230131,20230131,20230131,486,1870,49,-48962.0,-552494552.0,00446003406-42596661,2910
1448974,8,20230131,20230131,20230131,490,1870,49,-23826.0,-268856158.0,00446003406-42596707,2910
1448975,8,20230131,20230131,20230131,498,1870,49,-5551.0,-62638317.0,00446003406-42596730,2910
1450307,8,20230113,20230113,20230113,71,1769,49,-3289.0,-36681888.0,00446003369-41701814,2883
1450308,8,20230113,20230113,20230113,71,1769,49,-5.0,-557645.0,00446003369-41701816,2883
1450309,8,20230113,20230113,20230113,71,1870,49,-3322.0,-370499338.0,00446003369-41701818,2883
1450310,8,20230113,20230113,20230113,194,1870,49,-38329.0,-427479504.0,00446003369-41701830,2883
1452263,8,20230121,20230121,20230121,229,1870,49,-7187.0,-81099186.0,00446003388-42496155,2910
1452264,8,20230121,20230121,20230121,322,1870,49,-15303.0,-172681347.0,00446003388-42496244,2910
1452265,8,20230121,20230121,20230121,344,1870,49,-25035.0,-282498695.0,00446003388-42496279,2910
1452266,8,20230121,20230121,20230121,358,1821,49,-211.0,-2380956.0,00446003388-42503977,2910
1452267,8,20230121,20230121,20230121,358,1870,49,-56789.0,-640815594.0,00446003388-42503973,2910
1452268,8,20230121,20230121,20230121,393,1870,49,-31747.0,-35823791.0,00446003388-42504052,2910
1452269,8,20230121,20230121,20230121,413,1870,49,-5153.0,-58147225.0,00446003388-42504084,2910
1452270,8,20230121,20230121,20230121,430,1870,49,-190.0,-21439885.0,00446003388-42504163,2910
1452271,8,20230121,20230121,20230121,446,1870,49,-7567.0,-85387163.0,00446003388-42504187,2910
1452272,8,20230121,20230121,20230121,476,1870,49,-14391.0,-162390203.0,00446003388-42504250,2910
1453467,8,20230127,20230127,20230127,107,1769,49,-5.0,-5642075.0,00446003400-42538365,2910
1453468,8,20230127,20230127,20230127,107,1769,49,-5.0,-5642075.0,00446003400-42538367,2910
1469403,8,20230203,20230203,20230203,405,1870,49,-5058.0,-57075231.0,00446003415-43191615,2910
1469404,8,20230203,20230203,20230203,442,1870,49,-1636.0,-184608694.0,00446003415-43191678,2910
1469405,8,20230203,20230203,20230203,449,1821,49,-455714.0,-5142345133.0,00446003415-43191690,2910
1469406,8,20230203,20230203,20230203,449,1870,49,-6768.0,-76371127.0,00446003415-43191686,2910
1469971,8,20230207,20230207,20230207,71,1769,49,-3305.0,-37294116.0,00446003421-43225980,2910
1469972,8,20230207,20230207,20230207,71,1769,49,-5.0,-5642075.0,00446003421-43225982,2910
1469973,8,20230207,20230207,20230207,71,1769,49,-5.0,-5642075.0,00446003421-43225984,2910
1469974,8,20230207,20230207,20230207,71,1870,49,-33381.0,-376676211.0,00446003421-43225986,2910
1469975,8,20230207,20230207,20230207,184,1870,49,-10645.0,-120119777.0,00446003421-43226065,2910
1469976,8,20230207,20230207,20230207,325,1870,49,-8994.0,-101489645.0,00446003421-43226174,2910
1469977,8,20230207,20230207,20230207,341,1769,49,-5.0,-5642075.0,00446003421-43226178,2910
1469978,8,20230207,20230207,20230207,341,1769,49,-5.0,-5642075.0,00446003421-43226180,2910
1469979,8,20230207,20230207,20230207,341,1870,49,-18579.0,-209648223.0,00446003421-43226182,2910
1469980,8,20230207,20230207,20230207,408,1821,49,-100.0,-1128415.0,00446003421-43231556,2910
1469981,8,20230207,20230207,20230207,420,1821,49,-21697.0,-244832203.0,00446003421-43231607,2910
1484186,8,20230209,20230209,20230209,17,1821,49,-3240885.0,-3657063247.0,00446003426-43248922,2910
1484187,8,20230209,20230209,20230209,373,1870,49,-1069.0,-120627564.0,00446003426-43251255,2910
1486652,8,20230201,20230201,20230201,14,1870,49,-55258.0,-623539561.0,00446003408-42804323,2910
1486653,8,20230201,20230201,20230201,22,1870,49,-74139.0,-836595597.0,00446003408-42804425,2910
1486654,8,20230201,20230201,20230201,44,1870,49,-30123.0,-33991245.0,00446003408-42804669,2910
1486655,8,20230201,20230201,20230201,49,1821,49,-92.0,-1038142.0,00446003408-42804756,2910
1486656,8,20230201,20230201,20230201,49,1870,49,-26408.0,-297991833.0,00446003408-42804752,2910
1486657,8,20230201,20230201,20230201,95,1870,49,-25263.0,-285071481.0,00446003408-42804362,2910
1486658,8,20230201,20230201,20230201,98,1821,49,-1385.0,-15628548.0,00446003408-42804374,2910
1486659,8,20230201,20230201,20230201,98,1870,49,-53615.0,-604999702.0,00446003408-42804370,2910
1486660,8,20230201,20230201,20230201,166,1870,49,-35376.0,-39918809.0,00446003408-42804521,2910
1486661,8,20230201,20230201,20230201,177,1870,49,-54449.0,-614410683.0,00446003408-42804549,2910
1486662,8,20230201,20230201,20230201,183,1769,49,-3499.0,-39483241.0,00446003408-42804557,2910
1486663,8,20230201,20230201,20230201,183,1870,49,-35347.0,-39886085.0,00446003408-42804559,2910
1453469,8,20230127,20230127,20230127,107,1870,49,-18046.0,-203633771.0,00446003400-42538361,2910
1453470,8,20230127,20230127,20230127,107,1870,49,-5954.0,-67185829.0,00446003400-42538369,2910
1453471,8,20230127,20230127,20230127,400,1870,49,-27649.0,-311995463.0,00446003400-42544438,2910
1453472,8,20230127,20230127,20230127,417,1870,49,-12642.0,-142654224.0,00446003400-42544488,2910
1453473,8,20230127,20230127,20230127,438,1870,49,-54603.0,-616148442.0,00446003400-42544514,2910
1454034,8,20230131,20230131,20230131,2,1870,49,-75018.0,-846514365.0,00446003406-42568761,2910
1536029,8,20230420,20230321,20230321,42,1769,49,-3507.0,-39573514.0,00446003449-45505088,2910
1536030,8,20230420,20230321,20230321,42,1769,49,-3507.0,-39573514.0,00446003449-45526751,2910
1536031,8,20230420,20230321,20230321,42,1769,49,-5.0,-5642075.0,00446003449-45526753,2910
1536032,8,20230420,20230321,20230321,42,1870,49,-27637.0,-311860054.0,00446003449-45505090,2910
1536033,8,20230420,20230321,20230321,42,1870,49,-19751.0,-222873247.0,00446003449-45526755,2910
1536034,8,20230420,20230321,20230321,42,1870,49,-7786.0,-87858392.0,00446003449-45526747,2910
1536035,8,20230420,20230321,20230321,55,1870,49,-38723.0,-43695614.0,00446003449-45527318,2910
1536036,8,20230420,20230321,20230321,65,1769,49,-2587.0,-29192096.0,00446003449-45525367,2910
1536037,8,20230420,20230321,20230321,65,1870,49,-26136.0,-294922544.0,00446003449-45525369,2910
1536038,8,20230420,20230321,20230321,95,1870,49,-24707.0,-278797494.0,00446003449-45525492,2910
1536039,8,20230420,20230321,20230321,111,1821,49,-996038.0,-112394422.0,00446003449-45525612,2910
1536040,8,20230420,20230321,20230321,111,1870,49,-19523.0,-22030046.0,00446003449-45525606,2910
1536041,8,20230420,20230321,20230321,139,1769,49,-2001.0,-22579584.0,00446003449-45526042,2910
1536042,8,20230420,20230321,20230321,139,1869,49,-8.0,-902732.0,00446003449-45526044,2910
1536043,8,20230420,20230321,20230321,139,1870,49,-20208.0,-228030103.0,00446003449-45526046,2910
1536044,8,20230420,20230321,20230321,166,1870,49,-35624.0,-40198656.0,00446003449-45504950,2910
1536045,8,20230420,20230321,20230321,271,1769,49,-5.0,-5642075.0,00446003449-45526996,2910
1536046,8,20230420,20230321,20230321,271,1870,49,-2133.0,-24069092.0,00446003449-45505138,2910
1536047,8,20230420,20230321,20230321,271,1870,49,-21324.0,-240623215.0,00446003449-45526998,2910
1536048,8,20230420,20230321,20230321,319,1769,49,-5.0,-5642075.0,00446003449-45527617,2910
1536049,8,20230420,20230321,20230321,319,1870,49,-5769.0,-65098261.0,00446003449-45505260,2910
1536050,8,20230420,20230321,20230321,319,1870,49,-5465.0,-6166788.0,00446003449-45527619,2910
1536051,8,20230420,20230321,20230321,342,1870,49,-52333.0,-590533422.0,00446003449-45527812,2910
1486664,8,20230201,20230201,20230201,451,1870,49,-19356.0,-218416007.0,00446003408-42825166,2910
1486665,8,20230201,20230201,20230201,456,1870,49,-19217.0,-216847511.0,00446003408-42825195,2910
1486666,8,20230201,20230201,20230201,472,1870,49,-14649.0,-165301513.0,00446003408-42825285,2910
1486667,8,20230201,20230201,20230201,474,1870,49,-12411.0,-140047586.0,00446003408-42825296,2910
1486668,8,20230201,20230201,20230201,478,1870,49,-27945.0,-315335572.0,00446003408-42825340,2910
1607119,8,20230421,20230410,20230410,11,1821,49,-6047.0,-68235255.0,00446003455-45980470,2910
1607120,8,20230421,20230410,20230410,11,1870,49,-30233.0,-341153707.0,00446003455-45980464,2910
1607121,8,20230421,20230410,20230410,12,1870,49,-42036.0,-474340529.0,00446003455-45980512,2910
1607122,8,20230421,20230410,20230410,19,1870,49,-50021.0,-564444467.0,00446003455-45980917,2910
1607123,8,20230421,20230410,20230410,71,1769,49,-3265.0,-3684275.0,00446003455-45980800,2910
1607124,8,20230421,20230410,20230410,71,1870,49,-32183.0,-363157799.0,00446003455-45980802,2910
1607125,8,20230421,20230410,20230410,112,1769,49,-633.0,-7142867.0,00446003455-45980988,2910
1607126,8,20230421,20230410,20230410,112,1869,49,-8.0,-902732.0,00446003455-45980990,2910
1607127,8,20230421,20230410,20230410,112,1870,49,-63938.0,-721485983.0,00446003455-45980992,2910
1607128,8,20230421,20230410,20230410,188,1870,49,-656.0,-74024024.0,00446003455-45981408,2910
1607129,8,20230421,20230410,20230410,220,1769,49,-5.0,-5642075.0,00446003455-45968289,2910
1607130,8,20230421,20230410,20230410,220,1769,49,-5.0,-5642075.0,00446003455-45981664,2910
1607131,8,20230421,20230410,20230410,220,1769,49,-5.0,-5642075.0,00446003455-45981666,2910
1607132,8,20230421,20230410,20230410,220,1870,49,-27566.0,-311058879.0,00446003455-45968291,2910
1607133,8,20230421,20230410,20230410,220,1870,49,-27479.0,-310077158.0,00446003455-45981668,2910
1607134,8,20230421,20230410,20230410,220,1870,49,-27238.0,-307357678.0,00446003455-45966305,2910
1607135,8,20230421,20230410,20230410,269,1870,49,-59228.0,-668337636.0,00446003455-45981840,2910
1607136,8,20230421,20230410,20230410,275,1769,49,-2726.0,-30760593.0,00446003455-45981856,2910
1607137,8,20230421,20230410,20230410,275,1870,49,-27536.0,-310720354.0,00446003455-45981858,2910
1607138,8,20230421,20230410,20230410,283,1769,49,-5.0,-5642075.0,00446003455-45981964,2910
1607139,8,20230421,20230410,20230410,283,1870,49,-13667.0,-154220478.0,00446003455-45968339,2910
1607140,8,20230421,20230410,20230410,283,1870,49,-13666.0,-154209194.0,00446003455-45981966,2910
1607141,8,20230421,20230410,20230410,322,1870,49,-15303.0,-172681347.0,00446003455-45982183,2910
1607142,8,20230421,20230410,20230410,325,1870,49,-8106.0,-9146932.0,00446003455-45982191,2910
1399527,8,20230105,20230105,20230105,287,1870,49,-6019.0,-67129305.0,00446003355-41660856,2883
1399528,8,20230105,20230105,20230105,319,1870,49,-6413.0,-71523548.0,00446003355-41660871,2883
1399529,8,20230105,20230105,20230105,466,1950,49,2000.0,223058.0,00000000000-41659449,2883
1399530,8,20230105,20230105,20230105,472,1950,49,7000.0,780703.0,00000000000-41659368,2883
1399531,8,20230105,20230105,20230105,498,1950,49,2000.0,223058.0,00000000000-41659245,2883
1427496,8,20230112,20230112,20230112,279,1870,49,-18779.0,-209440309.0,00446003366-41696557,2883
1567856,8,20230420,20230321,20230321,488,1870,49,-447.0,-5044015.0,00446003449-45502302,2910
1567857,8,20230420,20230321,20230321,494,1870,49,-6822.0,-76980471.0,00446003450-45576358,2910
1567858,8,20230420,20230321,20230321,498,1769,49,-5.0,-5642075.0,00446003450-45575850,2910
1567859,8,20230420,20230321,20230321,498,1870,49,-5578.0,-62942989.0,00446003449-45514584,2910
1567860,8,20230420,20230321,20230321,498,1870,49,-5578.0,-62942989.0,00446003450-45575852,2910
1578440,8,20230421,20230401,20230401,7,1821,49,-3893927.0,-4393965636.0,00446003454-45934194,2910
1578441,8,20230421,20230401,20230401,7,1869,49,-8.0,-902732.0,00446003454-45934186,2910
1578442,8,20230421,20230401,20230401,7,1870,49,-46273.0,-522151473.0,00446003454-45934188,2910
1578443,8,20230421,20230401,20230401,14,1870,49,-56022.0,-632160651.0,00446003454-45934784,2910
1578444,8,20230421,20230401,20230401,25,1769,49,-6723.0,-7586334.0,00446003454-45935102,2910
1578445,8,20230421,20230401,20230401,25,1870,49,-70769.0,-798568011.0,00446003454-45935104,2910
1578446,8,20230421,20230401,20230401,33,1821,49,-4096227.0,-462224399.0,00446003454-45935144,2910
1578447,8,20230421,20230401,20230401,33,1870,49,-48996.0,-552878213.0,00446003454-45935138,2910
1578448,8,20230421,20230401,20230401,54,1769,49,-5.0,-5642075.0,00446003454-45935913,2910
1578449,8,20230421,20230401,20230401,54,1769,49,-434.0,-4897321.0,00446003454-45922902,2910
1578450,8,20230421,20230401,20230401,54,1769,49,-428.0,-4829616.0,00446003454-45935915,2910
1578451,8,20230421,20230401,20230401,54,1870,49,-3565.0,-40227995.0,00446003454-45922904,2910
1578452,8,20230421,20230401,20230401,54,1870,49,-2415.0,-27251222.0,00446003454-45935917,2910
1578453,8,20230421,20230401,20230401,54,1870,49,-10.0,-1128415.0,00446003454-45935909,2910
1578454,8,20230421,20230401,20230401,56,1769,49,-3259.0,-36775045.0,00446003454-45935947,2910
1578455,8,20230421,20230401,20230401,56,1870,49,-34307.0,-387125334.0,00446003454-45935949,2910
1578456,8,20230421,20230401,20230401,74,1870,49,-45538.0,-513857623.0,00446003454-45934862,2910
1578457,8,20230421,20230401,20230401,93,1769,49,-5.0,-5642075.0,00446003454-45922636,2910
1578458,8,20230421,20230401,20230401,93,1769,49,-5.0,-5642075.0,00446003454-45934926,2910
1578459,8,20230421,20230401,20230401,93,1769,49,-5.0,-5642075.0,00446003454-45934928,2910
1578460,8,20230421,20230401,20230401,93,1870,49,-46681.0,-526755406.0,00446003454-45922638,2910
1578461,8,20230421,20230401,20230401,93,1870,49,-46388.0,-52344915.0,00446003454-45934930,2910
1578462,8,20230421,20230401,20230401,93,1870,49,-46285.0,-522286883.0,00446003454-45920608,2910
1578463,8,20230421,20230401,20230401,121,1769,49,-5.0,-5642075.0,00446003454-45935019,2910
1578464,8,20230421,20230401,20230401,121,1870,49,-31302.0,-353216463.0,00446003454-45922670,2910
1578465,8,20230421,20230401,20230401,121,1870,49,-31302.0,-353216463.0,00446003454-45935021,2910
1578466,8,20230421,20230401,20230401,125,1870,49,-2855.0,-322162483.0,00446003454-45935072,2910
1578467,8,20230421,20230401,20230401,177,1821,49,-3732732.0,-421207078.0,00446003454-45935285,2910
1578468,8,20230421,20230401,20230401,177,1870,49,-55131.0,-622106474.0,00446003454-45935279,2910
1578469,8,20230421,20230401,20230401,221,1769,49,-3575.0,-40340836.0,00446003454-45935590,2910
1578470,8,20230421,20230401,20230401,221,1821,49,-7937.0,-89562299.0,00446003454-45935598,2910
1578471,8,20230421,20230401,20230401,221,1870,49,-36109.0,-407459372.0,00446003454-45935592,2910
1578472,8,20230421,20230401,20230401,223,1870,49,-44778.0,-505281669.0,00446003454-45935601,2910
1578473,8,20230421,20230401,20230401,237,1769,49,-4976.0,-5614993.0,00446003454-45935637,2910
1578474,8,20230421,20230401,20230401,237,1870,49,-50264.0,-567186516.0,00446003454-45935639,2910
1578475,8,20230421,20230401,20230401,244,1821,49,-2531089.0,-2856118794.0,00446003454-45935673,2910
1578476,8,20230421,20230401,20230401,244,1870,49,-39132.0,-441571358.0,00446003454-45935667,2910
1578477,8,20230421,20230401,20230401,334,1869,49,-8.0,-902732.0,00446003454-45936105,2910
1578478,8,20230421,20230401,20230401,334,1870,49,-16177.0,-182543695.0,00446003454-45936107,2910
1578479,8,20230421,20230401,20230401,346,1870,49,-28607.0,-322805679.0,00446003454-45936279,2910
1578480,8,20230421,20230401,20230401,365,1769,49,-5.0,-5642075.0,00446003454-45946212,2910
1578481,8,20230421,20230401,20230401,365,1870,49,-6539.0,-73787057.0,00446003454-45946214,2910
1578482,8,20230421,20230401,20230401,365,1870,49,-1308.0,-14759668.0,00446003454-45925258,2910
1578483,8,20230421,20230401,20230401,372,1821,49,-462899.0,-5223421751.0,00446003454-45962556,2910
1578484,8,20230421,20230401,20230401,372,1870,49,-24151.0,-272523507.0,00446003454-45962550,2910
1578485,8,20230421,20230401,20230401,383,1870,49,-787.0,-88806261.0,00446003454-45922118,2910
1578486,8,20230421,20230401,20230401,396,1870,49,-21048.0,-237508789.0,00446003454-45962610,2910
1578487,8,20230421,20230401,20230401,428,1870,49,-8195.0,-92473609.0,00446003454-45928886,2910
1578488,8,20230421,20230401,20230401,440,1821,49,-1417.0,-15989641.0,00446003454-45963013,2910
1578489,8,20230421,20230401,20230401,440,1870,49,-7087.0,-79970771.0,00446003454-45963007,2910
1578490,8,20230421,20230401,20230401,456,1870,49,-19297.0,-217750243.0,00446003454-45963080,2910
1578491,8,20230421,20230401,20230401,490,1769,49,-5.0,-5642075.0,00446003454-45963182,2910
1578492,8,20230421,20230401,20230401,490,1870,49,-18178.0,-205123279.0,00446003454-45963184,2910
1578493,8,20230421,20230401,20230401,490,1870,49,-3848.0,-43421409.0,00446003454-45928932,2910
1578494,8,20230421,20230401,20230401,490,1870,49,-962.0,-10855352.0,00446003454-45963178,2910
1578495,8,20230421,20230401,20230401,492,1821,49,-750341.0,-8466960395.0,00446003454-45963232,2910
1578496,8,20230421,20230401,20230401,492,1869,49,-8.0,-902732.0,00446003454-45963224,2910
1578497,8,20230421,20230401,20230401,492,1870,49,-25845.0,-291638857.0,00446003454-45963226,2910
1583377,8,20230509,20230610,20230610,7,1769,49,-5.0,-5642075.0,00446003469-48317751,2910
1583378,8,20230509,20230610,20230610,7,1870,49,-20546.0,-231844146.0,00446003469-48311775,2910
1583379,8,20230509,20230610,20230610,7,1870,49,-608.0,-6860763.0,00446003469-48317753,2910
1583380,8,20230509,20230610,20230610,55,1870,49,-3089.0,-348567394.0,00446003469-48318693,2910
1583381,8,20230509,20230610,20230610,71,1769,49,-3204.0,-36154417.0,00446003469-48318127,2910
1583382,8,20230509,20230610,20230610,71,1870,49,-32365.0,-365211515.0,00446003469-48318129,2910
1583383,8,20230509,20230610,20230610,73,1870,49,-9248.0,-104355819.0,00446003469-48318133,2910
1583384,8,20230509,20230610,20230610,93,1821,49,-9265.0,-10454765.0,00446003469-48318149,2910
1583385,8,20230509,20230610,20230610,93,1870,49,-46327.0,-522760817.0,00446003469-48318145,2910
1583386,8,20230509,20230610,20230610,194,1870,49,-8245.0,-93037817.0,00446003469-48310383,2910
1583387,8,20230509,20230610,20230610,275,1769,49,-2538.0,-28639173.0,00446003469-48318563,2910
1583388,8,20230509,20230610,20230610,275,1821,49,-273909.0,-3090830242.0,00446003469-48318569,2910
1583389,8,20230509,20230610,20230610,275,1870,49,-25633.0,-289246617.0,00446003469-48318565,2910
1583390,8,20230509,20230610,20230610,314,1870,49,-45288.0,-511036585.0,00446003469-48318749,2910
1583391,8,20230509,20230610,20230610,325,1870,49,-7659.0,-86425305.0,00446003469-48318769,2910
1583392,8,20230509,20230610,20230610,370,1821,49,-1988.0,-2243289.0,00446003469-48333308,2910
1583393,8,20230509,20230610,20230610,370,1870,49,-9941.0,-112175735.0,00446003469-48333304,2910
1583394,8,20230509,20230610,20230610,384,1870,49,-1365.0,-154028648.0,00446003469-48333364,2910
1583395,8,20230509,20230610,20230610,396,1769,49,-1996.0,-22523163.0,00446003469-48333358,2910
1583396,8,20230509,20230610,20230610,396,1870,49,-21015.0,-237136412.0,00446003469-48333360,2910
1583397,8,20230509,20230610,20230610,486,1769,49,-5.0,-5642075.0,00446003469-48333678,2910
1583398,8,20230509,20230610,20230610,486,1870,49,-39424.0,-44486633.0,00446003469-48314815,2910
1583399,8,20230509,20230610,20230610,486,1870,49,-29408.0,-331844283.0,00446003469-48333680,2910
1583400,8,20230509,20230610,20230610,486,1870,49,-9856.0,-111216582.0,00446003469-48333674,2910
1594705,8,20230502,20230423,20230423,15,1769,49,-4191.0,-47291873.0,00446003457-46777344,2910
1594706,8,20230502,20230423,20230423,15,1870,49,-42337.0,-477737059.0,00446003457-46777346,2910
1594707,8,20230502,20230423,20230423,19,1821,49,-3176183.0,-358405254.0,00446003457-46800200,2910
1594708,8,20230502,20230423,20230423,19,1870,49,-499.0,-563079085.0,00446003457-46800196,2910
1594709,8,20230502,20230423,20230423,25,1769,49,-6709.0,-75705362.0,00446003457-46800617,2910
1594710,8,20230502,20230423,20230423,25,1870,49,-70619.0,-796875389.0,00446003457-46800619,2910
1594711,8,20230502,20230423,20230423,33,1870,49,-21275.0,-240070291.0,00446003457-46800697,2910
1594712,8,20230502,20230423,20230423,52,1769,49,-416.0,-46942064.0,00446003457-46781857,2910
1594713,8,20230502,20230423,20230423,52,1769,49,-4157.0,-46908212.0,00446003457-46801550,2910
1594714,8,20230502,20230423,20230423,52,1769,49,-5.0,-5642075.0,00446003457-46801552,2910
1594715,8,20230502,20230423,20230423,52,1870,49,-43788.0,-49411036.0,00446003457-46781859,2910
1594716,8,20230502,20230423,20230423,52,1870,49,-43757.0,-493760552.0,00446003457-46801554,2910
1594717,8,20230502,20230423,20230423,73,1769,49,-5.0,-5642075.0,00446003457-46800063,2910
1594718,8,20230502,20230423,20230423,73,1869,49,-8.0,-902732.0,00446003457-46781609,2910
1594719,8,20230502,20230423,20230423,73,1870,49,-9345.0,-105450382.0,00446003457-46781611,2910
1594720,8,20230502,20230423,20230423,73,1870,49,-9331.0,-105292404.0,00446003457-46800065,2910
1594721,8,20230502,20230423,20230423,114,1870,49,-16091.0,-181573258.0,00446003457-46776188,2910
1594722,8,20230502,20230423,20230423,118,1870,49,-3533.0,-39866902.0,00446003457-46800380,2910
1594723,8,20230502,20230423,20230423,125,1869,49,-8.0,-902732.0,00446003457-46800517,2910
1594724,8,20230502,20230423,20230423,125,1870,49,-2935.0,-331189803.0,00446003457-46800519,2910
1594725,8,20230502,20230423,20230423,166,1769,49,-5.0,-5642075.0,00446003457-46781705,2910
1594726,8,20230502,20230423,20230423,166,1870,49,-35624.0,-40198656.0,00446003457-46781707,2910
1594727,8,20230502,20230423,20230423,205,1870,49,-38855.0,-438445648.0,00446003457-46800965,2910
1607143,8,20230421,20230410,20230410,351,1870,49,-13063.0,-147404851.0,00446003455-46007268,2910
1607144,8,20230421,20230410,20230410,358,1870,49,-57269.0,-646231986.0,00446003455-45974468,2910
1607145,8,20230421,20230410,20230410,363,1821,49,-7237.0,-81663394.0,00446003455-46007422,2910
1607146,8,20230421,20230410,20230410,363,1870,49,-36186.0,-408328252.0,00446003455-46007416,2910
1607147,8,20230421,20230410,20230410,375,1821,49,-2443.0,-27567178.0,00446003455-46007556,2910
1607148,8,20230421,20230410,20230410,375,1870,49,-12213.0,-137813324.0,00446003455-46007550,2910
1607149,8,20230421,20230410,20230410,413,1870,49,-5164.0,-58271351.0,00446003455-45991027,2910
1607150,8,20230421,20230410,20230410,430,1870,49,-589.0,-66463644.0,00446003455-46007851,2910
1607151,8,20230421,20230410,20230410,465,1870,49,-47173.0,-532307208.0,00446003455-46008030,2910
1607152,8,20230421,20230410,20230410,472,1869,49,-8.0,-902732.0,00446003455-46008231,2910
1607153,8,20230421,20230410,20230410,472,1870,49,-14747.0,-16640736.0,00446003455-46008233,2910
1607154,8,20230421,20230410,20230410,482,1870,49,-7667.0,-86515578.0,00446003455-46008147,2910
1607155,8,20230421,20230410,20230410,484,1870,49,-4894.0,-552246301.0,00446003455-46008106,2910
1679368,8,20230503,20230510,20230510,11,1821,49,-2040138.0,-2302122321.0,00446003463-47215048,2910
1679369,8,20230503,20230510,20230510,11,1870,49,-30146.0,-340171986.0,00446003463-47215044,2910
1679370,8,20230503,20230510,20230510,71,1769,49,-3232.0,-36470373.0,00446003463-47215331,2910
1679371,8,20230503,20230510,20230510,71,1869,49,-8.0,-902732.0,00446003463-47215333,2910
1679372,8,20230503,20230510,20230510,71,1870,49,-32645.0,-368371077.0,00446003463-47215335,2910
1679373,8,20230503,20230510,20230510,101,1870,49,-46602.0,-525863958.0,00446003463-47215403,2910
1679374,8,20230503,20230510,20230510,244,1870,49,-1553.0,-17524285.0,00446003463-47215757,2910
1679375,8,20230503,20230510,20230510,257,1870,49,-35367.0,-399086533.0,00446003463-47206281,2910
1679376,8,20230503,20230510,20230510,275,1769,49,-2726.0,-30760593.0,00446003463-47215819,2910
1679377,8,20230503,20230510,20230510,275,1870,49,-27536.0,-310720354.0,00446003463-47215821,2910
1679378,8,20230503,20230510,20230510,283,1769,49,-5.0,-5642075.0,00446003463-47215857,2910
1679379,8,20230503,20230510,20230510,283,1870,49,-10599.0,-119600706.0,00446003463-47215859,2910
1679380,8,20230503,20230510,20230510,346,1870,49,-28607.0,-322805679.0,00446003463-47216154,2910
1679381,8,20230503,20230510,20230510,360,1769,49,-5.0,-5642075.0,00446003463-47211451,2910
1679382,8,20230503,20230510,20230510,360,1769,49,-5.0,-5642075.0,00446003463-47230831,2910
1679383,8,20230503,20230510,20230510,360,1870,49,-12287.0,-138648351.0,00446003463-47211453,2910
1536052,8,20230420,20230321,20230321,370,1870,49,-9947.0,-11224344.0,00446003450-45575306,2910
1536053,8,20230420,20230321,20230321,378,1870,49,-4967.0,-56048373.0,00446003449-45543154,2910
1536054,8,20230420,20230321,20230321,380,1870,49,-8372.0,-94470904.0,00446003449-45567919,2910
1536055,8,20230420,20230321,20230321,384,1870,49,-13674.0,-154299467.0,00446003450-45575350,2910
1536056,8,20230420,20230321,20230321,386,1870,49,-4937.0,-557098486.0,00446003449-45567968,2910
1536057,8,20230420,20230321,20230321,399,1870,49,-7514.0,-84789103.0,00446003449-45514416,2910
1536058,8,20230420,20230321,20230321,414,1869,49,-8.0,-902732.0,00446003450-45575473,2910
1536059,8,20230420,20230321,20230321,414,1870,49,-22311.0,-251760671.0,00446003450-45575475,2910
1536060,8,20230420,20230321,20230321,450,1870,49,-14717.0,-166068836.0,00446003449-45568263,2910
1536061,8,20230420,20230321,20230321,451,1870,49,-19564.0,-220763111.0,00446003450-45575629,2910
1536062,8,20230420,20230321,20230321,459,1870,49,-17602.0,-198623608.0,00446003450-45575633,2910
1536063,8,20230420,20230321,20230321,468,1769,49,-5.0,-5642075.0,00446003450-45575689,2910
1536064,8,20230420,20230321,20230321,468,1870,49,-14388.0,-16235635.0,00446003449-45514538,2910
1536065,8,20230420,20230321,20230321,468,1870,49,-14388.0,-16235635.0,00446003450-45575691,2910
1536066,8,20230420,20230321,20230321,486,1870,49,-4928.0,-556082912.0,00446003450-45575766,2910
1536067,8,20230420,20230321,20230321,488,1769,49,-5.0,-5642075.0,00446003449-45502300,2910
1536068,8,20230420,20230321,20230321,488,1769,49,-5.0,-5642075.0,00446003449-45514546,2910
1536069,8,20230420,20230321,20230321,488,1769,49,-5.0,-5642075.0,00446003449-45514548,2910
1536070,8,20230420,20230321,20230321,488,1821,49,-3142.0,-35454799.0,00446003449-45568306,2910
1536071,8,20230420,20230321,20230321,488,1870,49,-4735.0,-5343045.0,00446003449-45502296,2910
1536072,8,20230420,20230321,20230321,488,1870,49,-4317.0,-48713676.0,00446003449-45514542,2910
1536073,8,20230420,20230321,20230321,488,1870,49,-3709.0,-41852912.0,00446003449-45568300,2910
1536074,8,20230420,20230321,20230321,488,1870,49,-10.0,-1128415.0,00446003449-45514550,2910
1751097,8,20230516,20230623,20230623,36,1870,49,-21914.0,-247280863.0,00446003470-48977772,2910
1751098,8,20230516,20230623,20230623,37,1821,49,-26.0,-2933879.0,00446003470-48992117,2910
1751099,8,20230516,20230623,20230623,37,1870,49,-13001.0,-146705234.0,00446003470-48992113,2910
1751100,8,20230516,20230623,20230623,44,1870,49,-30047.0,-339054855.0,00446003470-48992171,2910
1751101,8,20230516,20230623,20230623,50,1870,49,-45105.0,-508971586.0,00446003470-48992472,2910
1751102,8,20230516,20230623,20230623,52,1769,49,-211.0,-2380956.0,00446003470-48992476,2910
1751103,8,20230516,20230623,20230623,52,1870,49,-2219.0,-25039529.0,00446003470-48992478,2910
1751104,8,20230516,20230623,20230623,54,1769,49,-399.0,-4502376.0,00446003470-48992502,2910
1751105,8,20230516,20230623,20230623,54,1821,49,-98595.0,-1112560769.0,00446003470-48992508,2910
1751106,8,20230516,20230623,20230623,54,1870,49,-4196.0,-47348293.0,00446003470-48992504,2910
1751107,8,20230516,20230623,20230623,56,1769,49,-706.0,-796661.0,00446003470-48976919,2910
1751108,8,20230516,20230623,20230623,56,1769,49,-5.0,-5642075.0,00446003470-48992576,2910
1751109,8,20230516,20230623,20230623,56,1769,49,-53.0,-59806.0,00446003470-48992578,2910
1751110,8,20230516,20230623,20230623,56,1870,49,-7435.0,-83897655.0,00446003470-48976921,2910
1751111,8,20230516,20230623,20230623,56,1870,49,-553.0,-6240135.0,00446003470-48992580,2910
1751112,8,20230516,20230623,20230623,74,1821,49,-1740486.0,-196399051.0,00446003470-48991215,2910
1751113,8,20230516,20230623,20230623,74,1870,49,-45238.0,-510472378.0,00446003470-48991211,2910
1751114,8,20230516,20230623,20230623,93,1870,49,-46327.0,-522760817.0,00446003470-48991342,2910
1751115,8,20230516,20230623,20230623,121,1870,49,-30798.0,-347529252.0,00446003470-48991447,2910
1751116,8,20230516,20230623,20230623,125,1870,49,-29268.0,-330264502.0,00446003470-48991523,2910
1751117,8,20230516,20230623,20230623,139,1769,49,-1995.0,-22511879.0,00446003470-48976789,2910
1751118,8,20230516,20230623,20230623,139,1769,49,-1995.0,-22511879.0,00446003470-48991680,2910
1751119,8,20230516,20230623,20230623,139,1769,49,-5.0,-5642075.0,00446003470-48991682,2910
1751120,8,20230516,20230623,20230623,139,1870,49,-20149.0,-227364338.0,00446003470-48976791,2910
1751121,8,20230516,20230623,20230623,139,1870,49,-20149.0,-227364338.0,00446003470-48991684,2910
1751122,8,20230516,20230623,20230623,141,1821,49,-50.0,-5642075.0,00446003470-48991692,2910
1751123,8,20230516,20230623,20230623,141,1870,49,-7732.0,-87249048.0,00446003470-48991688,2910
1751124,8,20230516,20230623,20230623,162,1870,49,-47556.0,-536629037.0,00446003470-48991768,2910
1751125,8,20230516,20230623,20230623,166,1821,49,-1488171.0,-1679274479.0,00446003470-48991786,2910
1751126,8,20230516,20230623,20230623,166,1870,49,-34462.0,-388874377.0,00446003470-48991782,2910
1751127,8,20230516,20230623,20230623,206,1769,49,-5.0,-5642075.0,00446003470-48976865,2910
1751128,8,20230516,20230623,20230623,206,1769,49,-5.0,-5642075.0,00446003470-48992045,2910
1751129,8,20230516,20230623,20230623,206,1870,49,-26204.0,-295689867.0,00446003470-48976867,2910
1751130,8,20230516,20230623,20230623,206,1870,49,-26126.0,-294809703.0,00446003470-48992047,2910
1751131,8,20230516,20230623,20230623,223,1769,49,-5.0,-5642075.0,00446003470-48992143,2910
1751132,8,20230516,20230623,20230623,223,1870,49,-44703.0,-504435357.0,00446003470-48992145,2910
1751133,8,20230516,20230623,20230623,223,1870,49,-8941.0,-100891585.0,00446003470-48976883,2910
1751134,8,20230516,20230623,20230623,263,1870,49,-39041.0,-4405445.0,00446003470-48992230,2910
1751135,8,20230516,20230623,20230623,275,1769,49,-36.0,-4062294.0,00446003470-48992294,2910
1751136,8,20230516,20230623,20230623,275,1870,49,-3639.0,-41063022.0,00446003470-48992296,2910
1751137,8,20230516,20230623,20230623,368,1870,49,-4625.0,-52189194.0,00446003470-49003070,2910
1751138,8,20230516,20230623,20230623,373,1870,49,-10622.0,-119860241.0,00446003470-49001644,2910
1751139,8,20230516,20230623,20230623,386,1769,49,-5834.0,-65831731.0,00446003470-48983122,2910
1751140,8,20230516,20230623,20230623,386,1769,49,-5826.0,-65741458.0,00446003470-49025698,2910
1751141,8,20230516,20230623,20230623,386,1769,49,-5.0,-5642075.0,00446003470-49025700,2910
1751142,8,20230516,20230623,20230623,386,1870,49,-61406.0,-692914515.0,00446003470-48983124,2910
1751143,8,20230516,20230623,20230623,386,1870,49,-61323.0,-69197793.0,00446003470-49025702,2910
1751144,8,20230516,20230623,20230623,387,1769,49,-5.0,-5642075.0,00446003470-49025706,2910
1751145,8,20230516,20230623,20230623,387,1870,49,-24486.0,-276303697.0,00446003470-49025708,2910
1751146,8,20230516,20230623,20230623,387,1870,49,-4897.0,-55258483.0,00446003470-48983128,2910
1751147,8,20230516,20230623,20230623,404,1821,49,-5802654.0,-6547801813.0,00446003470-49025937,2910
1751148,8,20230516,20230623,20230623,404,1870,49,-71882.0,-81112727.0,00446003470-49025933,2910
1751149,8,20230516,20230623,20230623,448,1870,49,-24883.0,-280783504.0,00446003470-49018643,2910
1751150,8,20230516,20230623,20230623,463,1821,49,-3324345.0,-3751240763.0,00446003470-49026304,2910
1751151,8,20230516,20230623,20230623,463,1870,49,-36458.0,-411397541.0,00446003470-49026300,2910
1751152,8,20230516,20230623,20230623,465,1870,49,-46225.0,-521609834.0,00446003470-49026184,2910
1751153,8,20230516,20230623,20230623,498,1870,49,-5482.0,-6185971.0,00446003470-49026439,2910
1753104,8,20230516,20230628,20230628,6,1870,49,-12406.0,-139991165.0,00446003471-49055218,2910
1753105,8,20230516,20230628,20230628,12,1870,49,-41767.0,-471305093.0,00446003471-49055936,2910
1753106,8,20230516,20230628,20230628,15,1769,49,-4116.0,-46445561.0,00446003471-49056738,2910
1753107,8,20230516,20230628,20230628,15,1821,49,-219359.0,-247527986.0,00446003471-49056744,2910
1753108,8,20230516,20230628,20230628,15,1870,49,-41574.0,-469127252.0,00446003471-49056740,2910
1753109,8,20230516,20230628,20230628,25,1769,49,-6709.0,-75705362.0,00446003471-49057372,2910
1753110,8,20230516,20230628,20230628,25,1870,49,-70619.0,-796875389.0,00446003471-49057374,2910
1753111,8,20230516,20230628,20230628,27,1769,49,-5.0,-5642075.0,00446003471-49057401,2910
1753112,8,20230516,20230628,20230628,27,1870,49,-942.0,-106296693.0,00446003471-49036012,2910
1753113,8,20230516,20230628,20230628,27,1870,49,-566.0,-6386829.0,00446003471-49057403,2910
1753114,8,20230516,20230628,20230628,42,1769,49,-3464.0,-39088296.0,00446003471-49058302,2910
1753115,8,20230516,20230628,20230628,42,1769,49,-5.0,-5642075.0,00446003471-49058304,2910
1753116,8,20230516,20230628,20230628,42,1870,49,-34994.0,-394877545.0,00446003471-49058306,2910
1753117,8,20230516,20230628,20230628,42,1870,49,-18891.0,-213168878.0,00446003471-49036176,2910
1753118,8,20230516,20230628,20230628,49,1870,49,-26578.0,-299910139.0,00446003471-49058705,2910
1753119,8,20230516,20230628,20230628,64,1769,49,-4075.0,-45982911.0,00446003471-49056637,2910
1753120,8,20230516,20230628,20230628,64,1821,49,-1139693.0,-1286046677.0,00446003471-49056643,2910
1753121,8,20230516,20230628,20230628,64,1870,49,-41161.0,-464466898.0,00446003471-49056639,2910
1753122,8,20230516,20230628,20230628,65,1769,49,-2583.0,-29146959.0,00446003471-49056646,2910
1753123,8,20230516,20230628,20230628,65,1769,49,-5.0,-5642075.0,00446003471-49056648,2910
1753124,8,20230516,20230628,20230628,65,1870,49,-26086.0,-294358337.0,00446003471-49056650,2910
1753125,8,20230516,20230628,20230628,65,1870,49,-5734.0,-64703316.0,00446003471-49035886,2910
1753126,8,20230516,20230628,20230628,71,1769,49,-3177.0,-35849745.0,00446003471-49056665,2910
1753127,8,20230516,20230628,20230628,71,1870,49,-32088.0,-362085805.0,00446003471-49056667,2910
1753128,8,20230516,20230628,20230628,73,1821,49,-1833.0,-20683847.0,00446003471-49056727,2910
1753129,8,20230516,20230628,20230628,73,1870,49,-9166.0,-103430519.0,00446003471-49056723,2910
1753130,8,20230516,20230628,20230628,101,1769,49,-5.0,-5642075.0,00446003471-49056957,2910
1753131,8,20230516,20230628,20230628,101,1870,49,-46602.0,-525863958.0,00446003471-49035936,2910
1753132,8,20230516,20230628,20230628,101,1870,49,-46396.0,-523539423.0,00446003471-49056959,2910
1753133,8,20230516,20230628,20230628,112,1769,49,-6288.0,-70954735.0,00446003471-49057084,2910
1753134,8,20230516,20230628,20230628,112,1870,49,-63514.0,-716701503.0,00446003471-49057086,2910
1753135,8,20230516,20230628,20230628,145,1769,49,-576.0,-649967.0,00446003471-49057424,2910
1753136,8,20230516,20230628,20230628,145,1870,49,-5814.0,-65606048.0,00446003471-49057426,2910
1753137,8,20230516,20230628,20230628,183,1769,49,-3533.0,-39866902.0,00446003472-49111004,2910
1753138,8,20230516,20230628,20230628,183,1769,49,-5.0,-5642075.0,00446003472-49111006,2910
1753139,8,20230516,20230628,20230628,183,1870,49,-35682.0,-40264104.0,00446003472-49111008,2910
1753140,8,20230516,20230628,20230628,183,1870,49,-7843.0,-88501588.0,00446003472-49099125,2910
1753141,8,20230516,20230628,20230628,194,1769,49,-5.0,-5642075.0,00446003471-49031802,2910
1753142,8,20230516,20230628,20230628,194,1769,49,-5.0,-5642075.0,00446003471-49036078,2910
1753143,8,20230516,20230628,20230628,194,1769,49,-5.0,-5642075.0,00446003471-49036080,2910
1753144,8,20230516,20230628,20230628,194,1769,49,-349.0,-3938168.0,00446003471-49057805,2910
1753145,8,20230516,20230628,20230628,194,1870,49,-53.0,-59806.0,00446003471-49057801,2910
1753146,8,20230516,20230628,20230628,194,1870,49,-342.0,-3859179.0,00446003471-49031804,2910
1753147,8,20230516,20230628,20230628,194,1870,49,-211.0,-2380956.0,00446003471-49036074,2910
1753148,8,20230516,20230628,20230628,194,1870,49,-65.0,-73347.0,00446003471-49036082,2910
1753149,8,20230516,20230628,20230628,205,1870,49,-38855.0,-438445648.0,00446003471-49057923,2910
1753150,8,20230516,20230628,20230628,219,1769,49,-5.0,-5642075.0,00446003471-49031820,2910
1753151,8,20230516,20230628,20230628,219,1769,49,-5.0,-5642075.0,00446003471-49031822,2910
1753152,8,20230516,20230628,20230628,219,1769,49,-5.0,-5642075.0,00446003471-49036158,2910
1753153,8,20230516,20230628,20230628,219,1769,49,-5.0,-5642075.0,00446003471-49036160,2910
1753154,8,20230516,20230628,20230628,219,1769,49,-5.0,-5642075.0,00446003471-49058202,2910
1753155,8,20230516,20230628,20230628,219,1769,49,-5.0,-5642075.0,00446003471-49058204,2910
1753156,8,20230516,20230628,20230628,219,1870,49,-24541.0,-276924325.0,00446003471-49031824,2910
1753157,8,20230516,20230628,20230628,219,1870,49,-24473.0,-276157003.0,00446003471-49036162,2910
1753158,8,20230516,20230628,20230628,219,1870,49,-24407.0,-275412249.0,00446003471-49058206,2910
1753159,8,20230516,20230628,20230628,220,1870,49,-2724.0,-307380246.0,00446003471-49058244,2910
1753160,8,20230516,20230628,20230628,237,1769,49,-4939.0,-55732417.0,00446003471-49058368,2910
1753161,8,20230516,20230628,20230628,237,1870,49,-49885.0,-562909823.0,00446003471-49058370,2910
1753162,8,20230516,20230628,20230628,269,1870,49,-58054.0,-655090044.0,00446003471-49058617,2910
1753163,8,20230516,20230628,20230628,271,1870,49,-21033.0,-237339527.0,00446003471-49036273,2910
1753164,8,20230516,20230628,20230628,279,1769,49,-5.0,-5642075.0,00446003471-49058832,2910
1753165,8,20230516,20230628,20230628,279,1870,49,-18765.0,-211747075.0,00446003471-49036295,2910
1753166,8,20230516,20230628,20230628,279,1870,49,-18765.0,-211747075.0,00446003471-49058834,2910
1753167,8,20230516,20230628,20230628,325,1870,49,-7659.0,-86425305.0,00446003471-49059303,2910
1753168,8,20230516,20230628,20230628,326,1769,49,-587.0,-6623796.0,00446003471-49059317,2910
1753169,8,20230516,20230628,20230628,326,1870,49,-5928.0,-66892441.0,00446003471-49059319,2910
1753170,8,20230516,20230628,20230628,341,1821,49,-1145511.0,-1292611795.0,00446003471-49059479,2910
1753171,8,20230516,20230628,20230628,341,1870,49,-18758.0,-211668086.0,00446003471-49059475,2910
1753172,8,20230516,20230628,20230628,342,1870,49,-52173.0,-588727958.0,00446003471-49059590,2910
1753173,8,20230516,20230628,20230628,358,1769,49,-5.0,-5642075.0,00446003472-49145228,2910
1753174,8,20230516,20230628,20230628,358,1870,49,-56632.0,-639043983.0,00446003472-49105672,2910
1753175,8,20230516,20230628,20230628,358,1870,49,-56392.0,-636335787.0,00446003472-49145230,2910
1753176,8,20230516,20230628,20230628,360,1869,49,-8.0,-902732.0,00446003472-49145182,2910
1753177,8,20230516,20230628,20230628,360,1870,49,-11438.0,-129068108.0,00446003472-49145184,2910
1753178,8,20230516,20230628,20230628,365,1870,49,-6529.0,-73674215.0,00446003472-49120321,2910
1753179,8,20230516,20230628,20230628,370,1821,49,-155582.0,-1755610625.0,00446003472-49145371,2910
1753180,8,20230516,20230628,20230628,370,1870,49,-994.0,-112164451.0,00446003472-49145367,2910
1753181,8,20230516,20230628,20230628,375,1769,49,-1139.0,-12852647.0,00446003472-49145820,2910
1753182,8,20230516,20230628,20230628,375,1870,49,-11987.0,-135263106.0,00446003472-49145822,2910
1753183,8,20230516,20230628,20230628,380,1870,49,-8364.0,-94380631.0,00446003472-49145329,2910
1753184,8,20230516,20230628,20230628,383,1870,49,-7694.0,-8682025.0,00446003472-49109323,2910
1753185,8,20230516,20230628,20230628,391,1769,49,-5.0,-5642075.0,00446003471-49093011,2910
1753186,8,20230516,20230628,20230628,391,1870,49,-31583.0,-356387309.0,00446003471-49093013,2910
1753187,8,20230516,20230628,20230628,391,1870,49,-12748.0,-143850344.0,00446003471-49042697,2910
1753188,8,20230516,20230628,20230628,392,1821,49,-1200478.0,-1354637382.0,00446003472-49115979,2910
1753189,8,20230516,20230628,20230628,392,1870,49,-19431.0,-219262319.0,00446003472-49115975,2910
1753190,8,20230516,20230628,20230628,393,1769,49,-3012.0,-3398786.0,00446003472-49121889,2910
1753191,8,20230516,20230628,20230628,393,1870,49,-3171.0,-357820397.0,00446003472-49121891,2910
1753192,8,20230516,20230628,20230628,394,1870,49,-15067.0,-170018288.0,00446003472-49145693,2910
1753193,8,20230516,20230628,20230628,396,1769,49,-1996.0,-22523163.0,00446003472-49145493,2910
1753194,8,20230516,20230628,20230628,396,1870,49,-21015.0,-237136412.0,00446003472-49145495,2910
1753195,8,20230516,20230628,20230628,399,1769,49,-713.0,-8045599.0,00446003472-49105740,2910
1753196,8,20230516,20230628,20230628,399,1769,49,-705.0,-7955326.0,00446003472-49145847,2910
1753197,8,20230516,20230628,20230628,399,1769,49,-5.0,-5642075.0,00446003472-49096355,2910
1753198,8,20230516,20230628,20230628,399,1769,49,-5.0,-5642075.0,00446003472-49098241,2910
1753199,8,20230516,20230628,20230628,399,1769,49,-5.0,-5642075.0,00446003472-49105742,2910
1753200,8,20230516,20230628,20230628,399,1769,49,-5.0,-5642075.0,00446003472-49105744,2910
1753201,8,20230516,20230628,20230628,399,1870,49,-7514.0,-84789103.0,00446003472-49096357,2910
1753202,8,20230516,20230628,20230628,399,1870,49,-7514.0,-84789103.0,00446003472-49098243,2910
1753203,8,20230516,20230628,20230628,399,1870,49,-7506.0,-8469883.0,00446003472-49105746,2910
1753204,8,20230516,20230628,20230628,399,1870,49,-7419.0,-83717109.0,00446003472-49145849,2910
1753205,8,20230516,20230628,20230628,400,1870,49,-27764.0,-313293141.0,00446003472-49118050,2910
1753206,8,20230516,20230628,20230628,418,1870,49,-16909.0,-190803692.0,00446003472-49107938,2910
1753207,8,20230516,20230628,20230628,422,1821,49,-2903227.0,-3276044895.0,00446003472-49146548,2910
1753208,8,20230516,20230628,20230628,422,1870,49,-34623.0,-390691125.0,00446003472-49146544,2910
1753209,8,20230516,20230628,20230628,424,1870,49,-6889.0,-77736509.0,00446003472-49126536,2910
1753210,8,20230516,20230628,20230628,428,1870,49,-7954.0,-89754129.0,00446003472-49105864,2910
1753211,8,20230516,20230628,20230628,433,1769,49,-1047.0,-11814505.0,00446003472-49098669,2910
1753212,8,20230516,20230628,20230628,433,1769,49,-1043.0,-11769368.0,00446003472-49108214,2910
1753213,8,20230516,20230628,20230628,433,1769,49,-5.0,-5642075.0,00446003472-49098671,2910
1753214,8,20230516,20230628,20230628,433,1769,49,-5.0,-5642075.0,00446003472-49098673,2910
1753215,8,20230516,20230628,20230628,433,1769,49,-5.0,-5642075.0,00446003472-49108216,2910
1753216,8,20230516,20230628,20230628,433,1870,49,-11022.0,-124373901.0,00446003472-49098675,2910
1753217,8,20230516,20230628,20230628,433,1870,49,-10979.0,-123888683.0,00446003472-49108218,2910
1753218,8,20230516,20230628,20230628,435,1870,49,-2899.0,-32712751.0,00446003472-49146738,2910
1753219,8,20230516,20230628,20230628,440,1870,49,-7045.0,-79496837.0,00446003472-49146831,2910
1753220,8,20230516,20230628,20230628,442,1821,49,-3299.0,-37226411.0,00446003472-49117453,2910
1753221,8,20230516,20230628,20230628,442,1870,49,-16495.0,-186132054.0,00446003472-49117449,2910
1753222,8,20230516,20230628,20230628,444,1769,49,-5.0,-5642075.0,00446003472-49105896,2910
1753223,8,20230516,20230628,20230628,444,1821,49,-2251.0,-25400622.0,00446003472-49146861,2910
1753224,8,20230516,20230628,20230628,444,1870,49,-5398.0,-60911842.0,00446003472-49105892,2910
1753225,8,20230516,20230628,20230628,444,1870,49,-4776.0,-538931.0,00446003472-49146857,2910
1753226,8,20230516,20230628,20230628,444,1870,49,-58.0,-6544807.0,00446003472-49105898,2910
1753227,8,20230516,20230628,20230628,446,1870,49,-1671.0,-18855815.0,00446003472-49115827,2910
1753228,8,20230516,20230628,20230628,451,1870,49,-3396.0,-38320973.0,00446003472-49146892,2910
1753229,8,20230516,20230628,20230628,454,1870,49,-30936.0,-349086464.0,00446003472-49147055,2910
1753230,8,20230516,20230628,20230628,456,1769,49,-5.0,-5642075.0,00446003472-49105934,2910
1753231,8,20230516,20230628,20230628,456,1769,49,-5.0,-5642075.0,00446003472-49147012,2910
1753232,8,20230516,20230628,20230628,456,1769,49,-5.0,-5642075.0,00446003472-49147014,2910
1753233,8,20230516,20230628,20230628,456,1870,49,-19278.0,-217535844.0,00446003472-49105936,2910
1753234,8,20230516,20230628,20230628,456,1870,49,-18743.0,-211498823.0,00446003472-49147016,2910
1753235,8,20230516,20230628,20230628,456,1870,49,-3856.0,-43511682.0,00446003472-49098287,2910
1753236,8,20230516,20230628,20230628,457,1769,49,-5.0,-5642075.0,00446003472-49147079,2910
1753237,8,20230516,20230628,20230628,457,1870,49,-68972.0,-778290394.0,00446003472-49147081,2910
1753238,8,20230516,20230628,20230628,457,1870,49,-16691.0,-188343748.0,00446003472-49105940,2910
1753239,8,20230516,20230628,20230628,459,1769,49,-5.0,-5642075.0,00446003472-49105918,2910
1753240,8,20230516,20230628,20230628,459,1769,49,-5.0,-5642075.0,00446003472-49146918,2910
1753241,8,20230516,20230628,20230628,459,1769,49,-5.0,-5642075.0,00446003472-49146920,2910
1753242,8,20230516,20230628,20230628,459,1870,49,-17571.0,-1982738.0,00446003472-49098283,2910
1753243,8,20230516,20230628,20230628,459,1870,49,-17571.0,-1982738.0,00446003472-49105920,2910
1753244,8,20230516,20230628,20230628,459,1870,49,-17385.0,-196174948.0,00446003472-49146922,2910
1753245,8,20230516,20230628,20230628,466,1769,49,-372.0,-4197704.0,00446003472-49136087,2910
1753246,8,20230516,20230628,20230628,466,1869,49,-8.0,-902732.0,00446003472-49136089,2910
1753247,8,20230516,20230628,20230628,466,1870,49,-3918.0,-442113.0,00446003472-49136091,2910
1753248,8,20230516,20230628,20230628,468,1870,49,-14329.0,-161690585.0,00446003472-49147114,2910
1753249,8,20230516,20230628,20230628,472,1870,49,-13717.0,-154784686.0,00446003472-49147512,2910
1753250,8,20230516,20230628,20230628,474,1769,49,-1183.0,-13349149.0,00446003472-49147244,2910
1753251,8,20230516,20230628,20230628,474,1769,49,-5.0,-5642075.0,00446003472-49147246,2910
1753252,8,20230516,20230628,20230628,474,1870,49,-12457.0,-140566657.0,00446003472-49147248,2910
1753253,8,20230516,20230628,20230628,474,1870,49,-2728.0,-30783161.0,00446003472-49105976,2910
1753254,8,20230516,20230628,20230628,480,1870,49,-4036.0,-455428294.0,00446003472-49105968,2910
1753255,8,20230516,20230628,20230628,482,1870,49,-7326.0,-82667683.0,00446003472-49147313,2910
1594728,8,20230502,20230423,20230423,263,1869,49,-8.0,-902732.0,00446003457-46801282,2910
1594729,8,20230502,20230423,20230423,263,1870,49,-39842.0,-449583104.0,00446003457-46801284,2910
1594730,8,20230502,20230423,20230423,271,1870,49,-21179.0,-238987013.0,00446003457-46801294,2910
1594731,8,20230502,20230423,20230423,279,1870,49,-19043.0,-214884068.0,00446003457-46801519,2910
1594732,8,20230502,20230423,20230423,322,1870,49,-15303.0,-172681347.0,00446003457-46801837,2910
1594733,8,20230502,20230423,20230423,325,1870,49,-8102.0,-91424183.0,00446003457-46801845,2910
1594734,8,20230502,20230423,20230423,375,1870,49,-11413.0,-128786004.0,00446003457-46840107,2910
1594735,8,20230502,20230423,20230423,380,1870,49,-8364.0,-94380631.0,00446003457-46839943,2910
1594736,8,20230502,20230423,20230423,400,1870,49,-27764.0,-313293141.0,00446003457-46814092,2910
1594737,8,20230502,20230423,20230423,410,1870,49,-5224.0,-589484.0,00446003457-46840188,2910
1594738,8,20230502,20230423,20230423,418,1870,49,-21136.0,-238501794.0,00446003457-46793389,2910
1594739,8,20230502,20230423,20230423,440,1870,49,-6276.0,-70819325.0,00446003457-46840551,2910
1594740,8,20230502,20230423,20230423,450,1821,49,-2934.0,-33107696.0,00446003457-46840624,2910
1594741,8,20230502,20230423,20230423,450,1870,49,-14669.0,-165527196.0,00446003457-46840620,2910
1594742,8,20230502,20230423,20230423,452,1870,49,-37453.0,-42262527.0,00446003457-46840673,2910
1594743,8,20230502,20230423,20230423,454,1869,49,-8.0,-902732.0,00446003457-46840663,2910
1594744,8,20230502,20230423,20230423,454,1870,49,-30936.0,-349086464.0,00446003457-46840665,2910
1594745,8,20230502,20230423,20230423,456,1870,49,-15422.0,-174024161.0,00446003457-46840655,2910
1594746,8,20230502,20230423,20230423,472,1870,49,-14724.0,-166147825.0,00446003457-46840935,2910
1594747,8,20230502,20230423,20230423,480,1870,49,-4036.0,-455428294.0,00446003457-46840759,2910
1740983,8,20230509,20230601,20230601,12,1870,49,-41767.0,-471305093.0,00446003468-48292402,2910
1740984,8,20230509,20230601,20230601,37,1821,49,-1834345.0,-2069902413.0,00446003468-48293003,2910
1740985,8,20230509,20230601,20230601,37,1870,49,-38913.0,-439100129.0,00446003468-48292999,2910
1740986,8,20230509,20230601,20230601,125,1870,49,-29268.0,-330264502.0,00446003468-48292816,2910
1740987,8,20230509,20230601,20230601,177,1769,49,-5.0,-5642075.0,00446003468-48292867,2910
1740988,8,20230509,20230601,20230601,177,1870,49,-22886.0,-258249057.0,00446003468-48286302,2910
1740989,8,20230509,20230601,20230601,177,1870,49,-64.0,-7221856.0,00446003468-48292869,2910
1740990,8,20230509,20230601,20230601,223,1870,49,-35762.0,-403543772.0,00446003468-48293006,2910
1740991,8,20230509,20230601,20230601,373,1870,49,-10622.0,-119860241.0,00446003468-48297152,2910
1753256,8,20230516,20230628,20230628,486,1870,49,-19797.0,-223392318.0,00446003472-49105988,2910
1753257,8,20230516,20230628,20230628,488,1870,49,-4635.0,-52302035.0,00446003472-49147122,2910
1753258,8,20230516,20230628,20230628,494,1870,49,-6754.0,-76213149.0,00446003472-49148976,2910
1761543,8,20230517,20230701,20230701,14,1821,49,-4003236.0,-4517311551.0,00446003473-49314755,2910
1761544,8,20230517,20230701,20230701,14,1870,49,-55695.0,-628470734.0,00446003473-49314751,2910
1761545,8,20230517,20230701,20230701,95,1870,49,-25449.0,-287170333.0,00446003473-49314825,2910
1761546,8,20230517,20230701,20230701,314,1870,49,-45033.0,-508159127.0,00446003473-49315412,2910
1761547,8,20230517,20230701,20230701,322,1870,49,-15237.0,-171936594.0,00446003473-49315424,2910
1761548,8,20230517,20230701,20230701,346,1870,49,-28268.0,-318980352.0,00446003473-49315543,2910
1761549,8,20230517,20230701,20230701,355,1769,49,-5.0,-5642075.0,00446003473-49329092,2910
1761550,8,20230517,20230701,20230701,355,1870,49,-7222.0,-81494131.0,00446003473-49311238,2910
1761551,8,20230517,20230701,20230701,355,1870,49,-7222.0,-81494131.0,00446003473-49329094,2910
1740992,8,20230509,20230601,20230601,414,1870,49,-4454.0,-50259604.0,00446003468-48289200,2910
1740993,8,20230509,20230601,20230601,451,1821,49,-1345496.0,-1518277869.0,00446003468-48308688,2910
1740994,8,20230509,20230601,20230601,451,1870,49,-19516.0,-220221471.0,00446003468-48308684,2910
1740995,8,20230509,20230601,20230601,474,1769,49,-1183.0,-13349149.0,00446003468-48308754,2910
1740996,8,20230509,20230601,20230601,474,1870,49,-9729.0,-109783495.0,00446003468-48308756,2910
1740997,8,20230509,20230601,20230601,484,1869,49,-8.0,-902732.0,00446003468-48308791,2910
1740998,8,20230509,20230601,20230601,484,1870,49,-48665.0,-54914316.0,00446003468-48308793,2910
1740999,8,20230509,20230601,20230601,498,1870,49,-5482.0,-6185971.0,00446003468-48308813,2910
1679384,8,20230503,20230510,20230510,360,1870,49,-11988.0,-13527439.0,00446003463-47230833,2910
1679385,8,20230503,20230510,20230510,363,1870,49,-36116.0,-407538361.0,00446003463-47230854,2910
1679386,8,20230503,20230510,20230510,367,1821,49,-668612.0,-75447181.0,00446003463-47230866,2910
1679387,8,20230503,20230510,20230510,367,1870,49,-18118.0,-20444623.0,00446003463-47230862,2910
1679388,8,20230503,20230510,20230510,413,1821,49,-85337.0,-962955509.0,00446003463-47221227,2910
1679389,8,20230503,20230510,20230510,413,1870,49,-5161.0,-58237498.0,00446003463-47221223,2910
1679390,8,20230503,20230510,20230510,414,1870,49,-17818.0,-201060985.0,00446003463-47231003,2910
1679391,8,20230503,20230510,20230510,442,1769,49,-5.0,-5642075.0,00446003463-47220471,2910
1679392,8,20230503,20230510,20230510,442,1870,49,-16593.0,-187237901.0,00446003463-47209246,2910
1679393,8,20230503,20230510,20230510,442,1870,49,-16539.0,-186628557.0,00446003463-47220473,2910
1679394,8,20230503,20230510,20230510,446,1769,49,-5.0,-5642075.0,00446003463-47208966,2910
1679395,8,20230503,20230510,20230510,446,1769,49,-5.0,-5642075.0,00446003463-47219472,2910
1679396,8,20230503,20230510,20230510,446,1769,49,-5.0,-5642075.0,00446003463-47219474,2910
1679397,8,20230503,20230510,20230510,446,1870,49,-7671.0,-86560715.0,00446003463-47206491,2910
1679398,8,20230503,20230510,20230510,446,1870,49,-7671.0,-86560715.0,00446003463-47208968,2910
1679399,8,20230503,20230510,20230510,446,1870,49,-7637.0,-86177054.0,00446003463-47219476,2910
1034893,8,20230124,20230124,20230124,448,1870,49,-24645.0,-278097877.0,00446003391-42518613,2910
1035564,8,20230126,20230126,20230126,55,1870,49,-38242.0,-431528464.0,00446003397-42529128,2910
1035565,8,20230126,20230126,20230126,182,1870,49,-100.0,-1128415.0,00446003397-42529041,2910
1035566,8,20230126,20230126,20230126,363,1870,49,-36101.0,-407369099.0,00446003397-42534778,2910
1035567,8,20230126,20230126,20230126,386,1870,49,-60866.0,-686821074.0,00446003397-42534812,2910
1035568,8,20230126,20230126,20230126,452,1870,49,-37325.0,-421180899.0,00446003397-42534960,2910
1035569,8,20230126,20230126,20230126,454,1870,49,-30709.0,-346524962.0,00446003397-42534964,2910
1035570,8,20230126,20230126,20230126,482,1821,49,-337.0,-3802759.0,00446003397-42535023,2910
1035571,8,20230126,20230126,20230126,482,1870,49,-7663.0,-86470441.0,00446003397-42535019,2910
1789255,8,20230519,20230710,20230710,24,1769,49,-377.0,-42541246.0,00446003474-49338402,2910
1789256,8,20230519,20230710,20230710,24,1870,49,-39685.0,-447811493.0,00446003474-49338404,2910
1789257,8,20230519,20230710,20230710,217,1769,49,-5.0,-5642075.0,00446003474-49332481,2910
1789258,8,20230519,20230710,20230710,217,1870,49,-25717.0,-290194486.0,00446003474-49332483,2910
1789259,8,20230519,20230710,20230710,377,1821,49,-4858371.0,-5482258712.0,00446003474-49351226,2910
1789260,8,20230519,20230710,20230710,377,1870,49,-64728.0,-730400461.0,00446003474-49351222,2910
1789261,8,20230519,20230710,20230710,382,1870,49,-4989.0,-56296624.0,00446003474-49351392,2910
1789262,8,20230519,20230710,20230710,417,1870,49,-12629.0,-14250753.0,00446003474-49342940,2910
1789263,8,20230519,20230710,20230710,484,1870,49,-48665.0,-54914316.0,00446003474-49352453,2910
