LoanAccountBalanceId,SourceId,BalanceDateId,LoanAccountId,ProductId,AccountCurrencyId,AccountStatusId,NumOfTransactions,NetTransactionAmount,NetTransactionAmountSek,AccruedInterest,AccruedInterestSEK,Balance,BalanceSek,LTV,PrecedingId
9937,8,2023-06-04,2,293,49,331,0,0,0,0.0,0.0,2759169.0,3113487687.0,0,0
92431,8,2023-06-05,2,293,49,331,0,0,0,0.0,0.0,2759169.0,3113487687.0,0,9937
174824,8,2023-06-06,2,293,49,331,0,0,0,0.0,0.0,2759169.0,3113487687.0,0,92431
257217,8,2023-06-07,2,293,49,331,0,0,0,0.0,0.0,2759169.0,3113487687.0,0,174824
339610,8,2023-06-08,2,293,49,331,0,0,0,0.0,0.0,2759169.0,3113487687.0,0,257217
422003,8,2023-06-15,2,293,49,331,0,0,0,0.0,0.0,2759169.0,3113487687.0,0,339610
504396,8,2023-06-16,2,293,49,331,0,0,0,0.0,0.0,2759169.0,3113487687.0,0,422003
586789,8,2023-06-17,2,293,49,331,0,0,0,0.0,0.0,2759169.0,3113487687.0,0,504396
669182,8,2023-06-18,2,293,49,331,0,0,0,0.0,0.0,2759169.0,3113487687.0,0,586789
751574,8,2023-06-19,2,293,49,331,0,0,0,0.0,0.0,0.0,0.0,0,669182
1381354,8,2023-11-27,2,293,49,331,0,0,0,0.0,0.0,335143.0,3781803884.0,0,751574
1563947,8,2024-02-06,2,293,49,331,0,0,0,0.0,0.0,3314111.0,3739692564.0,0,1381354
1788429,8,2024-03-30,2,344,49,331,0,0,0,0.0,0.0,3837155.0,4329903259.0,0,1563947
1893649,8,2024-05-12,2,344,49,331,0,0,0,23586.0,266147962.0,3783451.0,426930286.0,0,1788429
9938,8,2023-06-04,5,293,49,331,0,0,0,0.0,0.0,3073219.0,3467866418.0,0,0
92432,8,2023-06-05,5,293,49,331,0,0,0,0.0,0.0,3073219.0,3467866418.0,0,9938
174825,8,2023-06-06,5,293,49,331,0,0,0,0.0,0.0,3073219.0,3467866418.0,0,92432
257218,8,2023-06-07,5,293,49,331,0,0,0,0.0,0.0,3073219.0,3467866418.0,0,174825
339611,8,2023-06-08,5,293,49,331,0,0,0,0.0,0.0,3073219.0,3467866418.0,0,257218
422004,8,2023-06-15,5,293,49,331,0,0,0,0.0,0.0,3073219.0,3467866418.0,0,339611
504397,8,2023-06-16,5,293,49,331,0,0,0,0.0,0.0,3073219.0,3467866418.0,0,422004
586790,8,2023-06-17,5,293,49,331,0,0,0,0.0,0.0,3073219.0,3467866418.0,0,504397
669183,8,2023-06-18,5,293,49,331,0,0,0,0.0,0.0,3073219.0,3467866418.0,0,586790
751575,8,2023-06-19,5,293,49,331,0,0,0,0.0,0.0,0.0,0.0,0,669183
1381355,8,2023-11-27,5,293,49,373,0,0,0,0.0,0.0,3002414.0,3387968994.0,0,751575
1563948,8,2024-02-06,5,293,49,373,0,0,0,0.0,0.0,2969601.0,3350942312.0,0,1381355
1788430,8,2024-03-30,5,293,49,373,0,0,0,0.0,0.0,2954556.0,3333965309.0,0,1563948
1893650,8,2024-05-12,5,293,49,331,0,0,0,2046.0,230873709.0,2825662.0,3188519386.0,0,1788430
9939,8,2023-06-04,6,293,49,331,0,0,0,0.0,0.0,3139443.0,3542594573.0,0,0
92433,8,2023-06-05,6,293,49,331,0,0,0,0.0,0.0,3139443.0,3542594573.0,0,9939
174826,8,2023-06-06,6,293,49,331,0,0,0,0.0,0.0,3139443.0,3542594573.0,0,92433
257219,8,2023-06-07,6,293,49,331,0,0,0,0.0,0.0,3139443.0,3542594573.0,0,174826
339612,8,2023-06-08,6,293,49,331,0,0,0,0.0,0.0,3139443.0,3542594573.0,0,257219
422005,8,2023-06-15,6,293,49,331,0,0,0,0.0,0.0,3139443.0,3542594573.0,0,339612
504398,8,2023-06-16,6,293,49,331,0,0,0,0.0,0.0,3139443.0,3542594573.0,0,422005
586791,8,2023-06-17,6,293,49,331,0,0,0,0.0,0.0,3139443.0,3542594573.0,0,504398
669184,8,2023-06-18,6,293,49,331,0,0,0,0.0,0.0,3139443.0,3542594573.0,0,586791
751576,8,2023-06-19,6,293,49,331,0,0,0,0.0,0.0,0.0,0.0,0,669184
1381356,8,2023-11-27,6,293,49,331,0,0,0,0.0,0.0,3117968.0,3518361861.0,0,751576
1563949,8,2024-02-06,6,293,49,331,0,0,0,0.0,0.0,3205747.0,3617413001.0,0,1381356
1788431,8,2024-03-30,6,293,49,331,0,0,0,0.0,0.0,3079314.0,3474744107.0,0,1563949
1893651,8,2024-05-12,6,293,49,373,0,0,0,20159.0,22747718.0,3035851.0,3425699806.0,0,1788431
9940,8,2023-06-04,7,293,49,331,0,0,0,0.0,0.0,3941555.0,4447709785.0,0,0
92434,8,2023-06-05,7,293,49,331,0,0,0,0.0,0.0,3941555.0,4447709785.0,0,9940
174827,8,2023-06-06,7,293,49,331,0,0,0,0.0,0.0,3941555.0,4447709785.0,0,92434
257220,8,2023-06-07,7,293,49,331,0,0,0,0.0,0.0,3941555.0,4447709785.0,0,174827
339613,8,2023-06-08,7,293,49,331,0,0,0,0.0,0.0,3941555.0,4447709785.0,0,257220
422006,8,2023-06-15,7,293,49,331,0,0,0,0.0,0.0,3941555.0,4447709785.0,0,339613
504399,8,2023-06-16,7,293,49,331,0,0,0,0.0,0.0,3941555.0,4447709785.0,0,422006
586792,8,2023-06-17,7,293,49,331,0,0,0,0.0,0.0,3941555.0,4447709785.0,0,504399
669185,8,2023-06-18,7,293,49,331,0,0,0,0.0,0.0,3941555.0,4447709785.0,0,586792
751577,8,2023-06-19,7,293,49,331,0,0,0,0.0,0.0,0.0,0.0,0,669185
1381357,8,2023-11-27,7,293,49,331,0,0,0,0.0,0.0,3932175.0,4437125253.0,0,751577
1563950,8,2024-02-06,7,293,49,331,0,0,0,0.0,0.0,3969926.0,4479724047.0,0,1381357
1788432,8,2024-03-30,7,344,49,331,0,0,0,0.0,0.0,3908456.0,4410360377.0,0,1563950
1893652,8,2024-05-12,7,344,49,331,0,0,0,21161.0,238783898.0,385666.0,4351912994.0,0,1788432
9941,8,2023-06-04,8,293,49,331,0,0,0,0.0,0.0,1293729.0,145986321.0,0,0
92435,8,2023-06-05,8,293,49,331,0,0,0,0.0,0.0,1293729.0,145986321.0,0,9941
174828,8,2023-06-06,8,293,49,331,0,0,0,0.0,0.0,1293729.0,145986321.0,0,92435
257221,8,2023-06-07,8,293,49,331,0,0,0,0.0,0.0,1293729.0,145986321.0,0,174828
339614,8,2023-06-08,8,293,49,331,0,0,0,0.0,0.0,1293729.0,145986321.0,0,257221
422007,8,2023-06-15,8,293,49,331,0,0,0,0.0,0.0,1293729.0,145986321.0,0,339614
504400,8,2023-06-16,8,293,49,331,0,0,0,0.0,0.0,1293729.0,145986321.0,0,422007
586793,8,2023-06-17,8,293,49,331,0,0,0,0.0,0.0,1293729.0,145986321.0,0,504400
669186,8,2023-06-18,8,293,49,331,0,0,0,0.0,0.0,1293729.0,145986321.0,0,586793
751578,8,2023-06-19,8,293,49,331,0,0,0,0.0,0.0,0.0,0.0,0,669186
1381358,8,2023-11-27,8,293,49,373,0,0,0,0.0,0.0,1253745.0,1414744664.0,0,751578
1563951,8,2024-02-06,8,293,49,373,0,0,0,0.0,0.0,1198114.0,1351969809.0,0,1381358
1788433,8,2024-03-30,8,293,49,331,0,0,0,0.0,0.0,1238235.0,1397242948.0,0,1563951
1893653,8,2024-05-12,8,293,49,331,0,0,0,8594.0,96975985.0,1213984.0,1369877755.0,0,1788433
9942,8,2023-06-04,9,293,49,331,0,0,0,0.0,0.0,3754729.0,4236892525.0,0,0
92436,8,2023-06-05,9,293,49,331,0,0,0,0.0,0.0,3754729.0,4236892525.0,0,9942
174829,8,2023-06-06,9,293,49,331,0,0,0,0.0,0.0,3754729.0,4236892525.0,0,92436
257222,8,2023-06-07,9,293,49,331,0,0,0,0.0,0.0,3754729.0,4236892525.0,0,174829
339615,8,2023-06-08,9,293,49,331,0,0,0,0.0,0.0,3754729.0,4236892525.0,0,257222
422008,8,2023-06-15,9,293,49,331,0,0,0,0.0,0.0,3754729.0,4236892525.0,0,339615
504401,8,2023-06-16,9,293,49,331,0,0,0,0.0,0.0,3754729.0,4236892525.0,0,422008
586794,8,2023-06-17,9,293,49,331,0,0,0,0.0,0.0,3754729.0,4236892525.0,0,504401
669187,8,2023-06-18,9,293,49,331,0,0,0,0.0,0.0,3754729.0,4236892525.0,0,586794
751579,8,2023-06-19,9,293,49,331,0,0,0,0.0,0.0,0.0,0.0,0,669187
1381359,8,2023-11-27,9,293,49,331,0,0,0,0.0,0.0,3703002.0,4178523002.0,0,751579
1563952,8,2024-02-06,9,293,49,331,0,0,0,0.0,0.0,3610994.0,4074699795.0,0,1381359
1788434,8,2024-03-30,9,344,49,373,0,0,0,0.0,0.0,3714341.0,41913181.0,0,1563952
1893654,8,2024-05-12,9,344,49,374,0,0,0,1731.0,195328637.0,3714341.0,41913181.0,0,1788434
9943,8,2023-06-04,10,293,49,331,0,0,0,0.0,0.0,2083731.0,2351313316.0,0,0
92437,8,2023-06-05,10,293,49,331,0,0,0,0.0,0.0,2083731.0,2351313316.0,0,9943
174830,8,2023-06-06,10,293,49,331,0,0,0,0.0,0.0,2083731.0,2351313316.0,0,92437
257223,8,2023-06-07,10,293,49,331,0,0,0,0.0,0.0,2083731.0,2351313316.0,0,174830
339616,8,2023-06-08,10,293,49,331,0,0,0,0.0,0.0,2083731.0,2351313316.0,0,257223
422009,8,2023-06-15,10,293,49,331,0,0,0,0.0,0.0,2083731.0,2351313316.0,0,339616
504402,8,2023-06-16,10,293,49,331,0,0,0,0.0,0.0,2083731.0,2351313316.0,0,422009
586795,8,2023-06-17,10,293,49,331,0,0,0,0.0,0.0,2083731.0,2351313316.0,0,504402
669188,8,2023-06-18,10,293,49,331,0,0,0,0.0,0.0,2083731.0,2351313316.0,0,586795
751580,8,2023-06-19,10,293,49,331,0,0,0,0.0,0.0,0.0,0.0,0,669188
1381360,8,2023-11-27,10,293,49,331,0,0,0,0.0,0.0,2063433.0,2328408749.0,0,751580
1563953,8,2024-02-06,10,293,49,331,0,0,0,0.0,0.0,2077291.0,2344046324.0,0,1381360
1788435,8,2024-03-30,10,344,49,331,0,0,0,0.0,0.0,2076731.0,2343414411.0,0,1563953
1893655,8,2024-05-12,10,344,49,373,0,0,0,12785.0,144267858.0,2076731.0,2343414411.0,0,1788435
9944,8,2023-06-04,11,293,49,331,0,0,0,0.0,0.0,2083731.0,2351313316.0,0,0
92438,8,2023-06-05,11,293,49,331,0,0,0,0.0,0.0,2083731.0,2351313316.0,0,9944
174831,8,2023-06-06,11,293,49,331,0,0,0,0.0,0.0,2083731.0,2351313316.0,0,92438
257224,8,2023-06-07,11,293,49,331,0,0,0,0.0,0.0,2083731.0,2351313316.0,0,174831
339617,8,2023-06-08,11,293,49,331,0,0,0,0.0,0.0,2083731.0,2351313316.0,0,257224
422010,8,2023-06-15,11,293,49,331,0,0,0,0.0,0.0,2083731.0,2351313316.0,0,339617
504403,8,2023-06-16,11,293,49,331,0,0,0,0.0,0.0,2083731.0,2351313316.0,0,422010
586796,8,2023-06-17,11,293,49,331,0,0,0,0.0,0.0,2083731.0,2351313316.0,0,504403
669189,8,2023-06-18,11,293,49,331,0,0,0,0.0,0.0,2083731.0,2351313316.0,0,586796
751581,8,2023-06-19,11,293,49,331,0,0,0,0.0,0.0,0.0,0.0,0,669189
1381361,8,2023-11-27,11,293,49,331,0,0,0,0.0,0.0,2063433.0,2328408749.0,0,751581
1563954,8,2024-02-06,11,293,49,331,0,0,0,0.0,0.0,2077291.0,2344046324.0,0,1381361
1788436,8,2024-03-30,11,344,49,331,0,0,0,0.0,0.0,2076731.0,2343414411.0,0,1563954
1893656,8,2024-05-12,11,344,49,373,0,0,0,12785.0,144267858.0,2076731.0,2343414411.0,0,1788436
9945,8,2023-06-04,12,293,49,331,0,0,0,0.0,0.0,2431127.0,2743320174.0,0,0
92439,8,2023-06-05,12,293,49,331,0,0,0,0.0,0.0,2431127.0,2743320174.0,0,9945
174832,8,2023-06-06,12,293,49,331,0,0,0,0.0,0.0,2431127.0,2743320174.0,0,92439
257225,8,2023-06-07,12,293,49,331,0,0,0,0.0,0.0,2431127.0,2743320174.0,0,174832
339618,8,2023-06-08,12,293,49,331,0,0,0,0.0,0.0,2431127.0,2743320174.0,0,257225
422011,8,2023-06-15,12,293,49,331,0,0,0,0.0,0.0,2431127.0,2743320174.0,0,339618
504404,8,2023-06-16,12,293,49,331,0,0,0,0.0,0.0,2431127.0,2743320174.0,0,422011
586797,8,2023-06-17,12,293,49,331,0,0,0,0.0,0.0,2431127.0,2743320174.0,0,504404
669190,8,2023-06-18,12,293,49,331,0,0,0,0.0,0.0,2431127.0,2743320174.0,0,586797
751582,8,2023-06-19,12,293,49,331,0,0,0,0.0,0.0,0.0,0.0,0,669190
1381362,8,2023-11-27,12,293,49,331,0,0,0,0.0,0.0,2357228.0,2659931434.0,0,751582
1563955,8,2024-02-06,12,293,49,331,0,0,0,0.0,0.0,2432103.0,2744421507.0,0,1381362
1788437,8,2024-03-30,12,293,49,373,0,0,0,0.0,0.0,2420338.0,2731145704.0,0,1563955
1893657,8,2024-05-12,12,293,49,373,0,0,0,17768.0,200496777.0,2373847.0,2678684563.0,0,1788437
9946,8,2023-06-04,13,293,49,331,0,0,0,0.0,0.0,4092607.0,4618159128.0,0,0
92440,8,2023-06-05,13,293,49,331,0,0,0,0.0,0.0,4092607.0,4618159128.0,0,9946
174833,8,2023-06-06,13,293,49,331,0,0,0,0.0,0.0,4092607.0,4618159128.0,0,92440
257226,8,2023-06-07,13,293,49,331,0,0,0,0.0,0.0,4092607.0,4618159128.0,0,174833
339619,8,2023-06-08,13,293,49,331,0,0,0,0.0,0.0,4092607.0,4618159128.0,0,257226
422012,8,2023-06-15,13,293,49,331,0,0,0,0.0,0.0,4092607.0,4618159128.0,0,339619
504405,8,2023-06-16,13,293,49,331,0,0,0,0.0,0.0,4092607.0,4618159128.0,0,422012
586798,8,2023-06-17,13,293,49,331,0,0,0,0.0,0.0,4092607.0,4618159128.0,0,504405
669191,8,2023-06-18,13,293,49,331,0,0,0,0.0,0.0,4092607.0,4618159128.0,0,586798
751583,8,2023-06-19,13,293,49,331,0,0,0,0.0,0.0,0.0,0.0,0,669191
1381363,8,2023-11-27,13,293,49,331,0,0,0,0.0,0.0,4134655.0,4665606722.0,0,751583
1563956,8,2024-02-06,13,293,49,331,0,0,0,0.0,0.0,4178333.0,4714893632.0,0,1381363
1788438,8,2024-03-30,13,344,49,373,0,0,0,0.0,0.0,3719576.0,4197225352.0,0,1563956
1893658,8,2024-05-12,13,344,49,331,0,0,0,22829.0,25760586.0,3606859.0,4070033799.0,0,1788438
9947,8,2023-06-04,14,293,49,331,0,0,0,0.0,0.0,4092607.0,4618159128.0,0,0
92441,8,2023-06-05,14,293,49,331,0,0,0,0.0,0.0,4092607.0,4618159128.0,0,9947
174834,8,2023-06-06,14,293,49,331,0,0,0,0.0,0.0,4092607.0,4618159128.0,0,92441
257227,8,2023-06-07,14,293,49,331,0,0,0,0.0,0.0,4092607.0,4618159128.0,0,174834
339620,8,2023-06-08,14,293,49,331,0,0,0,0.0,0.0,4092607.0,4618159128.0,0,257227
422013,8,2023-06-15,14,293,49,331,0,0,0,0.0,0.0,4092607.0,4618159128.0,0,339620
504406,8,2023-06-16,14,293,49,331,0,0,0,0.0,0.0,4092607.0,4618159128.0,0,422013
586799,8,2023-06-17,14,293,49,331,0,0,0,0.0,0.0,4092607.0,4618159128.0,0,504406
669192,8,2023-06-18,14,293,49,331,0,0,0,0.0,0.0,4092607.0,4618159128.0,0,586799
751584,8,2023-06-19,14,293,49,331,0,0,0,0.0,0.0,0.0,0.0,0,669192
1381364,8,2023-11-27,14,293,49,331,0,0,0,0.0,0.0,4134655.0,4665606722.0,0,751584
1563957,8,2024-02-06,14,293,49,331,0,0,0,0.0,0.0,4178333.0,4714893632.0,0,1381364
1788439,8,2024-03-30,14,344,49,373,0,0,0,0.0,0.0,3719576.0,4197225352.0,0,1563957
1893659,8,2024-05-12,14,344,49,331,0,0,0,22829.0,25760586.0,3606859.0,4070033799.0,0,1788439
9948,8,2023-06-04,15,293,49,331,0,0,0,0.0,0.0,2304883.0,260086455.0,0,0
92442,8,2023-06-05,15,293,49,331,0,0,0,0.0,0.0,2304883.0,260086455.0,0,9948
174835,8,2023-06-06,15,293,49,331,0,0,0,0.0,0.0,2304883.0,260086455.0,0,92442
257228,8,2023-06-07,15,293,49,331,0,0,0,0.0,0.0,2304883.0,260086455.0,0,174835
339621,8,2023-06-08,15,293,49,331,0,0,0,0.0,0.0,2304883.0,260086455.0,0,257228
422014,8,2023-06-15,15,293,49,331,0,0,0,0.0,0.0,2304883.0,260086455.0,0,339621
504407,8,2023-06-16,15,293,49,331,0,0,0,0.0,0.0,2304883.0,260086455.0,0,422014
586800,8,2023-06-17,15,293,49,331,0,0,0,0.0,0.0,2304883.0,260086455.0,0,504407
669193,8,2023-06-18,15,293,49,331,0,0,0,0.0,0.0,2304883.0,260086455.0,0,586800
751585,8,2023-06-19,15,293,49,331,0,0,0,0.0,0.0,0.0,0.0,0,669193
1381365,8,2023-11-27,15,293,49,331,0,0,0,0.0,0.0,2245978.0,2534395265.0,0,751585
1563958,8,2024-02-06,15,293,49,331,0,0,0,0.0,0.0,2265819.0,2556784147.0,0,1381365
1788440,8,2024-03-30,15,344,49,331,0,0,0,0.0,0.0,220479.0,2487918108.0,0,1563958
1893660,8,2024-05-12,15,344,49,331,0,0,0,15302.0,172670063.0,2158981.0,2436226545.0,0,1788440
9949,8,2023-06-04,18,293,49,331,0,0,0,0.0,0.0,3247589.0,3664628141.0,0,0
92443,8,2023-06-05,18,293,49,331,0,0,0,0.0,0.0,3247589.0,3664628141.0,0,9949
174836,8,2023-06-06,18,293,49,331,0,0,0,0.0,0.0,3247589.0,3664628141.0,0,92443
257229,8,2023-06-07,18,293,49,331,0,0,0,0.0,0.0,3247589.0,3664628141.0,0,174836
339622,8,2023-06-08,18,293,49,331,0,0,0,0.0,0.0,3247589.0,3664628141.0,0,257229
422015,8,2023-06-15,18,293,49,331,0,0,0,0.0,0.0,3247589.0,3664628141.0,0,339622
504408,8,2023-06-16,18,293,49,331,0,0,0,0.0,0.0,3247589.0,3664628141.0,0,422015
586801,8,2023-06-17,18,293,49,331,0,0,0,0.0,0.0,3247589.0,3664628141.0,0,504408
669194,8,2023-06-18,18,293,49,331,0,0,0,0.0,0.0,3247589.0,3664628141.0,0,586801
751586,8,2023-06-19,18,293,49,331,0,0,0,0.0,0.0,0.0,0.0,0,669194
1381366,8,2023-11-27,18,293,49,331,0,0,0,0.0,0.0,3139394.0,3542539281.0,0,751586
1563959,8,2024-02-06,18,293,49,331,0,0,0,0.0,0.0,3209392.0,3621526074.0,0,1381366
1788441,8,2024-03-30,18,344,49,331,0,0,0,0.0,0.0,3076068.0,3471081272.0,0,1563959
1893661,8,2024-05-12,18,344,49,373,0,0,0,15853.0,17888763.0,3076068.0,3471081272.0,0,1788441
9950,8,2023-06-04,19,293,49,331,0,0,0,0.0,0.0,3247589.0,3664628141.0,0,0
92444,8,2023-06-05,19,293,49,331,0,0,0,0.0,0.0,3247589.0,3664628141.0,0,9950
174837,8,2023-06-06,19,293,49,331,0,0,0,0.0,0.0,3247589.0,3664628141.0,0,92444
257230,8,2023-06-07,19,293,49,331,0,0,0,0.0,0.0,3247589.0,3664628141.0,0,174837
339623,8,2023-06-08,19,293,49,331,0,0,0,0.0,0.0,3247589.0,3664628141.0,0,257230
422016,8,2023-06-15,19,293,49,331,0,0,0,0.0,0.0,3247589.0,3664628141.0,0,339623
504409,8,2023-06-16,19,293,49,331,0,0,0,0.0,0.0,3247589.0,3664628141.0,0,422016
586802,8,2023-06-17,19,293,49,331,0,0,0,0.0,0.0,3247589.0,3664628141.0,0,504409
669195,8,2023-06-18,19,293,49,331,0,0,0,0.0,0.0,3247589.0,3664628141.0,0,586802
751587,8,2023-06-19,19,293,49,331,0,0,0,0.0,0.0,0.0,0.0,0,669195
1381367,8,2023-11-27,19,293,49,331,0,0,0,0.0,0.0,3139394.0,3542539281.0,0,751587
1563960,8,2024-02-06,19,293,49,331,0,0,0,0.0,0.0,3209392.0,3621526074.0,0,1381367
1788442,8,2024-03-30,19,344,49,331,0,0,0,0.0,0.0,3076068.0,3471081272.0,0,1563960
1893662,8,2024-05-12,19,344,49,373,0,0,0,15853.0,17888763.0,3076068.0,3471081272.0,0,1788442
9951,8,2023-06-04,22,293,49,331,0,0,0,0.0,0.0,2891723.0,3263063609.0,0,0
92445,8,2023-06-05,22,293,49,331,0,0,0,0.0,0.0,2891723.0,3263063609.0,0,9951
174838,8,2023-06-06,22,293,49,331,0,0,0,0.0,0.0,2891723.0,3263063609.0,0,92445
257231,8,2023-06-07,22,293,49,331,0,0,0,0.0,0.0,2891723.0,3263063609.0,0,174838
339624,8,2023-06-08,22,293,49,331,0,0,0,0.0,0.0,2891723.0,3263063609.0,0,257231
422017,8,2023-06-15,22,293,49,331,0,0,0,0.0,0.0,2891723.0,3263063609.0,0,339624
504410,8,2023-06-16,22,293,49,331,0,0,0,0.0,0.0,2891723.0,3263063609.0,0,422017
586803,8,2023-06-17,22,293,49,331,0,0,0,0.0,0.0,2891723.0,3263063609.0,0,504410
669196,8,2023-06-18,22,293,49,331,0,0,0,0.0,0.0,2891723.0,3263063609.0,0,586803
751588,8,2023-06-19,22,293,49,331,0,0,0,0.0,0.0,0.0,0.0,0,669196
1381368,8,2023-11-27,22,293,49,331,0,0,0,0.0,0.0,2480763.0,2799330181.0,0,751588
1563961,8,2024-02-06,22,293,49,331,0,0,0,0.0,0.0,2533266.0,2858575353.0,0,1381368
1788443,8,2024-03-30,22,344,49,331,0,0,0,0.0,0.0,2378071.0,2683450988.0,0,1563961
1893663,8,2024-05-12,22,344,49,373,0,0,0,11484.0,129587179.0,2378071.0,2683450988.0,0,1788443
9952,8,2023-06-04,23,293,49,331,0,0,0,0.0,0.0,2267188.0,2558328947.0,0,0
92446,8,2023-06-05,23,293,49,331,0,0,0,0.0,0.0,2267188.0,2558328947.0,0,9952
174839,8,2023-06-06,23,293,49,331,0,0,0,0.0,0.0,2267188.0,2558328947.0,0,92446
257232,8,2023-06-07,23,293,49,331,0,0,0,0.0,0.0,2267188.0,2558328947.0,0,174839
339625,8,2023-06-08,23,293,49,331,0,0,0,0.0,0.0,2267188.0,2558328947.0,0,257232
422018,8,2023-06-15,23,293,49,331,0,0,0,0.0,0.0,2267188.0,2558328947.0,0,339625
504411,8,2023-06-16,23,293,49,331,0,0,0,0.0,0.0,2267188.0,2558328947.0,0,422018
586804,8,2023-06-17,23,293,49,331,0,0,0,0.0,0.0,2267188.0,2558328947.0,0,504411
669197,8,2023-06-18,23,293,49,331,0,0,0,0.0,0.0,2267188.0,2558328947.0,0,586804
751589,8,2023-06-19,23,293,49,331,0,0,0,0.0,0.0,0.0,0.0,0,669197
1381369,8,2023-11-27,23,293,49,331,0,0,0,0.0,0.0,2285598.0,2579103067.0,0,751589
1563962,8,2024-02-06,23,293,49,331,0,0,0,0.0,0.0,2233812.0,2520666968.0,0,1381369
1788444,8,2024-03-30,23,293,49,331,0,0,0,0.0,0.0,2316583.0,2614067006.0,0,1563962
1893664,8,2024-05-12,23,293,49,373,0,0,0,18761.0,211701938.0,2316583.0,2614067006.0,0,1788444
9953,8,2023-06-04,24,293,49,331,0,0,0,0.0,0.0,2267188.0,2558328947.0,0,0
92447,8,2023-06-05,24,293,49,331,0,0,0,0.0,0.0,2267188.0,2558328947.0,0,9953
174840,8,2023-06-06,24,293,49,331,0,0,0,0.0,0.0,2267188.0,2558328947.0,0,92447
257233,8,2023-06-07,24,293,49,331,0,0,0,0.0,0.0,2267188.0,2558328947.0,0,174840
339626,8,2023-06-08,24,293,49,331,0,0,0,0.0,0.0,2267188.0,2558328947.0,0,257233
422019,8,2023-06-15,24,293,49,331,0,0,0,0.0,0.0,2267188.0,2558328947.0,0,339626
504412,8,2023-06-16,24,293,49,331,0,0,0,0.0,0.0,2267188.0,2558328947.0,0,422019
586805,8,2023-06-17,24,293,49,331,0,0,0,0.0,0.0,2267188.0,2558328947.0,0,504412
669198,8,2023-06-18,24,293,49,331,0,0,0,0.0,0.0,2267188.0,2558328947.0,0,586805
751590,8,2023-06-19,24,293,49,331,0,0,0,0.0,0.0,0.0,0.0,0,669198
1381370,8,2023-11-27,24,293,49,331,0,0,0,0.0,0.0,2285598.0,2579103067.0,0,751590
1563963,8,2024-02-06,24,293,49,331,0,0,0,0.0,0.0,2233812.0,2520666968.0,0,1381370
1788445,8,2024-03-30,24,293,49,331,0,0,0,0.0,0.0,2316583.0,2614067006.0,0,1563963
1893665,8,2024-05-12,24,293,49,373,0,0,0,18761.0,211701938.0,2316583.0,2614067006.0,0,1788445
9954,8,2023-06-04,25,293,49,331,0,0,0,0.0,0.0,3960655.0,4469262512.0,0,0
92448,8,2023-06-05,25,293,49,331,0,0,0,0.0,0.0,3960655.0,4469262512.0,0,9954
174841,8,2023-06-06,25,293,49,331,0,0,0,0.0,0.0,3960655.0,4469262512.0,0,92448
257234,8,2023-06-07,25,293,49,331,0,0,0,0.0,0.0,3960655.0,4469262512.0,0,174841
339627,8,2023-06-08,25,293,49,331,0,0,0,0.0,0.0,3960655.0,4469262512.0,0,257234
422020,8,2023-06-15,25,293,49,331,0,0,0,0.0,0.0,3960655.0,4469262512.0,0,339627
504413,8,2023-06-16,25,293,49,331,0,0,0,0.0,0.0,3960655.0,4469262512.0,0,422020
586806,8,2023-06-17,25,293,49,331,0,0,0,0.0,0.0,3960655.0,4469262512.0,0,504413
669199,8,2023-06-18,25,293,49,331,0,0,0,0.0,0.0,3960655.0,4469262512.0,0,586806
751591,8,2023-06-19,25,293,49,331,0,0,0,0.0,0.0,0.0,0.0,0,669199
1381371,8,2023-11-27,25,293,49,331,0,0,0,0.0,0.0,3750037.0,4231598001.0,0,751591
1563964,8,2024-02-06,25,293,49,331,0,0,0,0.0,0.0,377844.0,4263648373.0,0,1381371
1788446,8,2024-03-30,25,293,49,331,0,0,0,0.0,0.0,3832287.0,4324410135.0,0,1563964
1893666,8,2024-05-12,25,293,49,331,0,0,0,20379.0,229959693.0,0.0,0.0,0,1788446
9955,8,2023-06-04,26,293,49,331,0,0,0,0.0,0.0,2913465.0,3287597608.0,0,0
92449,8,2023-06-05,26,293,49,331,0,0,0,0.0,0.0,2913465.0,3287597608.0,0,9955
174842,8,2023-06-06,26,293,49,331,0,0,0,0.0,0.0,2913465.0,3287597608.0,0,92449
257235,8,2023-06-07,26,293,49,331,0,0,0,0.0,0.0,2913465.0,3287597608.0,0,174842
339628,8,2023-06-08,26,293,49,331,0,0,0,0.0,0.0,2913465.0,3287597608.0,0,257235
422021,8,2023-06-15,26,293,49,331,0,0,0,0.0,0.0,2913465.0,3287597608.0,0,339628
504414,8,2023-06-16,26,293,49,331,0,0,0,0.0,0.0,2913465.0,3287597608.0,0,422021
586807,8,2023-06-17,26,293,49,331,0,0,0,0.0,0.0,2913465.0,3287597608.0,0,504414
669200,8,2023-06-18,26,293,49,331,0,0,0,0.0,0.0,2913465.0,3287597608.0,0,586807
751592,8,2023-06-19,26,293,49,331,0,0,0,0.0,0.0,0.0,0.0,0,669200
1563965,8,2024-02-06,26,293,49,340,0,0,0,0.0,0.0,0.0,0.0,0,751592
9956,8,2023-06-04,27,293,49,331,0,0,0,0.0,0.0,2913465.0,3287597608.0,0,0
92450,8,2023-06-05,27,293,49,331,0,0,0,0.0,0.0,2913465.0,3287597608.0,0,9956
174843,8,2023-06-06,27,293,49,331,0,0,0,0.0,0.0,2913465.0,3287597608.0,0,92450
257236,8,2023-06-07,27,293,49,331,0,0,0,0.0,0.0,2913465.0,3287597608.0,0,174843
339629,8,2023-06-08,27,293,49,331,0,0,0,0.0,0.0,2913465.0,3287597608.0,0,257236
422022,8,2023-06-15,27,293,49,331,0,0,0,0.0,0.0,2913465.0,3287597608.0,0,339629
504415,8,2023-06-16,27,293,49,331,0,0,0,0.0,0.0,2913465.0,3287597608.0,0,422022
586808,8,2023-06-17,27,293,49,331,0,0,0,0.0,0.0,2913465.0,3287597608.0,0,504415
669201,8,2023-06-18,27,293,49,331,0,0,0,0.0,0.0,2913465.0,3287597608.0,0,586808
751593,8,2023-06-19,27,293,49,331,0,0,0,0.0,0.0,0.0,0.0,0,669201
1563966,8,2024-02-06,27,293,49,340,0,0,0,0.0,0.0,0.0,0.0,0,751593
9957,8,2023-06-04,32,293,49,331,0,0,0,0.0,0.0,4146653.0,4679145445.0,0,0
92451,8,2023-06-05,32,293,49,331,0,0,0,0.0,0.0,4146653.0,4679145445.0,0,9957
174844,8,2023-06-06,32,293,49,331,0,0,0,0.0,0.0,4146653.0,4679145445.0,0,92451
257237,8,2023-06-07,32,293,49,331,0,0,0,0.0,0.0,4146653.0,4679145445.0,0,174844
339630,8,2023-06-08,32,293,49,331,0,0,0,0.0,0.0,4146653.0,4679145445.0,0,257237
422023,8,2023-06-15,32,293,49,331,0,0,0,0.0,0.0,4146653.0,4679145445.0,0,339630
504416,8,2023-06-16,32,293,49,331,0,0,0,0.0,0.0,4146653.0,4679145445.0,0,422023
586809,8,2023-06-17,32,293,49,331,0,0,0,0.0,0.0,4146653.0,4679145445.0,0,504416
669202,8,2023-06-18,32,293,49,331,0,0,0,0.0,0.0,4146653.0,4679145445.0,0,586809
751594,8,2023-06-19,32,293,49,331,0,0,0,0.0,0.0,0.0,0.0,0,669202
1381372,8,2023-11-27,32,293,49,331,0,0,0,0.0,0.0,4077494.0,4601105392.0,0,751594
1563967,8,2024-02-06,32,293,49,331,0,0,0,0.0,0.0,4171026.0,4706648304.0,0,1381372
1788447,8,2024-03-30,32,344,49,331,0,0,0,0.0,0.0,4049999.0,4570079622.0,0,1563967
1893667,8,2024-05-12,32,344,49,331,0,0,0,21639.0,244177722.0,3995949.0,4509088791.0,0,1788447
9958,8,2023-06-04,33,293,49,331,0,0,0,0.0,0.0,4146653.0,4679145445.0,0,0
92452,8,2023-06-05,33,293,49,331,0,0,0,0.0,0.0,4146653.0,4679145445.0,0,9958
174845,8,2023-06-06,33,293,49,331,0,0,0,0.0,0.0,4146653.0,4679145445.0,0,92452
257238,8,2023-06-07,33,293,49,331,0,0,0,0.0,0.0,4146653.0,4679145445.0,0,174845
339631,8,2023-06-08,33,293,49,331,0,0,0,0.0,0.0,4146653.0,4679145445.0,0,257238
422024,8,2023-06-15,33,293,49,331,0,0,0,0.0,0.0,4146653.0,4679145445.0,0,339631
504417,8,2023-06-16,33,293,49,331,0,0,0,0.0,0.0,4146653.0,4679145445.0,0,422024
586810,8,2023-06-17,33,293,49,331,0,0,0,0.0,0.0,4146653.0,4679145445.0,0,504417
669203,8,2023-06-18,33,293,49,331,0,0,0,0.0,0.0,4146653.0,4679145445.0,0,586810
751595,8,2023-06-19,33,293,49,331,0,0,0,0.0,0.0,0.0,0.0,0,669203
1381373,8,2023-11-27,33,293,49,331,0,0,0,0.0,0.0,4077494.0,4601105392.0,0,751595
1563968,8,2024-02-06,33,293,49,331,0,0,0,0.0,0.0,4171026.0,4706648304.0,0,1381373
1788448,8,2024-03-30,33,344,49,331,0,0,0,0.0,0.0,4049999.0,4570079622.0,0,1563968
1893668,8,2024-05-12,33,344,49,331,0,0,0,21639.0,244177722.0,3995949.0,4509088791.0,0,1788448
9959,8,2023-06-04,36,293,49,331,0,0,0,0.0,0.0,3101956.0,350029368.0,0,0
92453,8,2023-06-05,36,293,49,331,0,0,0,0.0,0.0,3101956.0,350029368.0,0,9959
174846,8,2023-06-06,36,293,49,331,0,0,0,0.0,0.0,3101956.0,350029368.0,0,92453
257239,8,2023-06-07,36,293,49,331,0,0,0,0.0,0.0,3101956.0,350029368.0,0,174846
339632,8,2023-06-08,36,293,49,331,0,0,0,0.0,0.0,3101956.0,350029368.0,0,257239
422025,8,2023-06-15,36,293,49,331,0,0,0,0.0,0.0,3101956.0,350029368.0,0,339632
504418,8,2023-06-16,36,293,49,331,0,0,0,0.0,0.0,3101956.0,350029368.0,0,422025
586811,8,2023-06-17,36,293,49,331,0,0,0,0.0,0.0,3101956.0,350029368.0,0,504418
669204,8,2023-06-18,36,293,49,331,0,0,0,0.0,0.0,3101956.0,350029368.0,0,586811
751596,8,2023-06-19,36,293,49,331,0,0,0,0.0,0.0,0.0,0.0,0,669204
1381374,8,2023-11-27,36,293,49,373,0,0,0,0.0,0.0,315843.0,3564019789.0,0,751596
1563969,8,2024-02-06,36,293,49,373,0,0,0,0.0,0.0,3266145.0,368556701.0,0,1381374
1788449,8,2024-03-30,36,293,49,373,0,0,0,0.0,0.0,3193939.0,3604088677.0,0,1563969
1893669,8,2024-05-12,36,293,49,331,0,0,0,25527.0,288050497.0,30723.0,3466829405.0,0,1788449
9960,8,2023-06-04,37,293,49,331,0,0,0,0.0,0.0,1903719.0,2148185075.0,0,0
92454,8,2023-06-05,37,293,49,331,0,0,0,0.0,0.0,1903719.0,2148185075.0,0,9960
174847,8,2023-06-06,37,293,49,331,0,0,0,0.0,0.0,1903719.0,2148185075.0,0,92454
257240,8,2023-06-07,37,293,49,331,0,0,0,0.0,0.0,1903719.0,2148185075.0,0,174847
339633,8,2023-06-08,37,293,49,331,0,0,0,0.0,0.0,1903719.0,2148185075.0,0,257240
422026,8,2023-06-15,37,293,49,331,0,0,0,0.0,0.0,1903719.0,2148185075.0,0,339633
504419,8,2023-06-16,37,293,49,331,0,0,0,0.0,0.0,1903719.0,2148185075.0,0,422026
586812,8,2023-06-17,37,293,49,331,0,0,0,0.0,0.0,1903719.0,2148185075.0,0,504419
669205,8,2023-06-18,37,293,49,331,0,0,0,0.0,0.0,1903719.0,2148185075.0,0,586812
751597,8,2023-06-19,37,293,49,331,0,0,0,0.0,0.0,0.0,0.0,0,669205
1381375,8,2023-11-27,37,293,49,331,0,0,0,0.0,0.0,1867122.0,2106888472.0,0,751597
1563970,8,2024-02-06,37,293,49,331,0,0,0,0.0,0.0,1923806.0,2170851548.0,0,1381375
1788450,8,2024-03-30,37,293,49,331,0,0,0,0.0,0.0,1861068.0,2100057047.0,0,1563970
1893670,8,2024-05-12,37,293,49,373,0,0,0,12916.0,145746081.0,1825304.0,2059700413.0,0,1788450
9961,8,2023-06-04,38,293,49,331,0,0,0,0.0,0.0,2407224.0,271634767.0,0,0
92455,8,2023-06-05,38,293,49,331,0,0,0,0.0,0.0,2407224.0,271634767.0,0,9961
174848,8,2023-06-06,38,293,49,331,0,0,0,0.0,0.0,2407224.0,271634767.0,0,92455
257241,8,2023-06-07,38,293,49,331,0,0,0,0.0,0.0,2407224.0,271634767.0,0,174848
339634,8,2023-06-08,38,293,49,331,0,0,0,0.0,0.0,2407224.0,271634767.0,0,257241
422027,8,2023-06-15,38,293,49,331,0,0,0,0.0,0.0,2407224.0,271634767.0,0,339634
504420,8,2023-06-16,38,293,49,331,0,0,0,0.0,0.0,2407224.0,271634767.0,0,422027
586813,8,2023-06-17,38,293,49,331,0,0,0,0.0,0.0,2407224.0,271634767.0,0,504420
669206,8,2023-06-18,38,293,49,331,0,0,0,0.0,0.0,2407224.0,271634767.0,0,586813
751598,8,2023-06-19,38,293,49,331,0,0,0,0.0,0.0,0.0,0.0,0,669206
1381376,8,2023-11-27,38,293,49,373,0,0,0,0.0,0.0,2466253.0,2782956879.0,0,751598
1563971,8,2024-02-06,38,293,49,373,0,0,0,0.0,0.0,2527434.0,2851994437.0,0,1381376
1788451,8,2024-03-30,38,293,49,373,0,0,0,0.0,0.0,2458241.0,2773916018.0,0,1563971
1893671,8,2024-05-12,38,293,49,331,0,0,0,1411.0,159219357.0,2416784.0,2727135317.0,0,1788451
9962,8,2023-06-04,39,293,49,331,0,0,0,0.0,0.0,2407224.0,271634767.0,0,0
92456,8,2023-06-05,39,293,49,331,0,0,0,0.0,0.0,2407224.0,271634767.0,0,9962
174849,8,2023-06-06,39,293,49,331,0,0,0,0.0,0.0,2407224.0,271634767.0,0,92456
257242,8,2023-06-07,39,293,49,331,0,0,0,0.0,0.0,2407224.0,271634767.0,0,174849
339635,8,2023-06-08,39,293,49,331,0,0,0,0.0,0.0,2407224.0,271634767.0,0,257242
422028,8,2023-06-15,39,293,49,331,0,0,0,0.0,0.0,2407224.0,271634767.0,0,339635
504421,8,2023-06-16,39,293,49,331,0,0,0,0.0,0.0,2407224.0,271634767.0,0,422028
586814,8,2023-06-17,39,293,49,331,0,0,0,0.0,0.0,2407224.0,271634767.0,0,504421
669207,8,2023-06-18,39,293,49,331,0,0,0,0.0,0.0,2407224.0,271634767.0,0,586814
751599,8,2023-06-19,39,293,49,331,0,0,0,0.0,0.0,0.0,0.0,0,669207
1381377,8,2023-11-27,39,293,49,373,0,0,0,0.0,0.0,2466253.0,2782956879.0,0,751599
1563972,8,2024-02-06,39,293,49,373,0,0,0,0.0,0.0,2527434.0,2851994437.0,0,1381377
1788452,8,2024-03-30,39,293,49,373,0,0,0,0.0,0.0,2458241.0,2773916018.0,0,1563972
1893672,8,2024-05-12,39,293,49,331,0,0,0,1411.0,159219357.0,2416784.0,2727135317.0,0,1788452
9963,8,2023-06-04,42,293,49,331,0,0,0,0.0,0.0,3102883.0,350133972.0,0,0
92457,8,2023-06-05,42,293,49,331,0,0,0,0.0,0.0,3102883.0,350133972.0,0,9963
174850,8,2023-06-06,42,293,49,331,0,0,0,0.0,0.0,3102883.0,350133972.0,0,92457
257243,8,2023-06-07,42,293,49,331,0,0,0,0.0,0.0,3102883.0,350133972.0,0,174850
339636,8,2023-06-08,42,293,49,331,0,0,0,0.0,0.0,3102883.0,350133972.0,0,257243
422029,8,2023-06-15,42,293,49,331,0,0,0,0.0,0.0,3102883.0,350133972.0,0,339636
504422,8,2023-06-16,42,293,49,331,0,0,0,0.0,0.0,3102883.0,350133972.0,0,422029
586815,8,2023-06-17,42,293,49,331,0,0,0,0.0,0.0,3102883.0,350133972.0,0,504422
669208,8,2023-06-18,42,293,49,331,0,0,0,0.0,0.0,3102883.0,350133972.0,0,586815
751600,8,2023-06-19,42,293,49,331,0,0,0,0.0,0.0,0.0,0.0,0,669208
1381378,8,2023-11-27,42,293,49,331,0,0,0,0.0,0.0,3179025.0,3587259495.0,0,751600
1563973,8,2024-02-06,42,293,49,331,0,0,0,0.0,0.0,3228833.0,364346359.0,0,1381378
1788453,8,2024-03-30,42,344,49,331,0,0,0,0.0,0.0,3222133.0,3635903209.0,0,1563973
1893673,8,2024-05-12,42,344,49,331,0,0,0,23624.0,26657676.0,3163042.0,3569224038.0,0,1788453
9964,8,2023-06-04,43,293,49,331,0,0,0,0.0,0.0,161545.0,1822898012.0,0,0
92458,8,2023-06-05,43,293,49,331,0,0,0,0.0,0.0,161545.0,1822898012.0,0,9964
174851,8,2023-06-06,43,293,49,331,0,0,0,0.0,0.0,161545.0,1822898012.0,0,92458
257244,8,2023-06-07,43,293,49,331,0,0,0,0.0,0.0,161545.0,1822898012.0,0,174851
339637,8,2023-06-08,43,293,49,331,0,0,0,0.0,0.0,161545.0,1822898012.0,0,257244
422030,8,2023-06-15,43,293,49,331,0,0,0,0.0,0.0,161545.0,1822898012.0,0,339637
504423,8,2023-06-16,43,293,49,331,0,0,0,0.0,0.0,161545.0,1822898012.0,0,422030
586816,8,2023-06-17,43,293,49,331,0,0,0,0.0,0.0,161545.0,1822898012.0,0,504423
669209,8,2023-06-18,43,293,49,331,0,0,0,0.0,0.0,161545.0,1822898012.0,0,586816
751601,8,2023-06-19,43,293,49,331,0,0,0,0.0,0.0,0.0,0.0,0,669209
1381379,8,2023-11-27,43,293,49,373,0,0,0,0.0,0.0,1531754.0,172845419.0,0,751601
1563974,8,2024-02-06,43,293,49,373,0,0,0,0.0,0.0,1503884.0,1697005264.0,0,1381379
1788454,8,2024-03-30,43,344,49,331,0,0,0,0.0,0.0,1478883.0,166879376.0,0,1563974
1893674,8,2024-05-12,43,344,49,331,0,0,0,7892.0,89054512.0,1447363.0,163322612.0,0,1788454
9965,8,2023-06-04,44,293,49,331,0,0,0,0.0,0.0,161545.0,1822898012.0,0,0
92459,8,2023-06-05,44,293,49,331,0,0,0,0.0,0.0,161545.0,1822898012.0,0,9965
174852,8,2023-06-06,44,293,49,331,0,0,0,0.0,0.0,161545.0,1822898012.0,0,92459
257245,8,2023-06-07,44,293,49,331,0,0,0,0.0,0.0,161545.0,1822898012.0,0,174852
339638,8,2023-06-08,44,293,49,331,0,0,0,0.0,0.0,161545.0,1822898012.0,0,257245
422031,8,2023-06-15,44,293,49,331,0,0,0,0.0,0.0,161545.0,1822898012.0,0,339638
504424,8,2023-06-16,44,293,49,331,0,0,0,0.0,0.0,161545.0,1822898012.0,0,422031
586817,8,2023-06-17,44,293,49,331,0,0,0,0.0,0.0,161545.0,1822898012.0,0,504424
669210,8,2023-06-18,44,293,49,331,0,0,0,0.0,0.0,161545.0,1822898012.0,0,586817
751602,8,2023-06-19,44,293,49,331,0,0,0,0.0,0.0,0.0,0.0,0,669210
1381380,8,2023-11-27,44,293,49,373,0,0,0,0.0,0.0,1531754.0,172845419.0,0,751602
1563975,8,2024-02-06,44,293,49,373,0,0,0,0.0,0.0,1503884.0,1697005264.0,0,1381380
1788455,8,2024-03-30,44,344,49,331,0,0,0,0.0,0.0,1478883.0,166879376.0,0,1563975
1893675,8,2024-05-12,44,344,49,331,0,0,0,7892.0,89054512.0,1447363.0,163322612.0,0,1788455
9966,8,2023-06-04,48,293,49,331,0,0,0,0.0,0.0,1358283.0,1532706911.0,0,0
92460,8,2023-06-05,48,293,49,331,0,0,0,0.0,0.0,1358283.0,1532706911.0,0,9966
174853,8,2023-06-06,48,293,49,331,0,0,0,0.0,0.0,1358283.0,1532706911.0,0,92460
257246,8,2023-06-07,48,293,49,331,0,0,0,0.0,0.0,1358283.0,1532706911.0,0,174853
339639,8,2023-06-08,48,293,49,331,0,0,0,0.0,0.0,1358283.0,1532706911.0,0,257246
422032,8,2023-06-15,48,293,49,331,0,0,0,0.0,0.0,1358283.0,1532706911.0,0,339639
504425,8,2023-06-16,48,293,49,331,0,0,0,0.0,0.0,1358283.0,1532706911.0,0,422032
586818,8,2023-06-17,48,293,49,331,0,0,0,0.0,0.0,1358283.0,1532706911.0,0,504425
669211,8,2023-06-18,48,293,49,331,0,0,0,0.0,0.0,1358283.0,1532706911.0,0,586818
751603,8,2023-06-19,48,293,49,331,0,0,0,0.0,0.0,0.0,0.0,0,669211
1381381,8,2023-11-27,48,293,49,331,0,0,0,0.0,0.0,1309183.0,1477301735.0,0,751603
1563976,8,2024-02-06,48,293,49,331,0,0,0,0.0,0.0,1288728.0,1454220006.0,0,1381381
1788456,8,2024-03-30,48,293,49,331,0,0,0,0.0,0.0,1272416.0,1435813301.0,0,1563976
1893676,8,2024-05-12,48,293,49,331,0,0,0,8825.0,99582624.0,124323.0,1402879381.0,0,1788456
9967,8,2023-06-04,49,293,49,331,0,0,0,0.0,0.0,1358283.0,1532706911.0,0,0
92461,8,2023-06-05,49,293,49,331,0,0,0,0.0,0.0,1358283.0,1532706911.0,0,9967
174854,8,2023-06-06,49,293,49,331,0,0,0,0.0,0.0,1358283.0,1532706911.0,0,92461
257247,8,2023-06-07,49,293,49,331,0,0,0,0.0,0.0,1358283.0,1532706911.0,0,174854
339640,8,2023-06-08,49,293,49,331,0,0,0,0.0,0.0,1358283.0,1532706911.0,0,257247
422033,8,2023-06-15,49,293,49,331,0,0,0,0.0,0.0,1358283.0,1532706911.0,0,339640
504426,8,2023-06-16,49,293,49,331,0,0,0,0.0,0.0,1358283.0,1532706911.0,0,422033
586819,8,2023-06-17,49,293,49,331,0,0,0,0.0,0.0,1358283.0,1532706911.0,0,504426
669212,8,2023-06-18,49,293,49,331,0,0,0,0.0,0.0,1358283.0,1532706911.0,0,586819
751604,8,2023-06-19,49,293,49,331,0,0,0,0.0,0.0,0.0,0.0,0,669212
1381382,8,2023-11-27,49,293,49,331,0,0,0,0.0,0.0,1309183.0,1477301735.0,0,751604
1563977,8,2024-02-06,49,293,49,331,0,0,0,0.0,0.0,1288728.0,1454220006.0,0,1381382
1788457,8,2024-03-30,49,293,49,331,0,0,0,0.0,0.0,1272416.0,1435813301.0,0,1563977
1893677,8,2024-05-12,49,293,49,331,0,0,0,8825.0,99582624.0,124323.0,1402879381.0,0,1788457
9968,8,2023-06-04,50,293,49,331,0,0,0,0.0,0.0,3070661.0,3464979932.0,0,0
92462,8,2023-06-05,50,293,49,331,0,0,0,0.0,0.0,3070661.0,3464979932.0,0,9968
174855,8,2023-06-06,50,293,49,331,0,0,0,0.0,0.0,3070661.0,3464979932.0,0,92462
257248,8,2023-06-07,50,293,49,331,0,0,0,0.0,0.0,3070661.0,3464979932.0,0,174855
339641,8,2023-06-08,50,293,49,331,0,0,0,0.0,0.0,3070661.0,3464979932.0,0,257248
422034,8,2023-06-15,50,293,49,331,0,0,0,0.0,0.0,3070661.0,3464979932.0,0,339641
504427,8,2023-06-16,50,293,49,331,0,0,0,0.0,0.0,3070661.0,3464979932.0,0,422034
586820,8,2023-06-17,50,293,49,331,0,0,0,0.0,0.0,3070661.0,3464979932.0,0,504427
669213,8,2023-06-18,50,293,49,331,0,0,0,0.0,0.0,3070661.0,3464979932.0,0,586820
751605,8,2023-06-19,50,293,49,331,0,0,0,0.0,0.0,0.0,0.0,0,669213
1381383,8,2023-11-27,50,293,49,331,0,0,0,0.0,0.0,3015585.0,3402831348.0,0,751605
1563978,8,2024-02-06,50,293,49,331,0,0,0,0.0,0.0,16258.0,183457711.0,0,1381383
1788458,8,2024-03-30,50,344,49,373,0,0,0,0.0,0.0,3034387.0,3424047807.0,0,1563978
1893678,8,2024-05-12,50,344,49,374,0,0,0,17664.0,199323226.0,3034387.0,3424047807.0,0,1788458
9969,8,2023-06-04,53,293,49,331,0,0,0,0.0,0.0,93913.0,1059728379.0,0,0
92463,8,2023-06-05,53,293,49,331,0,0,0,0.0,0.0,93913.0,1059728379.0,0,9969
174856,8,2023-06-06,53,293,49,331,0,0,0,0.0,0.0,93913.0,1059728379.0,0,92463
257249,8,2023-06-07,53,293,49,331,0,0,0,0.0,0.0,93913.0,1059728379.0,0,174856
339642,8,2023-06-08,53,293,49,331,0,0,0,0.0,0.0,93913.0,1059728379.0,0,257249
422035,8,2023-06-15,53,293,49,331,0,0,0,0.0,0.0,93913.0,1059728379.0,0,339642
504428,8,2023-06-16,53,293,49,331,0,0,0,0.0,0.0,93913.0,1059728379.0,0,422035
586821,8,2023-06-17,53,293,49,331,0,0,0,0.0,0.0,93913.0,1059728379.0,0,504428
669214,8,2023-06-18,53,293,49,331,0,0,0,0.0,0.0,93913.0,1059728379.0,0,586821
751606,8,2023-06-19,53,293,49,331,0,0,0,0.0,0.0,0.0,0.0,0,669214
1563979,8,2024-02-06,53,293,49,340,0,0,0,0.0,0.0,0.0,0.0,0,751606
9970,8,2023-06-04,54,293,49,331,0,0,0,0.0,0.0,93913.0,1059728379.0,0,0
92464,8,2023-06-05,54,293,49,331,0,0,0,0.0,0.0,93913.0,1059728379.0,0,9970
174857,8,2023-06-06,54,293,49,331,0,0,0,0.0,0.0,93913.0,1059728379.0,0,92464
257250,8,2023-06-07,54,293,49,331,0,0,0,0.0,0.0,93913.0,1059728379.0,0,174857
339643,8,2023-06-08,54,293,49,331,0,0,0,0.0,0.0,93913.0,1059728379.0,0,257250
422036,8,2023-06-15,54,293,49,331,0,0,0,0.0,0.0,93913.0,1059728379.0,0,339643
504429,8,2023-06-16,54,293,49,331,0,0,0,0.0,0.0,93913.0,1059728379.0,0,422036
586822,8,2023-06-17,54,293,49,331,0,0,0,0.0,0.0,93913.0,1059728379.0,0,504429
669215,8,2023-06-18,54,293,49,331,0,0,0,0.0,0.0,93913.0,1059728379.0,0,586822
751607,8,2023-06-19,54,293,49,331,0,0,0,0.0,0.0,0.0,0.0,0,669215
1563980,8,2024-02-06,54,293,49,340,0,0,0,0.0,0.0,0.0,0.0,0,751607
9971,8,2023-06-04,55,293,49,331,0,0,0,0.0,0.0,2820272.0,3182437229.0,0,0
92465,8,2023-06-05,55,293,49,331,0,0,0,0.0,0.0,2820272.0,3182437229.0,0,9971
174858,8,2023-06-06,55,293,49,331,0,0,0,0.0,0.0,2820272.0,3182437229.0,0,92465
257251,8,2023-06-07,55,293,49,331,0,0,0,0.0,0.0,2820272.0,3182437229.0,0,174858
339644,8,2023-06-08,55,293,49,331,0,0,0,0.0,0.0,2820272.0,3182437229.0,0,257251
422037,8,2023-06-15,55,293,49,331,0,0,0,0.0,0.0,2820272.0,3182437229.0,0,339644
504430,8,2023-06-16,55,293,49,331,0,0,0,0.0,0.0,2820272.0,3182437229.0,0,422037
586823,8,2023-06-17,55,293,49,331,0,0,0,0.0,0.0,2820272.0,3182437229.0,0,504430
669216,8,2023-06-18,55,293,49,331,0,0,0,0.0,0.0,2820272.0,3182437229.0,0,586823
751608,8,2023-06-19,55,293,49,331,0,0,0,0.0,0.0,0.0,0.0,0,669216
1381384,8,2023-11-27,55,293,49,373,0,0,0,0.0,0.0,2851286.0,3217433892.0,0,751608
1563981,8,2024-02-06,55,293,49,373,0,0,0,0.0,0.0,2828167.0,3191346065.0,0,1381384
1788459,8,2024-03-30,55,293,49,381,0,0,0,0.0,0.0,2811941.0,3173036404.0,0,1563981
1893679,8,2024-05-12,55,293,49,381,0,0,0,0.0,0.0,2811941.0,3173036404.0,0,1788459
9972,8,2023-06-04,56,293,49,331,0,0,0,0.0,0.0,1666936.0,1880995586.0,0,0
92466,8,2023-06-05,56,293,49,331,0,0,0,0.0,0.0,1666936.0,1880995586.0,0,9972
174859,8,2023-06-06,56,293,49,331,0,0,0,0.0,0.0,1666936.0,1880995586.0,0,92466
257252,8,2023-06-07,56,293,49,331,0,0,0,0.0,0.0,1666936.0,1880995586.0,0,174859
339645,8,2023-06-08,56,293,49,331,0,0,0,0.0,0.0,1666936.0,1880995586.0,0,257252
422038,8,2023-06-15,56,293,49,331,0,0,0,0.0,0.0,1666936.0,1880995586.0,0,339645
504431,8,2023-06-16,56,293,49,331,0,0,0,0.0,0.0,1666936.0,1880995586.0,0,422038
586824,8,2023-06-17,56,293,49,331,0,0,0,0.0,0.0,1666936.0,1880995586.0,0,504431
669217,8,2023-06-18,56,293,49,331,0,0,0,0.0,0.0,1666936.0,1880995586.0,0,586824
751609,8,2023-06-19,56,293,49,331,0,0,0,0.0,0.0,0.0,0.0,0,669217
1381385,8,2023-11-27,56,293,49,331,0,0,0,0.0,0.0,1563365.0,1764124517.0,0,751609
1563982,8,2024-02-06,56,293,49,331,0,0,0,0.0,0.0,1610383.0,1817180333.0,0,1381385
1788460,8,2024-03-30,56,293,49,331,0,0,0,0.0,0.0,1580124.0,1783035624.0,0,1563982
1893680,8,2024-05-12,56,293,49,373,0,0,0,9715.0,109625517.0,1580124.0,1783035624.0,0,1788460
9973,8,2023-06-04,60,294,49,378,0,0,0,0.0,0.0,1429765.0,1613368273.0,0,0
92467,8,2023-06-05,60,294,49,378,0,0,0,0.0,0.0,1429765.0,1613368273.0,0,9973
174860,8,2023-06-06,60,294,49,378,0,0,0,0.0,0.0,1429765.0,1613368273.0,0,92467
257253,8,2023-06-07,60,294,49,378,0,0,0,0.0,0.0,1429765.0,1613368273.0,0,174860
339646,8,2023-06-08,60,294,49,378,0,0,0,0.0,0.0,1429765.0,1613368273.0,0,257253
422039,8,2023-06-15,60,294,49,378,0,0,0,0.0,0.0,1429765.0,1613368273.0,0,339646
504432,8,2023-06-16,60,294,49,378,0,0,0,0.0,0.0,1429765.0,1613368273.0,0,422039
586825,8,2023-06-17,60,294,49,378,0,0,0,0.0,0.0,1429765.0,1613368273.0,0,504432
669218,8,2023-06-18,60,294,49,378,0,0,0,0.0,0.0,1429765.0,1613368273.0,0,586825
751610,8,2023-06-19,60,294,49,378,0,0,0,0.0,0.0,0.0,0.0,0,669218
1381386,8,2023-11-27,60,294,49,378,0,0,0,0.0,0.0,1429765.0,1613368273.0,0,751610
1563983,8,2024-02-06,60,294,49,378,0,0,0,0.0,0.0,1363165.0,1538215834.0,0,1381386
1788461,8,2024-03-30,60,294,49,378,0,0,0,0.0,0.0,1429765.0,1613368273.0,0,1563983
1893681,8,2024-05-12,60,294,49,378,0,0,0,0.0,0.0,1429765.0,1613368273.0,0,1788461
9974,8,2023-06-04,63,294,49,373,0,0,0,0.0,0.0,1315329.0,1484236974.0,0,0
92468,8,2023-06-05,63,294,49,373,0,0,0,0.0,0.0,1315329.0,1484236974.0,0,9974
174861,8,2023-06-06,63,294,49,373,0,0,0,0.0,0.0,1315329.0,1484236974.0,0,92468
257254,8,2023-06-07,63,294,49,373,0,0,0,0.0,0.0,1315329.0,1484236974.0,0,174861
339647,8,2023-06-08,63,294,49,373,0,0,0,0.0,0.0,1315329.0,1484236974.0,0,257254
422040,8,2023-06-15,63,294,49,373,0,0,0,0.0,0.0,1315329.0,1484236974.0,0,339647
504433,8,2023-06-16,63,294,49,373,0,0,0,0.0,0.0,1315329.0,1484236974.0,0,422040
586826,8,2023-06-17,63,294,49,373,0,0,0,0.0,0.0,1315329.0,1484236974.0,0,504433
669219,8,2023-06-18,63,294,49,373,0,0,0,0.0,0.0,1315329.0,1484236974.0,0,586826
751611,8,2023-06-19,63,294,49,373,0,0,0,0.0,0.0,0.0,0.0,0,669219
1381387,8,2023-11-27,63,294,49,331,0,0,0,0.0,0.0,1078383.0,1216863553.0,0,751611
1563984,8,2024-02-06,63,294,49,331,0,0,0,0.0,0.0,1037181.0,1170370598.0,0,1381387
1788462,8,2024-03-30,63,294,49,373,0,0,0,0.0,0.0,1088444.0,1228216536.0,0,1563984
1893682,8,2024-05-12,63,294,49,373,0,0,0,7492.0,84540852.0,1034356.0,1167182826.0,0,1788462
9975,8,2023-06-04,64,294,49,373,0,0,0,0.0,0.0,1315329.0,1484236974.0,0,0
92469,8,2023-06-05,64,294,49,373,0,0,0,0.0,0.0,1315329.0,1484236974.0,0,9975
174862,8,2023-06-06,64,294,49,373,0,0,0,0.0,0.0,1315329.0,1484236974.0,0,92469
257255,8,2023-06-07,64,294,49,373,0,0,0,0.0,0.0,1315329.0,1484236974.0,0,174862
339648,8,2023-06-08,64,294,49,373,0,0,0,0.0,0.0,1315329.0,1484236974.0,0,257255
422041,8,2023-06-15,64,294,49,373,0,0,0,0.0,0.0,1315329.0,1484236974.0,0,339648
504434,8,2023-06-16,64,294,49,373,0,0,0,0.0,0.0,1315329.0,1484236974.0,0,422041
586827,8,2023-06-17,64,294,49,373,0,0,0,0.0,0.0,1315329.0,1484236974.0,0,504434
669220,8,2023-06-18,64,294,49,373,0,0,0,0.0,0.0,1315329.0,1484236974.0,0,586827
751612,8,2023-06-19,64,294,49,373,0,0,0,0.0,0.0,0.0,0.0,0,669220
1381388,8,2023-11-27,64,294,49,331,0,0,0,0.0,0.0,1078383.0,1216863553.0,0,751612
1563985,8,2024-02-06,64,294,49,331,0,0,0,0.0,0.0,1037181.0,1170370598.0,0,1381388
1788463,8,2024-03-30,64,294,49,373,0,0,0,0.0,0.0,1088444.0,1228216536.0,0,1563985
1893683,8,2024-05-12,64,294,49,373,0,0,0,7492.0,84540852.0,1034356.0,1167182826.0,0,1788463
9976,8,2023-06-04,65,294,49,331,0,0,0,0.0,0.0,126502.0,1427467543.0,0,0
92470,8,2023-06-05,65,294,49,331,0,0,0,0.0,0.0,126502.0,1427467543.0,0,9976
174863,8,2023-06-06,65,294,49,331,0,0,0,0.0,0.0,126502.0,1427467543.0,0,92470
257256,8,2023-06-07,65,294,49,331,0,0,0,0.0,0.0,126502.0,1427467543.0,0,174863
339649,8,2023-06-08,65,294,49,331,0,0,0,0.0,0.0,126502.0,1427467543.0,0,257256
422042,8,2023-06-15,65,294,49,331,0,0,0,0.0,0.0,126502.0,1427467543.0,0,339649
504435,8,2023-06-16,65,294,49,331,0,0,0,0.0,0.0,126502.0,1427467543.0,0,422042
586828,8,2023-06-17,65,294,49,331,0,0,0,0.0,0.0,126502.0,1427467543.0,0,504435
669221,8,2023-06-18,65,294,49,331,0,0,0,0.0,0.0,126502.0,1427467543.0,0,586828
751613,8,2023-06-19,65,294,49,331,0,0,0,0.0,0.0,0.0,0.0,0,669221
1381389,8,2023-11-27,65,294,49,373,0,0,0,0.0,0.0,1285529.0,1450610207.0,0,751613
1563986,8,2024-02-06,65,294,49,373,0,0,0,0.0,0.0,1267185.0,1429910562.0,0,1381389
1788464,8,2024-03-30,65,294,49,331,0,0,0,0.0,0.0,1225517.0,1382891766.0,0,1563986
1893684,8,2024-05-12,65,294,49,331,0,0,0,90.0,10155735.0,1194571.0,1347971835.0,0,1788464
9977,8,2023-06-04,70,294,49,373,0,0,0,0.0,0.0,1571927.0,1773786006.0,0,0
92471,8,2023-06-05,70,294,49,373,0,0,0,0.0,0.0,1571927.0,1773786006.0,0,9977
174864,8,2023-06-06,70,294,49,373,0,0,0,0.0,0.0,1571927.0,1773786006.0,0,92471
257257,8,2023-06-07,70,294,49,373,0,0,0,0.0,0.0,1571927.0,1773786006.0,0,174864
339650,8,2023-06-08,70,294,49,373,0,0,0,0.0,0.0,1571927.0,1773786006.0,0,257257
422043,8,2023-06-15,70,294,49,373,0,0,0,0.0,0.0,1571927.0,1773786006.0,0,339650
504436,8,2023-06-16,70,294,49,373,0,0,0,0.0,0.0,1571927.0,1773786006.0,0,422043
586829,8,2023-06-17,70,294,49,373,0,0,0,0.0,0.0,1571927.0,1773786006.0,0,504436
669222,8,2023-06-18,70,294,49,373,0,0,0,0.0,0.0,1571927.0,1773786006.0,0,586829
751614,8,2023-06-19,70,294,49,373,0,0,0,0.0,0.0,0.0,0.0,0,669222
1381390,8,2023-11-27,70,294,49,374,0,0,0,0.0,0.0,1515458.0,1710065539.0,0,751614
1563987,8,2024-02-06,70,294,49,374,0,0,0,12272.0,138479089.0,154064.0,1738481286.0,0,1381390
1788465,8,2024-03-30,70,294,49,374,0,0,0,0.0,0.0,1481658.0,1671925112.0,0,1563987
1893685,8,2024-05-12,70,294,49,331,0,0,0,10182.0,114895215.0,1373688.0,1550090145.0,0,1788465
9978,8,2023-06-04,71,294,49,373,0,0,0,0.0,0.0,1571927.0,1773786006.0,0,0
92472,8,2023-06-05,71,294,49,373,0,0,0,0.0,0.0,1571927.0,1773786006.0,0,9978
174865,8,2023-06-06,71,294,49,373,0,0,0,0.0,0.0,1571927.0,1773786006.0,0,92472
257258,8,2023-06-07,71,294,49,373,0,0,0,0.0,0.0,1571927.0,1773786006.0,0,174865
339651,8,2023-06-08,71,294,49,373,0,0,0,0.0,0.0,1571927.0,1773786006.0,0,257258
422044,8,2023-06-15,71,294,49,373,0,0,0,0.0,0.0,1571927.0,1773786006.0,0,339651
504437,8,2023-06-16,71,294,49,373,0,0,0,0.0,0.0,1571927.0,1773786006.0,0,422044
586830,8,2023-06-17,71,294,49,373,0,0,0,0.0,0.0,1571927.0,1773786006.0,0,504437
669223,8,2023-06-18,71,294,49,373,0,0,0,0.0,0.0,1571927.0,1773786006.0,0,586830
751615,8,2023-06-19,71,294,49,373,0,0,0,0.0,0.0,0.0,0.0,0,669223
1381391,8,2023-11-27,71,294,49,374,0,0,0,0.0,0.0,1515458.0,1710065539.0,0,751615
1563988,8,2024-02-06,71,294,49,374,0,0,0,12272.0,138479089.0,154064.0,1738481286.0,0,1381391
1788466,8,2024-03-30,71,294,49,374,0,0,0,0.0,0.0,1481658.0,1671925112.0,0,1563988
1893686,8,2024-05-12,71,294,49,331,0,0,0,10182.0,114895215.0,1373688.0,1550090145.0,0,1788466
9979,8,2023-06-04,72,294,49,377,0,0,0,0.0,0.0,459469.0,5184717116.0,0,0
92473,8,2023-06-05,72,294,49,377,0,0,0,0.0,0.0,459469.0,5184717116.0,0,9979
174866,8,2023-06-06,72,294,49,377,0,0,0,0.0,0.0,459469.0,5184717116.0,0,92473
257259,8,2023-06-07,72,294,49,377,0,0,0,0.0,0.0,459469.0,5184717116.0,0,174866
339652,8,2023-06-08,72,294,49,377,0,0,0,0.0,0.0,459469.0,5184717116.0,0,257259
422045,8,2023-06-15,72,294,49,377,0,0,0,0.0,0.0,459469.0,5184717116.0,0,339652
504438,8,2023-06-16,72,294,49,377,0,0,0,0.0,0.0,459469.0,5184717116.0,0,422045
586831,8,2023-06-17,72,294,49,377,0,0,0,0.0,0.0,459469.0,5184717116.0,0,504438
669224,8,2023-06-18,72,294,49,377,0,0,0,0.0,0.0,459469.0,5184717116.0,0,586831
751616,8,2023-06-19,72,294,49,377,0,0,0,0.0,0.0,0.0,0.0,0,669224
1381392,8,2023-11-27,72,294,49,377,0,0,0,0.0,0.0,459469.0,5184717116.0,0,751616
1563989,8,2024-02-06,72,294,49,377,0,0,0,0.0,0.0,459469.0,5184717116.0,0,1381392
1788467,8,2024-03-30,72,294,49,377,0,0,0,0.0,0.0,459469.0,5184717116.0,0,1563989
1893687,8,2024-05-12,72,294,49,377,0,0,0,0.0,0.0,459469.0,5184717116.0,0,1788467
9980,8,2023-06-04,73,294,49,331,0,0,0,0.0,0.0,392666.0,4430902044.0,0,0
92474,8,2023-06-05,73,294,49,331,0,0,0,0.0,0.0,392666.0,4430902044.0,0,9980
174867,8,2023-06-06,73,294,49,331,0,0,0,0.0,0.0,392666.0,4430902044.0,0,92474
257260,8,2023-06-07,73,294,49,331,0,0,0,0.0,0.0,392666.0,4430902044.0,0,174867
339653,8,2023-06-08,73,294,49,331,0,0,0,0.0,0.0,392666.0,4430902044.0,0,257260
422046,8,2023-06-15,73,294,49,331,0,0,0,0.0,0.0,392666.0,4430902044.0,0,339653
504439,8,2023-06-16,73,294,49,331,0,0,0,0.0,0.0,392666.0,4430902044.0,0,422046
586832,8,2023-06-17,73,294,49,331,0,0,0,0.0,0.0,392666.0,4430902044.0,0,504439
669225,8,2023-06-18,73,294,49,331,0,0,0,0.0,0.0,392666.0,4430902044.0,0,586832
751617,8,2023-06-19,73,294,49,331,0,0,0,0.0,0.0,0.0,0.0,0,669225
9981,8,2023-06-04,74,294,49,331,0,0,0,0.0,0.0,1875166.0,2115965442.0,0,0
92475,8,2023-06-05,74,294,49,331,0,0,0,0.0,0.0,1875166.0,2115965442.0,0,9981
174868,8,2023-06-06,74,294,49,331,0,0,0,0.0,0.0,1875166.0,2115965442.0,0,92475
257261,8,2023-06-07,74,294,49,331,0,0,0,0.0,0.0,1875166.0,2115965442.0,0,174868
339654,8,2023-06-08,74,294,49,331,0,0,0,0.0,0.0,1875166.0,2115965442.0,0,257261
422047,8,2023-06-15,74,294,49,331,0,0,0,0.0,0.0,1875166.0,2115965442.0,0,339654
504440,8,2023-06-16,74,294,49,331,0,0,0,0.0,0.0,1875166.0,2115965442.0,0,422047
586833,8,2023-06-17,74,294,49,331,0,0,0,0.0,0.0,1875166.0,2115965442.0,0,504440
669226,8,2023-06-18,74,294,49,331,0,0,0,0.0,0.0,1875166.0,2115965442.0,0,586833
751618,8,2023-06-19,74,294,49,331,0,0,0,0.0,0.0,0.0,0.0,0,669226
1381393,8,2023-11-27,74,294,49,331,0,0,0,0.0,0.0,1689128.0,1906037372.0,0,751618
1563990,8,2024-02-06,74,294,49,331,0,0,0,0.0,0.0,1640035.0,1850640095.0,0,1381393
1788468,8,2024-03-30,74,294,49,331,0,0,0,0.0,0.0,1614699.0,1822050572.0,0,1563990
1893688,8,2024-05-12,74,294,49,331,0,0,0,10546.0,119002646.0,1567353.0,1768624636.0,0,1788468
9982,8,2023-06-04,75,294,49,377,0,0,0,17545.0,197980412.0,3489938.0,3938098388.0,0,0
92476,8,2023-06-05,75,294,49,377,0,0,0,17545.0,197980412.0,3489938.0,3938098388.0,0,9982
174869,8,2023-06-06,75,294,49,377,0,0,0,17545.0,197980412.0,3489938.0,3938098388.0,0,92476
257262,8,2023-06-07,75,294,49,377,0,0,0,17545.0,197980412.0,3489938.0,3938098388.0,0,174869
339655,8,2023-06-08,75,294,49,377,0,0,0,17545.0,197980412.0,3489938.0,3938098388.0,0,257262
422048,8,2023-06-15,75,294,49,377,0,0,0,17545.0,197980412.0,3489938.0,3938098388.0,0,339655
504441,8,2023-06-16,75,294,49,377,0,0,0,17545.0,197980412.0,3489938.0,3938098388.0,0,422048
586834,8,2023-06-17,75,294,49,377,0,0,0,17545.0,197980412.0,3489938.0,3938098388.0,0,504441
669227,8,2023-06-18,75,294,49,377,0,0,0,17545.0,197980412.0,3489938.0,3938098388.0,0,586834
751619,8,2023-06-19,75,294,49,377,0,0,0,0.0,0.0,0.0,0.0,0,669227
1381394,8,2023-11-27,75,294,49,377,0,0,0,17545.0,197980412.0,3489938.0,3938098388.0,0,751619
1563991,8,2024-02-06,75,294,49,377,0,0,0,17545.0,197980412.0,3489938.0,3938098388.0,0,1381394
1788469,8,2024-03-30,75,294,49,377,0,0,0,17545.0,197980412.0,3489938.0,3938098388.0,0,1563991
1893689,8,2024-05-12,75,294,49,377,0,0,0,17545.0,197980412.0,3489938.0,3938098388.0,0,1788469
9983,8,2023-06-04,76,294,49,377,0,0,0,17545.0,197980412.0,3489938.0,3938098388.0,0,0
92477,8,2023-06-05,76,294,49,377,0,0,0,17545.0,197980412.0,3489938.0,3938098388.0,0,9983
174870,8,2023-06-06,76,294,49,377,0,0,0,17545.0,197980412.0,3489938.0,3938098388.0,0,92477
257263,8,2023-06-07,76,294,49,377,0,0,0,17545.0,197980412.0,3489938.0,3938098388.0,0,174870
339656,8,2023-06-08,76,294,49,377,0,0,0,17545.0,197980412.0,3489938.0,3938098388.0,0,257263
422049,8,2023-06-15,76,294,49,377,0,0,0,17545.0,197980412.0,3489938.0,3938098388.0,0,339656
504442,8,2023-06-16,76,294,49,377,0,0,0,17545.0,197980412.0,3489938.0,3938098388.0,0,422049
586835,8,2023-06-17,76,294,49,377,0,0,0,17545.0,197980412.0,3489938.0,3938098388.0,0,504442
669228,8,2023-06-18,76,294,49,377,0,0,0,17545.0,197980412.0,3489938.0,3938098388.0,0,586835
751620,8,2023-06-19,76,294,49,377,0,0,0,0.0,0.0,0.0,0.0,0,669228
1381395,8,2023-11-27,76,294,49,377,0,0,0,17545.0,197980412.0,3489938.0,3938098388.0,0,751620
1563992,8,2024-02-06,76,294,49,377,0,0,0,17545.0,197980412.0,3489938.0,3938098388.0,0,1381395
1788470,8,2024-03-30,76,294,49,377,0,0,0,17545.0,197980412.0,3489938.0,3938098388.0,0,1563992
1893690,8,2024-05-12,76,294,49,377,0,0,0,17545.0,197980412.0,3489938.0,3938098388.0,0,1788470
9984,8,2023-06-04,77,294,49,377,0,0,0,5742.0,64793589.0,96572.0,1089732934.0,0,0
92478,8,2023-06-05,77,294,49,377,0,0,0,5742.0,64793589.0,96572.0,1089732934.0,0,9984
174871,8,2023-06-06,77,294,49,377,0,0,0,5742.0,64793589.0,96572.0,1089732934.0,0,92478
257264,8,2023-06-07,77,294,49,377,0,0,0,5742.0,64793589.0,96572.0,1089732934.0,0,174871
339657,8,2023-06-08,77,294,49,377,0,0,0,5742.0,64793589.0,96572.0,1089732934.0,0,257264
422050,8,2023-06-15,77,294,49,377,0,0,0,5742.0,64793589.0,96572.0,1089732934.0,0,339657
504443,8,2023-06-16,77,294,49,377,0,0,0,5742.0,64793589.0,96572.0,1089732934.0,0,422050
586836,8,2023-06-17,77,294,49,377,0,0,0,5742.0,64793589.0,96572.0,1089732934.0,0,504443
669229,8,2023-06-18,77,294,49,377,0,0,0,5742.0,64793589.0,96572.0,1089732934.0,0,586836
751621,8,2023-06-19,77,294,49,377,0,0,0,0.0,0.0,0.0,0.0,0,669229
1381396,8,2023-11-27,77,294,49,377,0,0,0,5742.0,64793589.0,96572.0,1089732934.0,0,751621
1563993,8,2024-02-06,77,294,49,377,0,0,0,5742.0,64793589.0,94072.0,1061522559.0,0,1381396
1788471,8,2024-03-30,77,294,49,377,0,0,0,5742.0,64793589.0,96572.0,1089732934.0,0,1563993
1893691,8,2024-05-12,77,294,49,377,0,0,0,5742.0,64793589.0,96572.0,1089732934.0,0,1788471
9985,8,2023-06-04,78,294,49,377,0,0,0,5742.0,64793589.0,96572.0,1089732934.0,0,0
92479,8,2023-06-05,78,294,49,377,0,0,0,5742.0,64793589.0,96572.0,1089732934.0,0,9985
174872,8,2023-06-06,78,294,49,377,0,0,0,5742.0,64793589.0,96572.0,1089732934.0,0,92479
257265,8,2023-06-07,78,294,49,377,0,0,0,5742.0,64793589.0,96572.0,1089732934.0,0,174872
339658,8,2023-06-08,78,294,49,377,0,0,0,5742.0,64793589.0,96572.0,1089732934.0,0,257265
422051,8,2023-06-15,78,294,49,377,0,0,0,5742.0,64793589.0,96572.0,1089732934.0,0,339658
504444,8,2023-06-16,78,294,49,377,0,0,0,5742.0,64793589.0,96572.0,1089732934.0,0,422051
586837,8,2023-06-17,78,294,49,377,0,0,0,5742.0,64793589.0,96572.0,1089732934.0,0,504444
669230,8,2023-06-18,78,294,49,377,0,0,0,5742.0,64793589.0,96572.0,1089732934.0,0,586837
751622,8,2023-06-19,78,294,49,377,0,0,0,0.0,0.0,0.0,0.0,0,669230
1381397,8,2023-11-27,78,294,49,377,0,0,0,5742.0,64793589.0,96572.0,1089732934.0,0,751622
1563994,8,2024-02-06,78,294,49,377,0,0,0,5742.0,64793589.0,94072.0,1061522559.0,0,1381397
1788472,8,2024-03-30,78,294,49,377,0,0,0,5742.0,64793589.0,96572.0,1089732934.0,0,1563994
1893692,8,2024-05-12,78,294,49,377,0,0,0,5742.0,64793589.0,96572.0,1089732934.0,0,1788472
9986,8,2023-06-04,79,294,49,378,0,0,0,9859.0,111250435.0,29023.0,327499885.0,0,0
92480,8,2023-06-05,79,294,49,378,0,0,0,9859.0,111250435.0,29023.0,327499885.0,0,9986
174873,8,2023-06-06,79,294,49,378,0,0,0,9859.0,111250435.0,29023.0,327499885.0,0,92480
257266,8,2023-06-07,79,294,49,378,0,0,0,9859.0,111250435.0,29023.0,327499885.0,0,174873
339659,8,2023-06-08,79,294,49,378,0,0,0,9859.0,111250435.0,29023.0,327499885.0,0,257266
422052,8,2023-06-15,79,294,49,378,0,0,0,9859.0,111250435.0,29023.0,327499885.0,0,339659
504445,8,2023-06-16,79,294,49,378,0,0,0,9859.0,111250435.0,29023.0,327499885.0,0,422052
586838,8,2023-06-17,79,294,49,378,0,0,0,9859.0,111250435.0,29023.0,327499885.0,0,504445
669231,8,2023-06-18,79,294,49,378,0,0,0,9859.0,111250435.0,29023.0,327499885.0,0,586838
751623,8,2023-06-19,79,294,49,378,0,0,0,0.0,0.0,0.0,0.0,0,669231
9987,8,2023-06-04,80,294,49,378,0,0,0,9859.0,111250435.0,29023.0,327499885.0,0,0
92481,8,2023-06-05,80,294,49,378,0,0,0,9859.0,111250435.0,29023.0,327499885.0,0,9987
174874,8,2023-06-06,80,294,49,378,0,0,0,9859.0,111250435.0,29023.0,327499885.0,0,92481
257267,8,2023-06-07,80,294,49,378,0,0,0,9859.0,111250435.0,29023.0,327499885.0,0,174874
339660,8,2023-06-08,80,294,49,378,0,0,0,9859.0,111250435.0,29023.0,327499885.0,0,257267
422053,8,2023-06-15,80,294,49,378,0,0,0,9859.0,111250435.0,29023.0,327499885.0,0,339660
504446,8,2023-06-16,80,294,49,378,0,0,0,9859.0,111250435.0,29023.0,327499885.0,0,422053
586839,8,2023-06-17,80,294,49,378,0,0,0,9859.0,111250435.0,29023.0,327499885.0,0,504446
669232,8,2023-06-18,80,294,49,378,0,0,0,9859.0,111250435.0,29023.0,327499885.0,0,586839
751624,8,2023-06-19,80,294,49,378,0,0,0,0.0,0.0,0.0,0.0,0,669232
9988,8,2023-06-04,90,294,49,375,0,0,0,0.0,0.0,2486413.0,2805705725.0,0,0
92482,8,2023-06-05,90,294,49,375,0,0,0,0.0,0.0,2486413.0,2805705725.0,0,9988
174875,8,2023-06-06,90,294,49,375,0,0,0,0.0,0.0,2486413.0,2805705725.0,0,92482
257268,8,2023-06-07,90,294,49,375,0,0,0,0.0,0.0,2486413.0,2805705725.0,0,174875
339661,8,2023-06-08,90,294,49,375,0,0,0,0.0,0.0,2486413.0,2805705725.0,0,257268
422054,8,2023-06-15,90,294,49,375,0,0,0,0.0,0.0,2486413.0,2805705725.0,0,339661
504447,8,2023-06-16,90,294,49,375,0,0,0,0.0,0.0,2486413.0,2805705725.0,0,422054
586840,8,2023-06-17,90,294,49,375,0,0,0,0.0,0.0,2486413.0,2805705725.0,0,504447
669233,8,2023-06-18,90,294,49,375,0,0,0,0.0,0.0,2486413.0,2805705725.0,0,586840
751625,8,2023-06-19,90,294,49,375,0,0,0,0.0,0.0,0.0,0.0,0,669233
1381398,8,2023-11-27,90,294,49,377,0,0,0,16199.0,182791946.0,2481364.0,2800008358.0,0,751625
1563995,8,2024-02-06,90,294,49,377,0,0,0,16199.0,182791946.0,2481364.0,2800008358.0,0,1381398
1788473,8,2024-03-30,90,294,49,378,0,0,0,16113.0,181821509.0,2420157.0,2730941461.0,0,1563995
1893693,8,2024-05-12,90,294,49,378,0,0,0,16113.0,181821509.0,2420157.0,2730941461.0,0,1788473
9989,8,2023-06-04,91,294,49,375,0,0,0,0.0,0.0,2486413.0,2805705725.0,0,0
92483,8,2023-06-05,91,294,49,375,0,0,0,0.0,0.0,2486413.0,2805705725.0,0,9989
174876,8,2023-06-06,91,294,49,375,0,0,0,0.0,0.0,2486413.0,2805705725.0,0,92483
257269,8,2023-06-07,91,294,49,375,0,0,0,0.0,0.0,2486413.0,2805705725.0,0,174876
339662,8,2023-06-08,91,294,49,375,0,0,0,0.0,0.0,2486413.0,2805705725.0,0,257269
422055,8,2023-06-15,91,294,49,375,0,0,0,0.0,0.0,2486413.0,2805705725.0,0,339662
504448,8,2023-06-16,91,294,49,375,0,0,0,0.0,0.0,2486413.0,2805705725.0,0,422055
586841,8,2023-06-17,91,294,49,375,0,0,0,0.0,0.0,2486413.0,2805705725.0,0,504448
669234,8,2023-06-18,91,294,49,375,0,0,0,0.0,0.0,2486413.0,2805705725.0,0,586841
751626,8,2023-06-19,91,294,49,375,0,0,0,0.0,0.0,0.0,0.0,0,669234
1381399,8,2023-11-27,91,294,49,377,0,0,0,16199.0,182791946.0,2481364.0,2800008358.0,0,751626
1563996,8,2024-02-06,91,294,49,377,0,0,0,16199.0,182791946.0,2481364.0,2800008358.0,0,1381399
1788474,8,2024-03-30,91,294,49,378,0,0,0,16113.0,181821509.0,2420157.0,2730941461.0,0,1563996
1893694,8,2024-05-12,91,294,49,378,0,0,0,16113.0,181821509.0,2420157.0,2730941461.0,0,1788474
9990,8,2023-06-04,93,294,49,373,0,0,0,0.0,0.0,2367138.0,2671114026.0,0,0
92484,8,2023-06-05,93,294,49,373,0,0,0,0.0,0.0,2367138.0,2671114026.0,0,9990
174877,8,2023-06-06,93,294,49,373,0,0,0,0.0,0.0,2367138.0,2671114026.0,0,92484
257270,8,2023-06-07,93,294,49,373,0,0,0,0.0,0.0,2367138.0,2671114026.0,0,174877
339663,8,2023-06-08,93,294,49,373,0,0,0,0.0,0.0,2367138.0,2671114026.0,0,257270
422056,8,2023-06-15,93,294,49,373,0,0,0,0.0,0.0,2367138.0,2671114026.0,0,339663
504449,8,2023-06-16,93,294,49,373,0,0,0,0.0,0.0,2367138.0,2671114026.0,0,422056
586842,8,2023-06-17,93,294,49,373,0,0,0,0.0,0.0,2367138.0,2671114026.0,0,504449
669235,8,2023-06-18,93,294,49,373,0,0,0,0.0,0.0,2367138.0,2671114026.0,0,586842
751627,8,2023-06-19,93,294,49,373,0,0,0,0.0,0.0,0.0,0.0,0,669235
1381400,8,2023-11-27,93,294,49,375,0,0,0,0.0,0.0,2334968.0,2634812916.0,0,751627
1563997,8,2024-02-06,93,294,49,375,0,0,0,19996.0,225637863.0,2370491.0,2674897602.0,0,1381400
1788475,8,2024-03-30,93,294,49,331,0,0,0,0.0,0.0,2182523.0,2462791691.0,0,1563997
1893695,8,2024-05-12,93,294,49,331,0,0,0,16014.0,180704378.0,213652.0,2410881216.0,0,1788475
9991,8,2023-06-04,94,294,49,331,0,0,0,0.0,0.0,1345568.0,1518359115.0,0,0
92485,8,2023-06-05,94,294,49,331,0,0,0,0.0,0.0,1345568.0,1518359115.0,0,9991
174878,8,2023-06-06,94,294,49,331,0,0,0,0.0,0.0,1345568.0,1518359115.0,0,92485
257271,8,2023-06-07,94,294,49,331,0,0,0,0.0,0.0,1345568.0,1518359115.0,0,174878
339664,8,2023-06-08,94,294,49,331,0,0,0,0.0,0.0,1345568.0,1518359115.0,0,257271
422057,8,2023-06-15,94,294,49,331,0,0,0,0.0,0.0,1345568.0,1518359115.0,0,339664
504450,8,2023-06-16,94,294,49,331,0,0,0,0.0,0.0,1345568.0,1518359115.0,0,422057
586843,8,2023-06-17,94,294,49,331,0,0,0,0.0,0.0,1345568.0,1518359115.0,0,504450
669236,8,2023-06-18,94,294,49,331,0,0,0,0.0,0.0,1345568.0,1518359115.0,0,586843
751628,8,2023-06-19,94,294,49,331,0,0,0,0.0,0.0,0.0,0.0,0,669236
1381401,8,2023-11-27,94,294,49,375,0,0,0,0.0,0.0,1439171.0,1623982144.0,0,751628
1563998,8,2024-02-06,94,294,49,375,0,0,0,13001.0,146705234.0,1462426.0,1650223435.0,0,1381401
1788476,8,2024-03-30,94,294,49,378,0,0,0,11895.0,134224964.0,1439171.0,1623982144.0,0,1563998
1893696,8,2024-05-12,94,294,49,378,0,0,0,11895.0,134224964.0,1439171.0,1623982144.0,0,1788476
9992,8,2023-06-04,95,294,49,331,0,0,0,0.0,0.0,1345568.0,1518359115.0,0,0
92486,8,2023-06-05,95,294,49,331,0,0,0,0.0,0.0,1345568.0,1518359115.0,0,9992
174879,8,2023-06-06,95,294,49,331,0,0,0,0.0,0.0,1345568.0,1518359115.0,0,92486
257272,8,2023-06-07,95,294,49,331,0,0,0,0.0,0.0,1345568.0,1518359115.0,0,174879
339665,8,2023-06-08,95,294,49,331,0,0,0,0.0,0.0,1345568.0,1518359115.0,0,257272
422058,8,2023-06-15,95,294,49,331,0,0,0,0.0,0.0,1345568.0,1518359115.0,0,339665
504451,8,2023-06-16,95,294,49,331,0,0,0,0.0,0.0,1345568.0,1518359115.0,0,422058
586844,8,2023-06-17,95,294,49,331,0,0,0,0.0,0.0,1345568.0,1518359115.0,0,504451
669237,8,2023-06-18,95,294,49,331,0,0,0,0.0,0.0,1345568.0,1518359115.0,0,586844
751629,8,2023-06-19,95,294,49,331,0,0,0,0.0,0.0,0.0,0.0,0,669237
1381402,8,2023-11-27,95,294,49,375,0,0,0,0.0,0.0,1439171.0,1623982144.0,0,751629
1563999,8,2024-02-06,95,294,49,375,0,0,0,13001.0,146705234.0,1462426.0,1650223435.0,0,1381402
1788477,8,2024-03-30,95,294,49,378,0,0,0,11895.0,134224964.0,1439171.0,1623982144.0,0,1563999
1893697,8,2024-05-12,95,294,49,378,0,0,0,11895.0,134224964.0,1439171.0,1623982144.0,0,1788477
9993,8,2023-06-04,96,294,49,377,0,0,0,2397.0,270481076.0,3933739.0,4438890094.0,0,0
92487,8,2023-06-05,96,294,49,377,0,0,0,2397.0,270481076.0,3933739.0,4438890094.0,0,9993
174880,8,2023-06-06,96,294,49,377,0,0,0,2397.0,270481076.0,3933739.0,4438890094.0,0,92487
257273,8,2023-06-07,96,294,49,377,0,0,0,2397.0,270481076.0,3933739.0,4438890094.0,0,174880
339666,8,2023-06-08,96,294,49,377,0,0,0,2397.0,270481076.0,3933739.0,4438890094.0,0,257273
422059,8,2023-06-15,96,294,49,377,0,0,0,2397.0,270481076.0,3933739.0,4438890094.0,0,339666
504452,8,2023-06-16,96,294,49,377,0,0,0,2397.0,270481076.0,3933739.0,4438890094.0,0,422059
586845,8,2023-06-17,96,294,49,377,0,0,0,2397.0,270481076.0,3933739.0,4438890094.0,0,504452
669238,8,2023-06-18,96,294,49,377,0,0,0,2397.0,270481076.0,3933739.0,4438890094.0,0,586845
751630,8,2023-06-19,96,294,49,377,0,0,0,0.0,0.0,0.0,0.0,0,669238
1381403,8,2023-11-27,96,294,49,377,0,0,0,2397.0,270481076.0,3933739.0,4438890094.0,0,751630
1564000,8,2024-02-06,96,294,49,377,0,0,0,2397.0,270481076.0,3933739.0,4438890094.0,0,1381403
1788478,8,2024-03-30,96,294,49,377,0,0,0,2397.0,270481076.0,3933739.0,4438890094.0,0,1564000
1893698,8,2024-05-12,96,294,49,377,0,0,0,2397.0,270481076.0,3933739.0,4438890094.0,0,1788478
9994,8,2023-06-04,97,294,49,377,0,0,0,2397.0,270481076.0,3933739.0,4438890094.0,0,0
92488,8,2023-06-05,97,294,49,377,0,0,0,2397.0,270481076.0,3933739.0,4438890094.0,0,9994
174881,8,2023-06-06,97,294,49,377,0,0,0,2397.0,270481076.0,3933739.0,4438890094.0,0,92488
257274,8,2023-06-07,97,294,49,377,0,0,0,2397.0,270481076.0,3933739.0,4438890094.0,0,174881
339667,8,2023-06-08,97,294,49,377,0,0,0,2397.0,270481076.0,3933739.0,4438890094.0,0,257274
422060,8,2023-06-15,97,294,49,377,0,0,0,2397.0,270481076.0,3933739.0,4438890094.0,0,339667
504453,8,2023-06-16,97,294,49,377,0,0,0,2397.0,270481076.0,3933739.0,4438890094.0,0,422060
586846,8,2023-06-17,97,294,49,377,0,0,0,2397.0,270481076.0,3933739.0,4438890094.0,0,504453
669239,8,2023-06-18,97,294,49,377,0,0,0,2397.0,270481076.0,3933739.0,4438890094.0,0,586846
751631,8,2023-06-19,97,294,49,377,0,0,0,0.0,0.0,0.0,0.0,0,669239
1381404,8,2023-11-27,97,294,49,377,0,0,0,2397.0,270481076.0,3933739.0,4438890094.0,0,751631
1564001,8,2024-02-06,97,294,49,377,0,0,0,2397.0,270481076.0,3933739.0,4438890094.0,0,1381404
1788479,8,2024-03-30,97,294,49,377,0,0,0,2397.0,270481076.0,3933739.0,4438890094.0,0,1564001
1893699,8,2024-05-12,97,294,49,377,0,0,0,2397.0,270481076.0,3933739.0,4438890094.0,0,1788479
9995,8,2023-06-04,98,294,49,331,0,0,0,0.0,0.0,3914217.0,4416861176.0,0,0
92489,8,2023-06-05,98,294,49,331,0,0,0,0.0,0.0,3914217.0,4416861176.0,0,9995
174882,8,2023-06-06,98,294,49,331,0,0,0,0.0,0.0,3914217.0,4416861176.0,0,92489
257275,8,2023-06-07,98,294,49,331,0,0,0,0.0,0.0,3914217.0,4416861176.0,0,174882
339668,8,2023-06-08,98,294,49,331,0,0,0,0.0,0.0,3914217.0,4416861176.0,0,257275
422061,8,2023-06-15,98,294,49,331,0,0,0,0.0,0.0,3914217.0,4416861176.0,0,339668
504454,8,2023-06-16,98,294,49,331,0,0,0,0.0,0.0,3914217.0,4416861176.0,0,422061
586847,8,2023-06-17,98,294,49,331,0,0,0,0.0,0.0,3914217.0,4416861176.0,0,504454
669240,8,2023-06-18,98,294,49,331,0,0,0,0.0,0.0,3914217.0,4416861176.0,0,586847
751632,8,2023-06-19,98,294,49,331,0,0,0,0.0,0.0,0.0,0.0,0,669240
1381405,8,2023-11-27,98,294,49,373,0,0,0,0.0,0.0,3953769.0,4461492246.0,0,751632
1564002,8,2024-02-06,98,294,49,373,0,0,0,0.0,0.0,3875428.0,4373091087.0,0,1381405
1788480,8,2024-03-30,98,294,49,331,0,0,0,0.0,0.0,3862476.0,4358475856.0,0,1564002
1893700,8,2024-05-12,98,294,49,331,0,0,0,23735.0,2678293.0,3802851.0,4291194111.0,0,1788480
9996,8,2023-06-04,100,294,49,331,0,0,0,0.0,0.0,3204877.0,361643128.0,0,0
92490,8,2023-06-05,100,294,49,331,0,0,0,0.0,0.0,3204877.0,361643128.0,0,9996
174883,8,2023-06-06,100,294,49,331,0,0,0,0.0,0.0,3204877.0,361643128.0,0,92490
257276,8,2023-06-07,100,294,49,331,0,0,0,0.0,0.0,3204877.0,361643128.0,0,174883
339669,8,2023-06-08,100,294,49,331,0,0,0,0.0,0.0,3204877.0,361643128.0,0,257276
422062,8,2023-06-15,100,294,49,331,0,0,0,0.0,0.0,3204877.0,361643128.0,0,339669
504455,8,2023-06-16,100,294,49,331,0,0,0,0.0,0.0,3204877.0,361643128.0,0,422062
586848,8,2023-06-17,100,294,49,331,0,0,0,0.0,0.0,3204877.0,361643128.0,0,504455
669241,8,2023-06-18,100,294,49,331,0,0,0,0.0,0.0,3204877.0,361643128.0,0,586848
751633,8,2023-06-19,100,294,49,331,0,0,0,0.0,0.0,0.0,0.0,0,669241
1381406,8,2023-11-27,100,294,49,331,0,0,0,0.0,0.0,3072302.0,3466831661.0,0,751633
1564003,8,2024-02-06,100,294,49,331,0,0,0,0.0,0.0,3096771.0,3494442848.0,0,1381406
1788481,8,2024-03-30,100,294,49,331,0,0,0,0.0,0.0,3031357.0,3420628709.0,0,1564003
1893701,8,2024-05-12,100,294,49,331,0,0,0,17406.0,196411915.0,2981542.0,3364416716.0,0,1788481
9997,8,2023-06-04,101,294,49,331,0,0,0,0.0,0.0,3204877.0,361643128.0,0,0
92491,8,2023-06-05,101,294,49,331,0,0,0,0.0,0.0,3204877.0,361643128.0,0,9997
174884,8,2023-06-06,101,294,49,331,0,0,0,0.0,0.0,3204877.0,361643128.0,0,92491
257277,8,2023-06-07,101,294,49,331,0,0,0,0.0,0.0,3204877.0,361643128.0,0,174884
339670,8,2023-06-08,101,294,49,331,0,0,0,0.0,0.0,3204877.0,361643128.0,0,257277
422063,8,2023-06-15,101,294,49,331,0,0,0,0.0,0.0,3204877.0,361643128.0,0,339670
504456,8,2023-06-16,101,294,49,331,0,0,0,0.0,0.0,3204877.0,361643128.0,0,422063
586849,8,2023-06-17,101,294,49,331,0,0,0,0.0,0.0,3204877.0,361643128.0,0,504456
669242,8,2023-06-18,101,294,49,331,0,0,0,0.0,0.0,3204877.0,361643128.0,0,586849
751634,8,2023-06-19,101,294,49,331,0,0,0,0.0,0.0,0.0,0.0,0,669242
1381407,8,2023-11-27,101,294,49,331,0,0,0,0.0,0.0,3072302.0,3466831661.0,0,751634
1564004,8,2024-02-06,101,294,49,331,0,0,0,0.0,0.0,3096771.0,3494442848.0,0,1381407
1788482,8,2024-03-30,101,294,49,331,0,0,0,0.0,0.0,3031357.0,3420628709.0,0,1564004
1893702,8,2024-05-12,101,294,49,331,0,0,0,17406.0,196411915.0,2981542.0,3364416716.0,0,1788482
9998,8,2023-06-04,104,294,49,377,0,0,0,7131.0,80467274.0,109327.0,1233662267.0,0,0
92492,8,2023-06-05,104,294,49,377,0,0,0,7131.0,80467274.0,109327.0,1233662267.0,0,9998
174885,8,2023-06-06,104,294,49,377,0,0,0,7131.0,80467274.0,109327.0,1233662267.0,0,92492
257278,8,2023-06-07,104,294,49,377,0,0,0,7131.0,80467274.0,109327.0,1233662267.0,0,174885
339671,8,2023-06-08,104,294,49,377,0,0,0,7131.0,80467274.0,109327.0,1233662267.0,0,257278
422064,8,2023-06-15,104,294,49,377,0,0,0,7131.0,80467274.0,109327.0,1233662267.0,0,339671
504457,8,2023-06-16,104,294,49,377,0,0,0,7131.0,80467274.0,109327.0,1233662267.0,0,422064
586850,8,2023-06-17,104,294,49,377,0,0,0,7131.0,80467274.0,109327.0,1233662267.0,0,504457
669243,8,2023-06-18,104,294,49,377,0,0,0,7131.0,80467274.0,109327.0,1233662267.0,0,586850
751635,8,2023-06-19,104,294,49,377,0,0,0,0.0,0.0,0.0,0.0,0,669243
1381408,8,2023-11-27,104,294,49,377,0,0,0,7131.0,80467274.0,1016877.0,114745926.0,0,751635
1564005,8,2024-02-06,104,294,49,377,0,0,0,7131.0,80467274.0,1016877.0,114745926.0,0,1381408
1788483,8,2024-03-30,104,294,49,377,0,0,0,7131.0,80467274.0,1016877.0,114745926.0,0,1564005
1893703,8,2024-05-12,104,294,49,377,0,0,0,7131.0,80467274.0,1016877.0,114745926.0,0,1788483
9999,8,2023-06-04,107,294,49,375,0,0,0,0.0,0.0,1570068.0,1771688282.0,0,0
92493,8,2023-06-05,107,294,49,375,0,0,0,0.0,0.0,1570068.0,1771688282.0,0,9999
174886,8,2023-06-06,107,294,49,375,0,0,0,0.0,0.0,1570068.0,1771688282.0,0,92493
257279,8,2023-06-07,107,294,49,375,0,0,0,0.0,0.0,1570068.0,1771688282.0,0,174886
339672,8,2023-06-08,107,294,49,375,0,0,0,0.0,0.0,1570068.0,1771688282.0,0,257279
422065,8,2023-06-15,107,294,49,375,0,0,0,0.0,0.0,1570068.0,1771688282.0,0,339672
504458,8,2023-06-16,107,294,49,375,0,0,0,0.0,0.0,1570068.0,1771688282.0,0,422065
586851,8,2023-06-17,107,294,49,375,0,0,0,0.0,0.0,1570068.0,1771688282.0,0,504458
669244,8,2023-06-18,107,294,49,375,0,0,0,0.0,0.0,1570068.0,1771688282.0,0,586851
751636,8,2023-06-19,107,294,49,375,0,0,0,0.0,0.0,0.0,0.0,0,669244
1381409,8,2023-11-27,107,294,49,374,0,0,0,0.0,0.0,1573743.0,1775835207.0,0,751636
1564006,8,2024-02-06,107,294,49,374,0,0,0,0.0,0.0,1599376.0,1804759869.0,0,1381409
1788484,8,2024-03-30,107,294,49,331,0,0,0,0.0,0.0,1501734.0,1694579172.0,0,1564006
1893704,8,2024-05-12,107,294,49,331,0,0,0,1212.0,136763898.0,1471607.0,1660583413.0,0,1788484
10000,8,2023-06-04,109,294,49,377,0,0,0,0.0,0.0,2438017.0,2751094953.0,0,0
92494,8,2023-06-05,109,294,49,377,0,0,0,0.0,0.0,2438017.0,2751094953.0,0,10000
174887,8,2023-06-06,109,294,49,377,0,0,0,0.0,0.0,2438017.0,2751094953.0,0,92494
257280,8,2023-06-07,109,294,49,377,0,0,0,0.0,0.0,2438017.0,2751094953.0,0,174887
339673,8,2023-06-08,109,294,49,377,0,0,0,0.0,0.0,2438017.0,2751094953.0,0,257280
422066,8,2023-06-15,109,294,49,377,0,0,0,0.0,0.0,2438017.0,2751094953.0,0,339673
504459,8,2023-06-16,109,294,49,377,0,0,0,0.0,0.0,2438017.0,2751094953.0,0,422066
586852,8,2023-06-17,109,294,49,377,0,0,0,0.0,0.0,2438017.0,2751094953.0,0,504459
669245,8,2023-06-18,109,294,49,377,0,0,0,0.0,0.0,2438017.0,2751094953.0,0,586852
751637,8,2023-06-19,109,294,49,377,0,0,0,0.0,0.0,0.0,0.0,0,669245
1381410,8,2023-11-27,109,294,49,377,0,0,0,0.0,0.0,2438017.0,2751094953.0,0,751637
1564007,8,2024-02-06,109,294,49,377,0,0,0,0.0,0.0,2438017.0,2751094953.0,0,1381410
1788485,8,2024-03-30,109,294,49,377,0,0,0,0.0,0.0,2438017.0,2751094953.0,0,1564007
1893705,8,2024-05-12,109,294,49,377,0,0,0,0.0,0.0,2438017.0,2751094953.0,0,1788485
10001,8,2023-06-04,110,294,49,331,0,0,0,0.0,0.0,1010908.0,1140723751.0,0,0
92495,8,2023-06-05,110,294,49,331,0,0,0,0.0,0.0,1010908.0,1140723751.0,0,10001
174888,8,2023-06-06,110,294,49,331,0,0,0,0.0,0.0,1010908.0,1140723751.0,0,92495
257281,8,2023-06-07,110,294,49,331,0,0,0,0.0,0.0,1010908.0,1140723751.0,0,174888
339674,8,2023-06-08,110,294,49,331,0,0,0,0.0,0.0,1010908.0,1140723751.0,0,257281
422067,8,2023-06-15,110,294,49,331,0,0,0,0.0,0.0,1010908.0,1140723751.0,0,339674
504460,8,2023-06-16,110,294,49,331,0,0,0,0.0,0.0,1010908.0,1140723751.0,0,422067
586853,8,2023-06-17,110,294,49,331,0,0,0,0.0,0.0,1010908.0,1140723751.0,0,504460
669246,8,2023-06-18,110,294,49,331,0,0,0,0.0,0.0,1010908.0,1140723751.0,0,586853
751638,8,2023-06-19,110,294,49,331,0,0,0,0.0,0.0,0.0,0.0,0,669246
1381411,8,2023-11-27,110,294,49,331,0,0,0,0.0,0.0,1007125.0,1136454957.0,0,751638
1564008,8,2024-02-06,110,294,49,331,0,0,0,0.0,0.0,1043336.0,1177315992.0,0,1381411
1788486,8,2024-03-30,110,294,49,331,0,0,0,0.0,0.0,1017764.0,1148460164.0,0,1564008
1893706,8,2024-05-12,110,294,49,331,0,0,0,824.0,92981396.0,997038.0,1125072635.0,0,1788486
10002,8,2023-06-04,111,294,49,331,0,0,0,0.0,0.0,1010908.0,1140723751.0,0,0
92496,8,2023-06-05,111,294,49,331,0,0,0,0.0,0.0,1010908.0,1140723751.0,0,10002
174889,8,2023-06-06,111,294,49,331,0,0,0,0.0,0.0,1010908.0,1140723751.0,0,92496
257282,8,2023-06-07,111,294,49,331,0,0,0,0.0,0.0,1010908.0,1140723751.0,0,174889
339675,8,2023-06-08,111,294,49,331,0,0,0,0.0,0.0,1010908.0,1140723751.0,0,257282
422068,8,2023-06-15,111,294,49,331,0,0,0,0.0,0.0,1010908.0,1140723751.0,0,339675
504461,8,2023-06-16,111,294,49,331,0,0,0,0.0,0.0,1010908.0,1140723751.0,0,422068
586854,8,2023-06-17,111,294,49,331,0,0,0,0.0,0.0,1010908.0,1140723751.0,0,504461
669247,8,2023-06-18,111,294,49,331,0,0,0,0.0,0.0,1010908.0,1140723751.0,0,586854
751639,8,2023-06-19,111,294,49,331,0,0,0,0.0,0.0,0.0,0.0,0,669247
1381412,8,2023-11-27,111,294,49,331,0,0,0,0.0,0.0,1007125.0,1136454957.0,0,751639
1564009,8,2024-02-06,111,294,49,331,0,0,0,0.0,0.0,1043336.0,1177315992.0,0,1381412
1788487,8,2024-03-30,111,294,49,331,0,0,0,0.0,0.0,1017764.0,1148460164.0,0,1564009
1893707,8,2024-05-12,111,294,49,331,0,0,0,824.0,92981396.0,997038.0,1125072635.0,0,1788487
10003,8,2023-06-04,112,294,49,331,0,0,0,0.0,0.0,4064725.0,4586696661.0,0,0
92497,8,2023-06-05,112,294,49,331,0,0,0,0.0,0.0,4064725.0,4586696661.0,0,10003
174890,8,2023-06-06,112,294,49,331,0,0,0,0.0,0.0,4064725.0,4586696661.0,0,92497
257283,8,2023-06-07,112,294,49,331,0,0,0,0.0,0.0,4064725.0,4586696661.0,0,174890
339676,8,2023-06-08,112,294,49,331,0,0,0,0.0,0.0,4064725.0,4586696661.0,0,257283
422069,8,2023-06-15,112,294,49,331,0,0,0,0.0,0.0,4064725.0,4586696661.0,0,339676
504462,8,2023-06-16,112,294,49,331,0,0,0,0.0,0.0,4064725.0,4586696661.0,0,422069
586855,8,2023-06-17,112,294,49,331,0,0,0,0.0,0.0,4064725.0,4586696661.0,0,504462
669248,8,2023-06-18,112,294,49,331,0,0,0,0.0,0.0,4064725.0,4586696661.0,0,586855
751640,8,2023-06-19,112,294,49,331,0,0,0,0.0,0.0,0.0,0.0,0,669248
1381413,8,2023-11-27,112,294,49,331,0,0,0,0.0,0.0,4089441.0,4614586566.0,0,751640
1564010,8,2024-02-06,112,294,49,331,0,0,0,0.0,0.0,4217935.0,4759581123.0,0,1381413
1788488,8,2024-03-30,112,294,49,331,0,0,0,0.0,0.0,4038657.0,4557281139.0,0,1564010
1893708,8,2024-05-12,112,294,49,373,0,0,0,26449.0,298454483.0,4038657.0,4557281139.0,0,1788488
10004,8,2023-06-04,113,294,49,378,0,0,0,0.0,0.0,1071737.0,1209364107.0,0,0
92498,8,2023-06-05,113,294,49,378,0,0,0,0.0,0.0,1071737.0,1209364107.0,0,10004
174891,8,2023-06-06,113,294,49,378,0,0,0,0.0,0.0,1071737.0,1209364107.0,0,92498
257284,8,2023-06-07,113,294,49,378,0,0,0,0.0,0.0,1071737.0,1209364107.0,0,174891
339677,8,2023-06-08,113,294,49,378,0,0,0,0.0,0.0,1071737.0,1209364107.0,0,257284
422070,8,2023-06-15,113,294,49,378,0,0,0,0.0,0.0,1071737.0,1209364107.0,0,339677
504463,8,2023-06-16,113,294,49,378,0,0,0,0.0,0.0,1071737.0,1209364107.0,0,422070
586856,8,2023-06-17,113,294,49,378,0,0,0,0.0,0.0,1071737.0,1209364107.0,0,504463
669249,8,2023-06-18,113,294,49,378,0,0,0,0.0,0.0,1071737.0,1209364107.0,0,586856
751641,8,2023-06-19,113,294,49,378,0,0,0,0.0,0.0,0.0,0.0,0,669249
1381414,8,2023-11-27,113,294,49,378,0,0,0,0.0,0.0,1071737.0,1209364107.0,0,751641
1564011,8,2024-02-06,113,294,49,378,0,0,0,0.0,0.0,1071737.0,1209364107.0,0,1381414
1788489,8,2024-03-30,113,294,49,378,0,0,0,0.0,0.0,1071737.0,1209364107.0,0,1564011
1893709,8,2024-05-12,113,294,49,378,0,0,0,0.0,0.0,1071737.0,1209364107.0,0,1788489
10005,8,2023-06-04,114,294,49,378,0,0,0,0.0,0.0,1071737.0,1209364107.0,0,0
92499,8,2023-06-05,114,294,49,378,0,0,0,0.0,0.0,1071737.0,1209364107.0,0,10005
174892,8,2023-06-06,114,294,49,378,0,0,0,0.0,0.0,1071737.0,1209364107.0,0,92499
257285,8,2023-06-07,114,294,49,378,0,0,0,0.0,0.0,1071737.0,1209364107.0,0,174892
339678,8,2023-06-08,114,294,49,378,0,0,0,0.0,0.0,1071737.0,1209364107.0,0,257285
422071,8,2023-06-15,114,294,49,378,0,0,0,0.0,0.0,1071737.0,1209364107.0,0,339678
504464,8,2023-06-16,114,294,49,378,0,0,0,0.0,0.0,1071737.0,1209364107.0,0,422071
586857,8,2023-06-17,114,294,49,378,0,0,0,0.0,0.0,1071737.0,1209364107.0,0,504464
669250,8,2023-06-18,114,294,49,378,0,0,0,0.0,0.0,1071737.0,1209364107.0,0,586857
751642,8,2023-06-19,114,294,49,378,0,0,0,0.0,0.0,0.0,0.0,0,669250
1381415,8,2023-11-27,114,294,49,378,0,0,0,0.0,0.0,1071737.0,1209364107.0,0,751642
1564012,8,2024-02-06,114,294,49,378,0,0,0,0.0,0.0,1071737.0,1209364107.0,0,1381415
1788490,8,2024-03-30,114,294,49,378,0,0,0,0.0,0.0,1071737.0,1209364107.0,0,1564012
1893710,8,2024-05-12,114,294,49,378,0,0,0,0.0,0.0,1071737.0,1209364107.0,0,1788490
10006,8,2023-06-04,115,294,49,377,0,0,0,9572.0,108011884.0,1035852.0,1168870935.0,0,0
92500,8,2023-06-05,115,294,49,377,0,0,0,9572.0,108011884.0,1035852.0,1168870935.0,0,10006
174893,8,2023-06-06,115,294,49,377,0,0,0,9572.0,108011884.0,1035852.0,1168870935.0,0,92500
257286,8,2023-06-07,115,294,49,377,0,0,0,9572.0,108011884.0,1035852.0,1168870935.0,0,174893
339679,8,2023-06-08,115,294,49,377,0,0,0,9572.0,108011884.0,1035852.0,1168870935.0,0,257286
422072,8,2023-06-15,115,294,49,377,0,0,0,9572.0,108011884.0,1035852.0,1168870935.0,0,339679
504465,8,2023-06-16,115,294,49,377,0,0,0,9572.0,108011884.0,1035852.0,1168870935.0,0,422072
586858,8,2023-06-17,115,294,49,377,0,0,0,9572.0,108011884.0,1035852.0,1168870935.0,0,504465
669251,8,2023-06-18,115,294,49,377,0,0,0,9572.0,108011884.0,1035852.0,1168870935.0,0,586858
751643,8,2023-06-19,115,294,49,377,0,0,0,0.0,0.0,0.0,0.0,0,669251
1381416,8,2023-11-27,115,294,49,377,0,0,0,9572.0,108011884.0,899745.0,1015285754.0,0,751643
1564013,8,2024-02-06,115,294,49,377,0,0,0,9572.0,108011884.0,899745.0,1015285754.0,0,1381416
1788491,8,2024-03-30,115,294,49,377,0,0,0,9572.0,108011884.0,884468.0,9980469582.0,0,1564013
1893711,8,2024-05-12,115,294,49,377,0,0,0,9572.0,108011884.0,884468.0,9980469582.0,0,1788491
10007,8,2023-06-04,116,294,49,377,0,0,0,9572.0,108011884.0,1035852.0,1168870935.0,0,0
92501,8,2023-06-05,116,294,49,377,0,0,0,9572.0,108011884.0,1035852.0,1168870935.0,0,10007
174894,8,2023-06-06,116,294,49,377,0,0,0,9572.0,108011884.0,1035852.0,1168870935.0,0,92501
257287,8,2023-06-07,116,294,49,377,0,0,0,9572.0,108011884.0,1035852.0,1168870935.0,0,174894
339680,8,2023-06-08,116,294,49,377,0,0,0,9572.0,108011884.0,1035852.0,1168870935.0,0,257287
422073,8,2023-06-15,116,294,49,377,0,0,0,9572.0,108011884.0,1035852.0,1168870935.0,0,339680
504466,8,2023-06-16,116,294,49,377,0,0,0,9572.0,108011884.0,1035852.0,1168870935.0,0,422073
586859,8,2023-06-17,116,294,49,377,0,0,0,9572.0,108011884.0,1035852.0,1168870935.0,0,504466
669252,8,2023-06-18,116,294,49,377,0,0,0,9572.0,108011884.0,1035852.0,1168870935.0,0,586859
751644,8,2023-06-19,116,294,49,377,0,0,0,0.0,0.0,0.0,0.0,0,669252
1381417,8,2023-11-27,116,294,49,377,0,0,0,9572.0,108011884.0,899745.0,1015285754.0,0,751644
1564014,8,2024-02-06,116,294,49,377,0,0,0,9572.0,108011884.0,899745.0,1015285754.0,0,1381417
1788492,8,2024-03-30,116,294,49,377,0,0,0,9572.0,108011884.0,884468.0,9980469582.0,0,1564014
1893712,8,2024-05-12,116,294,49,377,0,0,0,9572.0,108011884.0,884468.0,9980469582.0,0,1788492
10008,8,2023-06-04,117,294,49,378,0,0,0,0.0,0.0,3123946.0,3525107526.0,0,0
92502,8,2023-06-05,117,294,49,378,0,0,0,0.0,0.0,3123946.0,3525107526.0,0,10008
174895,8,2023-06-06,117,294,49,378,0,0,0,0.0,0.0,3123946.0,3525107526.0,0,92502
257288,8,2023-06-07,117,294,49,378,0,0,0,0.0,0.0,3123946.0,3525107526.0,0,174895
339681,8,2023-06-08,117,294,49,378,0,0,0,0.0,0.0,3123946.0,3525107526.0,0,257288
422074,8,2023-06-15,117,294,49,378,0,0,0,0.0,0.0,3123946.0,3525107526.0,0,339681
504467,8,2023-06-16,117,294,49,378,0,0,0,0.0,0.0,3123946.0,3525107526.0,0,422074
586860,8,2023-06-17,117,294,49,378,0,0,0,0.0,0.0,3123946.0,3525107526.0,0,504467
669253,8,2023-06-18,117,294,49,378,0,0,0,0.0,0.0,3123946.0,3525107526.0,0,586860
751645,8,2023-06-19,117,294,49,378,0,0,0,0.0,0.0,0.0,0.0,0,669253
1381418,8,2023-11-27,117,294,49,378,0,0,0,0.0,0.0,3123946.0,3525107526.0,0,751645
1564015,8,2024-02-06,117,294,49,378,0,0,0,0.0,0.0,3123946.0,3525107526.0,0,1381418
1788493,8,2024-03-30,117,294,49,378,0,0,0,0.0,0.0,3123946.0,3525107526.0,0,1564015
1893713,8,2024-05-12,117,294,49,378,0,0,0,0.0,0.0,3123946.0,3525107526.0,0,1788493
10009,8,2023-06-04,118,294,49,331,0,0,0,0.0,0.0,265337.0,2994102509.0,0,0
92503,8,2023-06-05,118,294,49,331,0,0,0,0.0,0.0,265337.0,2994102509.0,0,10009
174896,8,2023-06-06,118,294,49,331,0,0,0,0.0,0.0,265337.0,2994102509.0,0,92503
257289,8,2023-06-07,118,294,49,331,0,0,0,0.0,0.0,265337.0,2994102509.0,0,174896
339682,8,2023-06-08,118,294,49,331,0,0,0,0.0,0.0,265337.0,2994102509.0,0,257289
422075,8,2023-06-15,118,294,49,331,0,0,0,0.0,0.0,265337.0,2994102509.0,0,339682
504468,8,2023-06-16,118,294,49,331,0,0,0,0.0,0.0,265337.0,2994102509.0,0,422075
586861,8,2023-06-17,118,294,49,331,0,0,0,0.0,0.0,265337.0,2994102509.0,0,504468
669254,8,2023-06-18,118,294,49,331,0,0,0,0.0,0.0,265337.0,2994102509.0,0,586861
751646,8,2023-06-19,118,294,49,331,0,0,0,0.0,0.0,0.0,0.0,0,669254
1564016,8,2024-02-06,118,294,49,340,0,0,0,0.0,0.0,0.0,0.0,0,751646
10010,8,2023-06-04,121,294,49,331,0,0,0,0.0,0.0,155637.0,1756231254.0,0,0
92504,8,2023-06-05,121,294,49,331,0,0,0,0.0,0.0,155637.0,1756231254.0,0,10010
174897,8,2023-06-06,121,294,49,331,0,0,0,0.0,0.0,155637.0,1756231254.0,0,92504
257290,8,2023-06-07,121,294,49,331,0,0,0,0.0,0.0,155637.0,1756231254.0,0,174897
339683,8,2023-06-08,121,294,49,331,0,0,0,0.0,0.0,155637.0,1756231254.0,0,257290
422076,8,2023-06-15,121,294,49,331,0,0,0,0.0,0.0,155637.0,1756231254.0,0,339683
504469,8,2023-06-16,121,294,49,331,0,0,0,0.0,0.0,155637.0,1756231254.0,0,422076
586862,8,2023-06-17,121,294,49,331,0,0,0,0.0,0.0,155637.0,1756231254.0,0,504469
669255,8,2023-06-18,121,294,49,331,0,0,0,0.0,0.0,155637.0,1756231254.0,0,586862
751647,8,2023-06-19,121,294,49,331,0,0,0,0.0,0.0,0.0,0.0,0,669255
10011,8,2023-06-04,124,294,49,331,0,0,0,0.0,0.0,1958879.0,2210428447.0,0,0
92505,8,2023-06-05,124,294,49,331,0,0,0,0.0,0.0,1958879.0,2210428447.0,0,10011
174898,8,2023-06-06,124,294,49,331,0,0,0,0.0,0.0,1958879.0,2210428447.0,0,92505
257291,8,2023-06-07,124,294,49,331,0,0,0,0.0,0.0,1958879.0,2210428447.0,0,174898
339684,8,2023-06-08,124,294,49,331,0,0,0,0.0,0.0,1958879.0,2210428447.0,0,257291
422077,8,2023-06-15,124,294,49,331,0,0,0,0.0,0.0,1958879.0,2210428447.0,0,339684
504470,8,2023-06-16,124,294,49,331,0,0,0,0.0,0.0,1958879.0,2210428447.0,0,422077
586863,8,2023-06-17,124,294,49,331,0,0,0,0.0,0.0,1958879.0,2210428447.0,0,504470
669256,8,2023-06-18,124,294,49,331,0,0,0,0.0,0.0,1958879.0,2210428447.0,0,586863
751648,8,2023-06-19,124,294,49,331,0,0,0,0.0,0.0,0.0,0.0,0,669256
1381419,8,2023-11-27,124,294,49,331,0,0,0,0.0,0.0,1976704.0,2230542444.0,0,751648
1564017,8,2024-02-06,124,294,49,331,0,0,0,0.0,0.0,1965881.0,2218329609.0,0,1381419
1788494,8,2024-03-30,124,294,49,331,0,0,0,0.0,0.0,1991875.0,2247661628.0,0,1564017
1893714,8,2024-05-12,124,294,49,331,0,0,0,13033.0,147066327.0,195863.0,2210147472.0,0,1788494
10012,8,2023-06-04,125,294,49,331,0,0,0,0.0,0.0,1958879.0,2210428447.0,0,0
92506,8,2023-06-05,125,294,49,331,0,0,0,0.0,0.0,1958879.0,2210428447.0,0,10012
174899,8,2023-06-06,125,294,49,331,0,0,0,0.0,0.0,1958879.0,2210428447.0,0,92506
257292,8,2023-06-07,125,294,49,331,0,0,0,0.0,0.0,1958879.0,2210428447.0,0,174899
339685,8,2023-06-08,125,294,49,331,0,0,0,0.0,0.0,1958879.0,2210428447.0,0,257292
422078,8,2023-06-15,125,294,49,331,0,0,0,0.0,0.0,1958879.0,2210428447.0,0,339685
504471,8,2023-06-16,125,294,49,331,0,0,0,0.0,0.0,1958879.0,2210428447.0,0,422078
586864,8,2023-06-17,125,294,49,331,0,0,0,0.0,0.0,1958879.0,2210428447.0,0,504471
669257,8,2023-06-18,125,294,49,331,0,0,0,0.0,0.0,1958879.0,2210428447.0,0,586864
751649,8,2023-06-19,125,294,49,331,0,0,0,0.0,0.0,0.0,0.0,0,669257
1381420,8,2023-11-27,125,294,49,331,0,0,0,0.0,0.0,1976704.0,2230542444.0,0,751649
1564018,8,2024-02-06,125,294,49,331,0,0,0,0.0,0.0,1965881.0,2218329609.0,0,1381420
1788495,8,2024-03-30,125,294,49,331,0,0,0,0.0,0.0,1991875.0,2247661628.0,0,1564018
1893715,8,2024-05-12,125,294,49,331,0,0,0,13033.0,147066327.0,195863.0,2210147472.0,0,1788495
10013,8,2023-06-04,131,294,49,378,0,0,0,0.0,0.0,1549698.0,1748702469.0,0,0
92507,8,2023-06-05,131,294,49,378,0,0,0,0.0,0.0,1549698.0,1748702469.0,0,10013
174900,8,2023-06-06,131,294,49,378,0,0,0,0.0,0.0,1549698.0,1748702469.0,0,92507
257293,8,2023-06-07,131,294,49,378,0,0,0,0.0,0.0,1549698.0,1748702469.0,0,174900
339686,8,2023-06-08,131,294,49,378,0,0,0,0.0,0.0,1549698.0,1748702469.0,0,257293
422079,8,2023-06-15,131,294,49,378,0,0,0,0.0,0.0,1549698.0,1748702469.0,0,339686
504472,8,2023-06-16,131,294,49,378,0,0,0,0.0,0.0,1549698.0,1748702469.0,0,422079
586865,8,2023-06-17,131,294,49,378,0,0,0,0.0,0.0,1549698.0,1748702469.0,0,504472
669258,8,2023-06-18,131,294,49,378,0,0,0,0.0,0.0,1549698.0,1748702469.0,0,586865
751650,8,2023-06-19,131,294,49,378,0,0,0,0.0,0.0,0.0,0.0,0,669258
1381421,8,2023-11-27,131,294,49,378,0,0,0,0.0,0.0,1549698.0,1748702469.0,0,751650
1564019,8,2024-02-06,131,294,49,378,0,0,0,0.0,0.0,1549698.0,1748702469.0,0,1381421
1788496,8,2024-03-30,131,294,49,378,0,0,0,0.0,0.0,1549698.0,1748702469.0,0,1564019
1893716,8,2024-05-12,131,294,49,378,0,0,0,0.0,0.0,1549698.0,1748702469.0,0,1788496
10014,8,2023-06-04,134,294,49,331,0,0,0,0.0,0.0,1348077.0,1521190308.0,0,0
92508,8,2023-06-05,134,294,49,331,0,0,0,0.0,0.0,1348077.0,1521190308.0,0,10014
174901,8,2023-06-06,134,294,49,331,0,0,0,0.0,0.0,1348077.0,1521190308.0,0,92508
257294,8,2023-06-07,134,294,49,331,0,0,0,0.0,0.0,1348077.0,1521190308.0,0,174901
339687,8,2023-06-08,134,294,49,331,0,0,0,0.0,0.0,1348077.0,1521190308.0,0,257294
422080,8,2023-06-15,134,294,49,331,0,0,0,0.0,0.0,1348077.0,1521190308.0,0,339687
504473,8,2023-06-16,134,294,49,331,0,0,0,0.0,0.0,1348077.0,1521190308.0,0,422080
586866,8,2023-06-17,134,294,49,331,0,0,0,0.0,0.0,1348077.0,1521190308.0,0,504473
669259,8,2023-06-18,134,294,49,331,0,0,0,0.0,0.0,1348077.0,1521190308.0,0,586866
751651,8,2023-06-19,134,294,49,331,0,0,0,0.0,0.0,0.0,0.0,0,669259
1381422,8,2023-11-27,134,294,49,331,0,0,0,0.0,0.0,1290703.0,1456448626.0,0,751651
1564020,8,2024-02-06,134,294,49,331,0,0,0,0.0,0.0,5723.0,6457919.0,0,1381422
1788497,8,2024-03-30,134,294,49,331,0,0,0,0.0,0.0,126752.0,1430288581.0,0,1564020
1893717,8,2024-05-12,134,294,49,331,0,0,0,93.0,104942595.0,1240103.0,1399350827.0,0,1788497
10015,8,2023-06-04,135,294,49,331,0,0,0,0.0,0.0,1348077.0,1521190308.0,0,0
92509,8,2023-06-05,135,294,49,331,0,0,0,0.0,0.0,1348077.0,1521190308.0,0,10015
174902,8,2023-06-06,135,294,49,331,0,0,0,0.0,0.0,1348077.0,1521190308.0,0,92509
257295,8,2023-06-07,135,294,49,331,0,0,0,0.0,0.0,1348077.0,1521190308.0,0,174902
339688,8,2023-06-08,135,294,49,331,0,0,0,0.0,0.0,1348077.0,1521190308.0,0,257295
422081,8,2023-06-15,135,294,49,331,0,0,0,0.0,0.0,1348077.0,1521190308.0,0,339688
504474,8,2023-06-16,135,294,49,331,0,0,0,0.0,0.0,1348077.0,1521190308.0,0,422081
586867,8,2023-06-17,135,294,49,331,0,0,0,0.0,0.0,1348077.0,1521190308.0,0,504474
669260,8,2023-06-18,135,294,49,331,0,0,0,0.0,0.0,1348077.0,1521190308.0,0,586867
751652,8,2023-06-19,135,294,49,331,0,0,0,0.0,0.0,0.0,0.0,0,669260
1381423,8,2023-11-27,135,294,49,331,0,0,0,0.0,0.0,1290703.0,1456448626.0,0,751652
1564021,8,2024-02-06,135,294,49,331,0,0,0,0.0,0.0,5723.0,6457919.0,0,1381423
1788498,8,2024-03-30,135,294,49,331,0,0,0,0.0,0.0,126752.0,1430288581.0,0,1564021
1893718,8,2024-05-12,135,294,49,331,0,0,0,93.0,104942595.0,1240103.0,1399350827.0,0,1788498
10016,8,2023-06-04,136,294,49,377,0,0,0,0.0,0.0,414936.0,4682200064.0,0,0
92510,8,2023-06-05,136,294,49,377,0,0,0,0.0,0.0,414936.0,4682200064.0,0,10016
174903,8,2023-06-06,136,294,49,377,0,0,0,0.0,0.0,414936.0,4682200064.0,0,92510
257296,8,2023-06-07,136,294,49,377,0,0,0,0.0,0.0,414936.0,4682200064.0,0,174903
339689,8,2023-06-08,136,294,49,377,0,0,0,0.0,0.0,414936.0,4682200064.0,0,257296
422082,8,2023-06-15,136,294,49,377,0,0,0,0.0,0.0,414936.0,4682200064.0,0,339689
504475,8,2023-06-16,136,294,49,377,0,0,0,0.0,0.0,414936.0,4682200064.0,0,422082
586868,8,2023-06-17,136,294,49,377,0,0,0,0.0,0.0,414936.0,4682200064.0,0,504475
669261,8,2023-06-18,136,294,49,377,0,0,0,0.0,0.0,414936.0,4682200064.0,0,586868
751653,8,2023-06-19,136,294,49,377,0,0,0,0.0,0.0,0.0,0.0,0,669261
1381424,8,2023-11-27,136,294,49,377,0,0,0,0.0,0.0,395809.0,4466368127.0,0,751653
1564022,8,2024-02-06,136,294,49,377,0,0,0,0.0,0.0,395809.0,4466368127.0,0,1381424
1788499,8,2024-03-30,136,294,49,377,0,0,0,0.0,0.0,395809.0,4466368127.0,0,1564022
1893719,8,2024-05-12,136,294,49,377,0,0,0,0.0,0.0,395809.0,4466368127.0,0,1788499
10017,8,2023-06-04,137,294,49,377,0,0,0,0.0,0.0,414936.0,4682200064.0,0,0
92511,8,2023-06-05,137,294,49,377,0,0,0,0.0,0.0,414936.0,4682200064.0,0,10017
174904,8,2023-06-06,137,294,49,377,0,0,0,0.0,0.0,414936.0,4682200064.0,0,92511
257297,8,2023-06-07,137,294,49,377,0,0,0,0.0,0.0,414936.0,4682200064.0,0,174904
339690,8,2023-06-08,137,294,49,377,0,0,0,0.0,0.0,414936.0,4682200064.0,0,257297
422083,8,2023-06-15,137,294,49,377,0,0,0,0.0,0.0,414936.0,4682200064.0,0,339690
504476,8,2023-06-16,137,294,49,377,0,0,0,0.0,0.0,414936.0,4682200064.0,0,422083
586869,8,2023-06-17,137,294,49,377,0,0,0,0.0,0.0,414936.0,4682200064.0,0,504476
669262,8,2023-06-18,137,294,49,377,0,0,0,0.0,0.0,414936.0,4682200064.0,0,586869
751654,8,2023-06-19,137,294,49,377,0,0,0,0.0,0.0,0.0,0.0,0,669262
1381425,8,2023-11-27,137,294,49,377,0,0,0,0.0,0.0,395809.0,4466368127.0,0,751654
1564023,8,2024-02-06,137,294,49,377,0,0,0,0.0,0.0,395809.0,4466368127.0,0,1381425
1788500,8,2024-03-30,137,294,49,377,0,0,0,0.0,0.0,395809.0,4466368127.0,0,1564023
1893720,8,2024-05-12,137,294,49,377,0,0,0,0.0,0.0,395809.0,4466368127.0,0,1788500
10018,8,2023-06-04,138,294,49,331,0,0,0,0.0,0.0,1550805.0,1749951624.0,0,0
92512,8,2023-06-05,138,294,49,331,0,0,0,0.0,0.0,1550805.0,1749951624.0,0,10018
174905,8,2023-06-06,138,294,49,331,0,0,0,0.0,0.0,1550805.0,1749951624.0,0,92512
257298,8,2023-06-07,138,294,49,331,0,0,0,0.0,0.0,1550805.0,1749951624.0,0,174905
339691,8,2023-06-08,138,294,49,331,0,0,0,0.0,0.0,1550805.0,1749951624.0,0,257298
422084,8,2023-06-15,138,294,49,331,0,0,0,0.0,0.0,1550805.0,1749951624.0,0,339691
504477,8,2023-06-16,138,294,49,331,0,0,0,0.0,0.0,1550805.0,1749951624.0,0,422084
586870,8,2023-06-17,138,294,49,331,0,0,0,0.0,0.0,1550805.0,1749951624.0,0,504477
669263,8,2023-06-18,138,294,49,331,0,0,0,0.0,0.0,1550805.0,1749951624.0,0,586870
751655,8,2023-06-19,138,294,49,331,0,0,0,0.0,0.0,0.0,0.0,0,669263
1381426,8,2023-11-27,138,294,49,331,0,0,0,0.0,0.0,1485251.0,1675979507.0,0,751655
1564024,8,2024-02-06,138,294,49,331,0,0,0,0.0,0.0,1494367.0,1686266138.0,0,1381426
1788501,8,2024-03-30,138,294,49,331,0,0,0,0.0,0.0,1461423.0,1649091635.0,0,1564024
1893721,8,2024-05-12,138,294,49,331,0,0,0,6474.0,73053587.0,1437537.0,1622138314.0,0,1788501
10019,8,2023-06-04,139,294,49,331,0,0,0,0.0,0.0,1550805.0,1749951624.0,0,0
92513,8,2023-06-05,139,294,49,331,0,0,0,0.0,0.0,1550805.0,1749951624.0,0,10019
174906,8,2023-06-06,139,294,49,331,0,0,0,0.0,0.0,1550805.0,1749951624.0,0,92513
257299,8,2023-06-07,139,294,49,331,0,0,0,0.0,0.0,1550805.0,1749951624.0,0,174906
339692,8,2023-06-08,139,294,49,331,0,0,0,0.0,0.0,1550805.0,1749951624.0,0,257299
422085,8,2023-06-15,139,294,49,331,0,0,0,0.0,0.0,1550805.0,1749951624.0,0,339692
504478,8,2023-06-16,139,294,49,331,0,0,0,0.0,0.0,1550805.0,1749951624.0,0,422085
586871,8,2023-06-17,139,294,49,331,0,0,0,0.0,0.0,1550805.0,1749951624.0,0,504478
669264,8,2023-06-18,139,294,49,331,0,0,0,0.0,0.0,1550805.0,1749951624.0,0,586871
751656,8,2023-06-19,139,294,49,331,0,0,0,0.0,0.0,0.0,0.0,0,669264
1381427,8,2023-11-27,139,294,49,331,0,0,0,0.0,0.0,1485251.0,1675979507.0,0,751656
1564025,8,2024-02-06,139,294,49,331,0,0,0,0.0,0.0,1494367.0,1686266138.0,0,1381427
1788502,8,2024-03-30,139,294,49,331,0,0,0,0.0,0.0,1461423.0,1649091635.0,0,1564025
1893722,8,2024-05-12,139,294,49,331,0,0,0,6474.0,73053587.0,1437537.0,1622138314.0,0,1788502
10020,8,2023-06-04,140,294,49,373,0,0,0,0.0,0.0,2763371.0,3118229287.0,0,0
92514,8,2023-06-05,140,294,49,373,0,0,0,0.0,0.0,2763371.0,3118229287.0,0,10020
174907,8,2023-06-06,140,294,49,373,0,0,0,0.0,0.0,2763371.0,3118229287.0,0,92514
257300,8,2023-06-07,140,294,49,373,0,0,0,0.0,0.0,2763371.0,3118229287.0,0,174907
339693,8,2023-06-08,140,294,49,373,0,0,0,0.0,0.0,2763371.0,3118229287.0,0,257300
422086,8,2023-06-15,140,294,49,373,0,0,0,0.0,0.0,2763371.0,3118229287.0,0,339693
504479,8,2023-06-16,140,294,49,373,0,0,0,0.0,0.0,2763371.0,3118229287.0,0,422086
586872,8,2023-06-17,140,294,49,373,0,0,0,0.0,0.0,2763371.0,3118229287.0,0,504479
669265,8,2023-06-18,140,294,49,373,0,0,0,0.0,0.0,2763371.0,3118229287.0,0,586872
751657,8,2023-06-19,140,294,49,373,0,0,0,0.0,0.0,0.0,0.0,0,669265
1381428,8,2023-11-27,140,294,49,373,0,0,0,0.0,0.0,2703938.0,3051164198.0,0,751657
1564026,8,2024-02-06,140,294,49,373,0,0,0,0.0,0.0,2775363.0,313176124.0,0,1381428
1788503,8,2024-03-30,140,294,49,331,0,0,0,0.0,0.0,2633901.0,2972133397.0,0,1564026
1893723,8,2024-05-12,140,294,49,331,0,0,0,16181.0,182588831.0,2591108.0,2923845134.0,0,1788503
10021,8,2023-06-04,141,294,49,373,0,0,0,0.0,0.0,2763371.0,3118229287.0,0,0
92515,8,2023-06-05,141,294,49,373,0,0,0,0.0,0.0,2763371.0,3118229287.0,0,10021
174908,8,2023-06-06,141,294,49,373,0,0,0,0.0,0.0,2763371.0,3118229287.0,0,92515
257301,8,2023-06-07,141,294,49,373,0,0,0,0.0,0.0,2763371.0,3118229287.0,0,174908
339694,8,2023-06-08,141,294,49,373,0,0,0,0.0,0.0,2763371.0,3118229287.0,0,257301
422087,8,2023-06-15,141,294,49,373,0,0,0,0.0,0.0,2763371.0,3118229287.0,0,339694
504480,8,2023-06-16,141,294,49,373,0,0,0,0.0,0.0,2763371.0,3118229287.0,0,422087
586873,8,2023-06-17,141,294,49,373,0,0,0,0.0,0.0,2763371.0,3118229287.0,0,504480
669266,8,2023-06-18,141,294,49,373,0,0,0,0.0,0.0,2763371.0,3118229287.0,0,586873
751658,8,2023-06-19,141,294,49,373,0,0,0,0.0,0.0,0.0,0.0,0,669266
1381429,8,2023-11-27,141,294,49,373,0,0,0,0.0,0.0,2703938.0,3051164198.0,0,751658
1564027,8,2024-02-06,141,294,49,373,0,0,0,0.0,0.0,2775363.0,313176124.0,0,1381429
1788504,8,2024-03-30,141,294,49,331,0,0,0,0.0,0.0,2633901.0,2972133397.0,0,1564027
1893724,8,2024-05-12,141,294,49,331,0,0,0,16181.0,182588831.0,2591108.0,2923845134.0,0,1788504
10022,8,2023-06-04,142,294,49,378,0,0,0,0.0,0.0,2114401.0,2385921804.0,0,0
92516,8,2023-06-05,142,294,49,378,0,0,0,0.0,0.0,2114401.0,2385921804.0,0,10022
174909,8,2023-06-06,142,294,49,378,0,0,0,0.0,0.0,2114401.0,2385921804.0,0,92516
257302,8,2023-06-07,142,294,49,378,0,0,0,0.0,0.0,2114401.0,2385921804.0,0,174909
339695,8,2023-06-08,142,294,49,378,0,0,0,0.0,0.0,2114401.0,2385921804.0,0,257302
422088,8,2023-06-15,142,294,49,378,0,0,0,0.0,0.0,2114401.0,2385921804.0,0,339695
504481,8,2023-06-16,142,294,49,378,0,0,0,0.0,0.0,2114401.0,2385921804.0,0,422088
586874,8,2023-06-17,142,294,49,378,0,0,0,0.0,0.0,2114401.0,2385921804.0,0,504481
669267,8,2023-06-18,142,294,49,378,0,0,0,0.0,0.0,2114401.0,2385921804.0,0,586874
751659,8,2023-06-19,142,294,49,378,0,0,0,0.0,0.0,0.0,0.0,0,669267
1381430,8,2023-11-27,142,294,49,378,0,0,0,0.0,0.0,2114401.0,2385921804.0,0,751659
1564028,8,2024-02-06,142,294,49,378,0,0,0,0.0,0.0,2114401.0,2385921804.0,0,1381430
1788505,8,2024-03-30,142,294,49,378,0,0,0,0.0,0.0,2114401.0,2385921804.0,0,1564028
1893725,8,2024-05-12,142,294,49,378,0,0,0,0.0,0.0,2114401.0,2385921804.0,0,1788505
10023,8,2023-06-04,143,294,49,378,0,0,0,0.0,0.0,2114401.0,2385921804.0,0,0
92517,8,2023-06-05,143,294,49,378,0,0,0,0.0,0.0,2114401.0,2385921804.0,0,10023
174910,8,2023-06-06,143,294,49,378,0,0,0,0.0,0.0,2114401.0,2385921804.0,0,92517
257303,8,2023-06-07,143,294,49,378,0,0,0,0.0,0.0,2114401.0,2385921804.0,0,174910
339696,8,2023-06-08,143,294,49,378,0,0,0,0.0,0.0,2114401.0,2385921804.0,0,257303
422089,8,2023-06-15,143,294,49,378,0,0,0,0.0,0.0,2114401.0,2385921804.0,0,339696
504482,8,2023-06-16,143,294,49,378,0,0,0,0.0,0.0,2114401.0,2385921804.0,0,422089
586875,8,2023-06-17,143,294,49,378,0,0,0,0.0,0.0,2114401.0,2385921804.0,0,504482
669268,8,2023-06-18,143,294,49,378,0,0,0,0.0,0.0,2114401.0,2385921804.0,0,586875
751660,8,2023-06-19,143,294,49,378,0,0,0,0.0,0.0,0.0,0.0,0,669268
1381431,8,2023-11-27,143,294,49,378,0,0,0,0.0,0.0,2114401.0,2385921804.0,0,751660
1564029,8,2024-02-06,143,294,49,378,0,0,0,0.0,0.0,2114401.0,2385921804.0,0,1381431
1788506,8,2024-03-30,143,294,49,378,0,0,0,0.0,0.0,2114401.0,2385921804.0,0,1564029
1893726,8,2024-05-12,143,294,49,378,0,0,0,0.0,0.0,2114401.0,2385921804.0,0,1788506
10024,8,2023-06-04,144,294,49,373,0,0,0,0.0,0.0,143875.0,1623507081.0,0,0
92518,8,2023-06-05,144,294,49,373,0,0,0,0.0,0.0,143875.0,1623507081.0,0,10024
174911,8,2023-06-06,144,294,49,373,0,0,0,0.0,0.0,143875.0,1623507081.0,0,92518
257304,8,2023-06-07,144,294,49,373,0,0,0,0.0,0.0,143875.0,1623507081.0,0,174911
339697,8,2023-06-08,144,294,49,373,0,0,0,0.0,0.0,143875.0,1623507081.0,0,257304
422090,8,2023-06-15,144,294,49,373,0,0,0,0.0,0.0,143875.0,1623507081.0,0,339697
504483,8,2023-06-16,144,294,49,373,0,0,0,0.0,0.0,143875.0,1623507081.0,0,422090
586876,8,2023-06-17,144,294,49,373,0,0,0,0.0,0.0,143875.0,1623507081.0,0,504483
669269,8,2023-06-18,144,294,49,373,0,0,0,0.0,0.0,143875.0,1623507081.0,0,586876
751661,8,2023-06-19,144,294,49,373,0,0,0,0.0,0.0,0.0,0.0,0,669269
1381432,8,2023-11-27,144,294,49,373,0,0,0,0.0,0.0,115713.0,1305722849.0,0,751661
1564030,8,2024-02-06,144,294,49,373,0,0,0,0.0,0.0,109463.0,1235196911.0,0,1381432
1788507,8,2024-03-30,144,294,49,331,0,0,0,0.0,0.0,100398.0,1132906092.0,0,1564030
1893727,8,2024-05-12,144,294,49,331,0,0,0,727.0,8203577.0,95082.0,107291955.0,0,1788507
10025,8,2023-06-04,145,294,49,373,0,0,0,0.0,0.0,143875.0,1623507081.0,0,0
92519,8,2023-06-05,145,294,49,373,0,0,0,0.0,0.0,143875.0,1623507081.0,0,10025
174912,8,2023-06-06,145,294,49,373,0,0,0,0.0,0.0,143875.0,1623507081.0,0,92519
257305,8,2023-06-07,145,294,49,373,0,0,0,0.0,0.0,143875.0,1623507081.0,0,174912
339698,8,2023-06-08,145,294,49,373,0,0,0,0.0,0.0,143875.0,1623507081.0,0,257305
422091,8,2023-06-15,145,294,49,373,0,0,0,0.0,0.0,143875.0,1623507081.0,0,339698
504484,8,2023-06-16,145,294,49,373,0,0,0,0.0,0.0,143875.0,1623507081.0,0,422091
586877,8,2023-06-17,145,294,49,373,0,0,0,0.0,0.0,143875.0,1623507081.0,0,504484
669270,8,2023-06-18,145,294,49,373,0,0,0,0.0,0.0,143875.0,1623507081.0,0,586877
751662,8,2023-06-19,145,294,49,373,0,0,0,0.0,0.0,0.0,0.0,0,669270
1381433,8,2023-11-27,145,294,49,373,0,0,0,0.0,0.0,115713.0,1305722849.0,0,751662
1564031,8,2024-02-06,145,294,49,373,0,0,0,0.0,0.0,109463.0,1235196911.0,0,1381433
1788508,8,2024-03-30,145,294,49,331,0,0,0,0.0,0.0,100398.0,1132906092.0,0,1564031
1893728,8,2024-05-12,145,294,49,331,0,0,0,727.0,8203577.0,95082.0,107291955.0,0,1788508
10026,8,2023-06-04,146,294,49,378,0,0,0,9982.0,112638385.0,2037873.0,2299566461.0,0,0
92520,8,2023-06-05,146,294,49,378,0,0,0,9982.0,112638385.0,2037873.0,2299566461.0,0,10026
174913,8,2023-06-06,146,294,49,378,0,0,0,9982.0,112638385.0,2037873.0,2299566461.0,0,92520
257306,8,2023-06-07,146,294,49,378,0,0,0,9982.0,112638385.0,2037873.0,2299566461.0,0,174913
339699,8,2023-06-08,146,294,49,378,0,0,0,9982.0,112638385.0,2037873.0,2299566461.0,0,257306
422092,8,2023-06-15,146,294,49,378,0,0,0,9982.0,112638385.0,2037873.0,2299566461.0,0,339699
504485,8,2023-06-16,146,294,49,378,0,0,0,9982.0,112638385.0,2037873.0,2299566461.0,0,422092
586878,8,2023-06-17,146,294,49,378,0,0,0,9982.0,112638385.0,2037873.0,2299566461.0,0,504485
669271,8,2023-06-18,146,294,49,378,0,0,0,9982.0,112638385.0,2037873.0,2299566461.0,0,586878
751663,8,2023-06-19,146,294,49,378,0,0,0,0.0,0.0,0.0,0.0,0,669271
1381434,8,2023-11-27,146,294,49,378,0,0,0,9982.0,112638385.0,1999061.0,2255770418.0,0,751663
1564032,8,2024-02-06,146,294,49,378,0,0,0,9982.0,112638385.0,1999061.0,2255770418.0,0,1381434
1788509,8,2024-03-30,146,294,49,378,0,0,0,9982.0,112638385.0,1968157.0,2220897881.0,0,1564032
1893729,8,2024-05-12,146,294,49,378,0,0,0,9982.0,112638385.0,1968157.0,2220897881.0,0,1788509
10027,8,2023-06-04,147,294,49,378,0,0,0,9982.0,112638385.0,2037873.0,2299566461.0,0,0
92521,8,2023-06-05,147,294,49,378,0,0,0,9982.0,112638385.0,2037873.0,2299566461.0,0,10027
174914,8,2023-06-06,147,294,49,378,0,0,0,9982.0,112638385.0,2037873.0,2299566461.0,0,92521
257307,8,2023-06-07,147,294,49,378,0,0,0,9982.0,112638385.0,2037873.0,2299566461.0,0,174914
339700,8,2023-06-08,147,294,49,378,0,0,0,9982.0,112638385.0,2037873.0,2299566461.0,0,257307
422093,8,2023-06-15,147,294,49,378,0,0,0,9982.0,112638385.0,2037873.0,2299566461.0,0,339700
504486,8,2023-06-16,147,294,49,378,0,0,0,9982.0,112638385.0,2037873.0,2299566461.0,0,422093
586879,8,2023-06-17,147,294,49,378,0,0,0,9982.0,112638385.0,2037873.0,2299566461.0,0,504486
669272,8,2023-06-18,147,294,49,378,0,0,0,9982.0,112638385.0,2037873.0,2299566461.0,0,586879
751664,8,2023-06-19,147,294,49,378,0,0,0,0.0,0.0,0.0,0.0,0,669272
1381435,8,2023-11-27,147,294,49,378,0,0,0,9982.0,112638385.0,1999061.0,2255770418.0,0,751664
1564033,8,2024-02-06,147,294,49,378,0,0,0,9982.0,112638385.0,1999061.0,2255770418.0,0,1381435
1788510,8,2024-03-30,147,294,49,378,0,0,0,9982.0,112638385.0,1968157.0,2220897881.0,0,1564033
1893730,8,2024-05-12,147,294,49,378,0,0,0,9982.0,112638385.0,1968157.0,2220897881.0,0,1788510
10028,8,2023-06-04,148,294,49,377,0,0,0,0.0,0.0,1286937.0,1452199015.0,0,0
92522,8,2023-06-05,148,294,49,377,0,0,0,0.0,0.0,1286937.0,1452199015.0,0,10028
174915,8,2023-06-06,148,294,49,377,0,0,0,0.0,0.0,1286937.0,1452199015.0,0,92522
257308,8,2023-06-07,148,294,49,377,0,0,0,0.0,0.0,1286937.0,1452199015.0,0,174915
339701,8,2023-06-08,148,294,49,377,0,0,0,0.0,0.0,1286937.0,1452199015.0,0,257308
422094,8,2023-06-15,148,294,49,377,0,0,0,0.0,0.0,1286937.0,1452199015.0,0,339701
504487,8,2023-06-16,148,294,49,377,0,0,0,0.0,0.0,1286937.0,1452199015.0,0,422094
586880,8,2023-06-17,148,294,49,377,0,0,0,0.0,0.0,1286937.0,1452199015.0,0,504487
669273,8,2023-06-18,148,294,49,377,0,0,0,0.0,0.0,1286937.0,1452199015.0,0,586880
751665,8,2023-06-19,148,294,49,377,0,0,0,0.0,0.0,0.0,0.0,0,669273
1381436,8,2023-11-27,148,294,49,377,0,0,0,0.0,0.0,1105481.0,1247441343.0,0,751665
1564034,8,2024-02-06,148,294,49,377,0,0,0,0.0,0.0,1105481.0,1247441343.0,0,1381436
1788511,8,2024-03-30,148,294,49,377,0,0,0,0.0,0.0,1027004.0,1158886719.0,0,1564034
1893731,8,2024-05-12,148,294,49,377,0,0,0,0.0,0.0,1027004.0,1158886719.0,0,1788511
10029,8,2023-06-04,149,294,49,377,0,0,0,0.0,0.0,1286937.0,1452199015.0,0,0
92523,8,2023-06-05,149,294,49,377,0,0,0,0.0,0.0,1286937.0,1452199015.0,0,10029
174916,8,2023-06-06,149,294,49,377,0,0,0,0.0,0.0,1286937.0,1452199015.0,0,92523
257309,8,2023-06-07,149,294,49,377,0,0,0,0.0,0.0,1286937.0,1452199015.0,0,174916
339702,8,2023-06-08,149,294,49,377,0,0,0,0.0,0.0,1286937.0,1452199015.0,0,257309
422095,8,2023-06-15,149,294,49,377,0,0,0,0.0,0.0,1286937.0,1452199015.0,0,339702
504488,8,2023-06-16,149,294,49,377,0,0,0,0.0,0.0,1286937.0,1452199015.0,0,422095
586881,8,2023-06-17,149,294,49,377,0,0,0,0.0,0.0,1286937.0,1452199015.0,0,504488
669274,8,2023-06-18,149,294,49,377,0,0,0,0.0,0.0,1286937.0,1452199015.0,0,586881
751666,8,2023-06-19,149,294,49,377,0,0,0,0.0,0.0,0.0,0.0,0,669274
1381437,8,2023-11-27,149,294,49,377,0,0,0,0.0,0.0,1105481.0,1247441343.0,0,751666
1564035,8,2024-02-06,149,294,49,377,0,0,0,0.0,0.0,1105481.0,1247441343.0,0,1381437
1788512,8,2024-03-30,149,294,49,377,0,0,0,0.0,0.0,1027004.0,1158886719.0,0,1564035
1893732,8,2024-05-12,149,294,49,377,0,0,0,0.0,0.0,1027004.0,1158886719.0,0,1788512
10030,8,2023-06-04,150,294,49,377,0,0,0,6098.0,68810747.0,843959.0,952335995.0,0,0
92524,8,2023-06-05,150,294,49,377,0,0,0,6098.0,68810747.0,843959.0,952335995.0,0,10030
174917,8,2023-06-06,150,294,49,377,0,0,0,6098.0,68810747.0,843959.0,952335995.0,0,92524
257310,8,2023-06-07,150,294,49,377,0,0,0,6098.0,68810747.0,843959.0,952335995.0,0,174917
339703,8,2023-06-08,150,294,49,377,0,0,0,6098.0,68810747.0,843959.0,952335995.0,0,257310
422096,8,2023-06-15,150,294,49,377,0,0,0,6098.0,68810747.0,843959.0,952335995.0,0,339703
504489,8,2023-06-16,150,294,49,377,0,0,0,6098.0,68810747.0,843959.0,952335995.0,0,422096
586882,8,2023-06-17,150,294,49,377,0,0,0,6098.0,68810747.0,843959.0,952335995.0,0,504489
669275,8,2023-06-18,150,294,49,377,0,0,0,6098.0,68810747.0,843959.0,952335995.0,0,586882
751667,8,2023-06-19,150,294,49,377,0,0,0,0.0,0.0,0.0,0.0,0,669275
1381438,8,2023-11-27,150,294,49,377,0,0,0,6098.0,68810747.0,648612.0,73190351.0,0,751667
1564036,8,2024-02-06,150,294,49,377,0,0,0,6098.0,68810747.0,648612.0,73190351.0,0,1381438
1788513,8,2024-03-30,150,294,49,377,0,0,0,6098.0,68810747.0,627736.0,7083467184.0,0,1564036
1893733,8,2024-05-12,150,294,49,377,0,0,0,6098.0,68810747.0,627736.0,7083467184.0,0,1788513
10031,8,2023-06-04,151,294,49,374,0,0,0,0.0,0.0,1122758.0,1266936969.0,0,0
92525,8,2023-06-05,151,294,49,374,0,0,0,0.0,0.0,1122758.0,1266936969.0,0,10031
174918,8,2023-06-06,151,294,49,374,0,0,0,0.0,0.0,1122758.0,1266936969.0,0,92525
257311,8,2023-06-07,151,294,49,374,0,0,0,0.0,0.0,1122758.0,1266936969.0,0,174918
339704,8,2023-06-08,151,294,49,374,0,0,0,0.0,0.0,1122758.0,1266936969.0,0,257311
422097,8,2023-06-15,151,294,49,374,0,0,0,0.0,0.0,1122758.0,1266936969.0,0,339704
504490,8,2023-06-16,151,294,49,374,0,0,0,0.0,0.0,1122758.0,1266936969.0,0,422097
586883,8,2023-06-17,151,294,49,374,0,0,0,0.0,0.0,1122758.0,1266936969.0,0,504490
669276,8,2023-06-18,151,294,49,374,0,0,0,0.0,0.0,1122758.0,1266936969.0,0,586883
751668,8,2023-06-19,151,294,49,374,0,0,0,0.0,0.0,0.0,0.0,0,669276
1381439,8,2023-11-27,151,294,49,377,0,0,0,8564.0,96637461.0,1131511.0,1276813985.0,0,751668
1564037,8,2024-02-06,151,294,49,377,0,0,0,8564.0,96637461.0,1131511.0,1276813985.0,0,1381439
1788514,8,2024-03-30,151,294,49,377,0,0,0,8564.0,96637461.0,1131511.0,1276813985.0,0,1564037
1893734,8,2024-05-12,151,294,49,377,0,0,0,8564.0,96637461.0,1131511.0,1276813985.0,0,1788514
10032,8,2023-06-04,152,294,49,374,0,0,0,0.0,0.0,1122758.0,1266936969.0,0,0
92526,8,2023-06-05,152,294,49,374,0,0,0,0.0,0.0,1122758.0,1266936969.0,0,10032
174919,8,2023-06-06,152,294,49,374,0,0,0,0.0,0.0,1122758.0,1266936969.0,0,92526
257312,8,2023-06-07,152,294,49,374,0,0,0,0.0,0.0,1122758.0,1266936969.0,0,174919
339705,8,2023-06-08,152,294,49,374,0,0,0,0.0,0.0,1122758.0,1266936969.0,0,257312
422098,8,2023-06-15,152,294,49,374,0,0,0,0.0,0.0,1122758.0,1266936969.0,0,339705
504491,8,2023-06-16,152,294,49,374,0,0,0,0.0,0.0,1122758.0,1266936969.0,0,422098
586884,8,2023-06-17,152,294,49,374,0,0,0,0.0,0.0,1122758.0,1266936969.0,0,504491
669277,8,2023-06-18,152,294,49,374,0,0,0,0.0,0.0,1122758.0,1266936969.0,0,586884
751669,8,2023-06-19,152,294,49,374,0,0,0,0.0,0.0,0.0,0.0,0,669277
1381440,8,2023-11-27,152,294,49,377,0,0,0,8564.0,96637461.0,1131511.0,1276813985.0,0,751669
1564038,8,2024-02-06,152,294,49,377,0,0,0,8564.0,96637461.0,1131511.0,1276813985.0,0,1381440
1788515,8,2024-03-30,152,294,49,377,0,0,0,8564.0,96637461.0,1131511.0,1276813985.0,0,1564038
1893735,8,2024-05-12,152,294,49,377,0,0,0,8564.0,96637461.0,1131511.0,1276813985.0,0,1788515
10033,8,2023-06-04,155,294,49,331,0,0,0,0.0,0.0,882893.0,9962697046.0,0,0
92527,8,2023-06-05,155,294,49,331,0,0,0,0.0,0.0,882893.0,9962697046.0,0,10033
174920,8,2023-06-06,155,294,49,331,0,0,0,0.0,0.0,882893.0,9962697046.0,0,92527
257313,8,2023-06-07,155,294,49,331,0,0,0,0.0,0.0,882893.0,9962697046.0,0,174920
339706,8,2023-06-08,155,294,49,331,0,0,0,0.0,0.0,882893.0,9962697046.0,0,257313
422099,8,2023-06-15,155,294,49,331,0,0,0,0.0,0.0,882893.0,9962697046.0,0,339706
504492,8,2023-06-16,155,294,49,331,0,0,0,0.0,0.0,882893.0,9962697046.0,0,422099
586885,8,2023-06-17,155,294,49,331,0,0,0,0.0,0.0,882893.0,9962697046.0,0,504492
669278,8,2023-06-18,155,294,49,331,0,0,0,0.0,0.0,882893.0,9962697046.0,0,586885
751670,8,2023-06-19,155,294,49,331,0,0,0,0.0,0.0,0.0,0.0,0,669278
1381441,8,2023-11-27,155,294,49,331,0,0,0,0.0,0.0,881769.0,9950013661.0,0,751670
1564039,8,2024-02-06,155,294,49,331,0,0,0,0.0,0.0,895405.0,1010388433.0,0,1381441
1788516,8,2024-03-30,155,294,49,331,0,0,0,0.0,0.0,875624.0,988067256.0,0,1564039
1893736,8,2024-05-12,155,294,49,331,0,0,0,7122.0,80365716.0,857398.0,9675007642.0,0,1788516
10034,8,2023-06-04,156,294,49,377,0,0,0,0.0,0.0,959412.0,1082614892.0,0,0
92528,8,2023-06-05,156,294,49,377,0,0,0,0.0,0.0,959412.0,1082614892.0,0,10034
174921,8,2023-06-06,156,294,49,377,0,0,0,0.0,0.0,959412.0,1082614892.0,0,92528
257314,8,2023-06-07,156,294,49,377,0,0,0,0.0,0.0,959412.0,1082614892.0,0,174921
339707,8,2023-06-08,156,294,49,377,0,0,0,0.0,0.0,959412.0,1082614892.0,0,257314
422100,8,2023-06-15,156,294,49,377,0,0,0,0.0,0.0,959412.0,1082614892.0,0,339707
504493,8,2023-06-16,156,294,49,377,0,0,0,0.0,0.0,959412.0,1082614892.0,0,422100
586886,8,2023-06-17,156,294,49,377,0,0,0,0.0,0.0,959412.0,1082614892.0,0,504493
669279,8,2023-06-18,156,294,49,377,0,0,0,0.0,0.0,959412.0,1082614892.0,0,586886
751671,8,2023-06-19,156,294,49,377,0,0,0,0.0,0.0,0.0,0.0,0,669279
1381442,8,2023-11-27,156,294,49,377,0,0,0,0.0,0.0,959412.0,1082614892.0,0,751671
1564040,8,2024-02-06,156,294,49,377,0,0,0,0.0,0.0,959412.0,1082614892.0,0,1381442
1788517,8,2024-03-30,156,294,49,377,0,0,0,0.0,0.0,959412.0,1082614892.0,0,1564040
1893737,8,2024-05-12,156,294,49,377,0,0,0,0.0,0.0,959412.0,1082614892.0,0,1788517
10035,8,2023-06-04,157,294,49,377,0,0,0,0.0,0.0,959412.0,1082614892.0,0,0
92529,8,2023-06-05,157,294,49,377,0,0,0,0.0,0.0,959412.0,1082614892.0,0,10035
174922,8,2023-06-06,157,294,49,377,0,0,0,0.0,0.0,959412.0,1082614892.0,0,92529
257315,8,2023-06-07,157,294,49,377,0,0,0,0.0,0.0,959412.0,1082614892.0,0,174922
339708,8,2023-06-08,157,294,49,377,0,0,0,0.0,0.0,959412.0,1082614892.0,0,257315
422101,8,2023-06-15,157,294,49,377,0,0,0,0.0,0.0,959412.0,1082614892.0,0,339708
504494,8,2023-06-16,157,294,49,377,0,0,0,0.0,0.0,959412.0,1082614892.0,0,422101
586887,8,2023-06-17,157,294,49,377,0,0,0,0.0,0.0,959412.0,1082614892.0,0,504494
669280,8,2023-06-18,157,294,49,377,0,0,0,0.0,0.0,959412.0,1082614892.0,0,586887
751672,8,2023-06-19,157,294,49,377,0,0,0,0.0,0.0,0.0,0.0,0,669280
1381443,8,2023-11-27,157,294,49,377,0,0,0,0.0,0.0,959412.0,1082614892.0,0,751672
1564041,8,2024-02-06,157,294,49,377,0,0,0,0.0,0.0,959412.0,1082614892.0,0,1381443
1788518,8,2024-03-30,157,294,49,377,0,0,0,0.0,0.0,959412.0,1082614892.0,0,1564041
1893738,8,2024-05-12,157,294,49,377,0,0,0,0.0,0.0,959412.0,1082614892.0,0,1788518
10036,8,2023-06-04,160,294,49,378,0,0,0,1017.0,114759806.0,148694.0,16778854.0,0,0
92530,8,2023-06-05,160,294,49,378,0,0,0,1017.0,114759806.0,148694.0,16778854.0,0,10036
174923,8,2023-06-06,160,294,49,378,0,0,0,1017.0,114759806.0,148694.0,16778854.0,0,92530
257316,8,2023-06-07,160,294,49,378,0,0,0,1017.0,114759806.0,148694.0,16778854.0,0,174923
339709,8,2023-06-08,160,294,49,378,0,0,0,1017.0,114759806.0,148694.0,16778854.0,0,257316
422102,8,2023-06-15,160,294,49,378,0,0,0,1017.0,114759806.0,148694.0,16778854.0,0,339709
504495,8,2023-06-16,160,294,49,378,0,0,0,1017.0,114759806.0,148694.0,16778854.0,0,422102
586888,8,2023-06-17,160,294,49,378,0,0,0,1017.0,114759806.0,148694.0,16778854.0,0,504495
669281,8,2023-06-18,160,294,49,378,0,0,0,1017.0,114759806.0,148694.0,16778854.0,0,586888
751673,8,2023-06-19,160,294,49,378,0,0,0,0.0,0.0,0.0,0.0,0,669281
1381444,8,2023-11-27,160,294,49,378,0,0,0,1017.0,114759806.0,1451212.0,1637569389.0,0,751673
1564042,8,2024-02-06,160,294,49,378,0,0,0,1017.0,114759806.0,1451212.0,1637569389.0,0,1381444
1788519,8,2024-03-30,160,294,49,378,0,0,0,1017.0,114759806.0,1451212.0,1637569389.0,0,1564042
1893739,8,2024-05-12,160,294,49,378,0,0,0,1017.0,114759806.0,1451212.0,1637569389.0,0,1788519
10037,8,2023-06-04,161,294,49,378,0,0,0,1017.0,114759806.0,148694.0,16778854.0,0,0
92531,8,2023-06-05,161,294,49,378,0,0,0,1017.0,114759806.0,148694.0,16778854.0,0,10037
174924,8,2023-06-06,161,294,49,378,0,0,0,1017.0,114759806.0,148694.0,16778854.0,0,92531
257317,8,2023-06-07,161,294,49,378,0,0,0,1017.0,114759806.0,148694.0,16778854.0,0,174924
339710,8,2023-06-08,161,294,49,378,0,0,0,1017.0,114759806.0,148694.0,16778854.0,0,257317
422103,8,2023-06-15,161,294,49,378,0,0,0,1017.0,114759806.0,148694.0,16778854.0,0,339710
504496,8,2023-06-16,161,294,49,378,0,0,0,1017.0,114759806.0,148694.0,16778854.0,0,422103
586889,8,2023-06-17,161,294,49,378,0,0,0,1017.0,114759806.0,148694.0,16778854.0,0,504496
669282,8,2023-06-18,161,294,49,378,0,0,0,1017.0,114759806.0,148694.0,16778854.0,0,586889
751674,8,2023-06-19,161,294,49,378,0,0,0,0.0,0.0,0.0,0.0,0,669282
1381445,8,2023-11-27,161,294,49,378,0,0,0,1017.0,114759806.0,1451212.0,1637569389.0,0,751674
1564043,8,2024-02-06,161,294,49,378,0,0,0,1017.0,114759806.0,1451212.0,1637569389.0,0,1381445
1788520,8,2024-03-30,161,294,49,378,0,0,0,1017.0,114759806.0,1451212.0,1637569389.0,0,1564043
1893740,8,2024-05-12,161,294,49,378,0,0,0,1017.0,114759806.0,1451212.0,1637569389.0,0,1788520
10038,8,2023-06-04,162,294,49,331,0,0,0,0.0,0.0,3653488.0,4122650662.0,0,0
92532,8,2023-06-05,162,294,49,331,0,0,0,0.0,0.0,3653488.0,4122650662.0,0,10038
174925,8,2023-06-06,162,294,49,331,0,0,0,0.0,0.0,3653488.0,4122650662.0,0,92532
257318,8,2023-06-07,162,294,49,331,0,0,0,0.0,0.0,3653488.0,4122650662.0,0,174925
339711,8,2023-06-08,162,294,49,331,0,0,0,0.0,0.0,3653488.0,4122650662.0,0,257318
422104,8,2023-06-15,162,294,49,331,0,0,0,0.0,0.0,3653488.0,4122650662.0,0,339711
504497,8,2023-06-16,162,294,49,331,0,0,0,0.0,0.0,3653488.0,4122650662.0,0,422104
586890,8,2023-06-17,162,294,49,331,0,0,0,0.0,0.0,3653488.0,4122650662.0,0,504497
669283,8,2023-06-18,162,294,49,331,0,0,0,0.0,0.0,3653488.0,4122650662.0,0,586890
751675,8,2023-06-19,162,294,49,331,0,0,0,0.0,0.0,0.0,0.0,0,669283
1381446,8,2023-11-27,162,294,49,331,0,0,0,0.0,0.0,3580966.0,4040815749.0,0,751675
1564044,8,2024-02-06,162,294,49,331,0,0,0,0.0,0.0,3669415.0,4140622927.0,0,1381446
1788521,8,2024-03-30,162,294,49,331,0,0,0,0.0,0.0,3452589.0,3895953216.0,0,1564044
1893741,8,2024-05-12,162,294,49,331,0,0,0,19872.0,224238629.0,3402495.0,3839426395.0,0,1788521
10039,8,2023-06-04,163,294,49,378,0,0,0,0.0,0.0,2521206.0,2844966669.0,0,0
92533,8,2023-06-05,163,294,49,378,0,0,0,0.0,0.0,2521206.0,2844966669.0,0,10039
174926,8,2023-06-06,163,294,49,378,0,0,0,0.0,0.0,2521206.0,2844966669.0,0,92533
257319,8,2023-06-07,163,294,49,378,0,0,0,0.0,0.0,2521206.0,2844966669.0,0,174926
339712,8,2023-06-08,163,294,49,378,0,0,0,0.0,0.0,2521206.0,2844966669.0,0,257319
422105,8,2023-06-15,163,294,49,378,0,0,0,0.0,0.0,2521206.0,2844966669.0,0,339712
504498,8,2023-06-16,163,294,49,378,0,0,0,0.0,0.0,2521206.0,2844966669.0,0,422105
586891,8,2023-06-17,163,294,49,378,0,0,0,0.0,0.0,2521206.0,2844966669.0,0,504498
669284,8,2023-06-18,163,294,49,378,0,0,0,0.0,0.0,2521206.0,2844966669.0,0,586891
751676,8,2023-06-19,163,294,49,378,0,0,0,0.0,0.0,0.0,0.0,0,669284
1381447,8,2023-11-27,163,294,49,378,0,0,0,0.0,0.0,2521206.0,2844966669.0,0,751676
1564045,8,2024-02-06,163,294,49,378,0,0,0,0.0,0.0,2521206.0,2844966669.0,0,1381447
1788522,8,2024-03-30,163,294,49,378,0,0,0,0.0,0.0,2521206.0,2844966669.0,0,1564045
1893742,8,2024-05-12,163,294,49,378,0,0,0,0.0,0.0,2521206.0,2844966669.0,0,1788522
10040,8,2023-06-04,164,294,49,378,0,0,0,0.0,0.0,2521206.0,2844966669.0,0,0
92534,8,2023-06-05,164,294,49,378,0,0,0,0.0,0.0,2521206.0,2844966669.0,0,10040
174927,8,2023-06-06,164,294,49,378,0,0,0,0.0,0.0,2521206.0,2844966669.0,0,92534
257320,8,2023-06-07,164,294,49,378,0,0,0,0.0,0.0,2521206.0,2844966669.0,0,174927
339713,8,2023-06-08,164,294,49,378,0,0,0,0.0,0.0,2521206.0,2844966669.0,0,257320
422106,8,2023-06-15,164,294,49,378,0,0,0,0.0,0.0,2521206.0,2844966669.0,0,339713
504499,8,2023-06-16,164,294,49,378,0,0,0,0.0,0.0,2521206.0,2844966669.0,0,422106
586892,8,2023-06-17,164,294,49,378,0,0,0,0.0,0.0,2521206.0,2844966669.0,0,504499
669285,8,2023-06-18,164,294,49,378,0,0,0,0.0,0.0,2521206.0,2844966669.0,0,586892
751677,8,2023-06-19,164,294,49,378,0,0,0,0.0,0.0,0.0,0.0,0,669285
1381448,8,2023-11-27,164,294,49,378,0,0,0,0.0,0.0,2521206.0,2844966669.0,0,751677
1564046,8,2024-02-06,164,294,49,378,0,0,0,0.0,0.0,2521206.0,2844966669.0,0,1381448
1788523,8,2024-03-30,164,294,49,378,0,0,0,0.0,0.0,2521206.0,2844966669.0,0,1564046
1893743,8,2024-05-12,164,294,49,378,0,0,0,0.0,0.0,2521206.0,2844966669.0,0,1788523
10041,8,2023-06-04,165,294,49,331,0,0,0,0.0,0.0,1567062.0,1768296267.0,0,0
92535,8,2023-06-05,165,294,49,331,0,0,0,0.0,0.0,1567062.0,1768296267.0,0,10041
174928,8,2023-06-06,165,294,49,331,0,0,0,0.0,0.0,1567062.0,1768296267.0,0,92535
257321,8,2023-06-07,165,294,49,331,0,0,0,0.0,0.0,1567062.0,1768296267.0,0,174928
339714,8,2023-06-08,165,294,49,331,0,0,0,0.0,0.0,1567062.0,1768296267.0,0,257321
422107,8,2023-06-15,165,294,49,331,0,0,0,0.0,0.0,1567062.0,1768296267.0,0,339714
504500,8,2023-06-16,165,294,49,331,0,0,0,0.0,0.0,1567062.0,1768296267.0,0,422107
586893,8,2023-06-17,165,294,49,331,0,0,0,0.0,0.0,1567062.0,1768296267.0,0,504500
669286,8,2023-06-18,165,294,49,331,0,0,0,0.0,0.0,1567062.0,1768296267.0,0,586893
751678,8,2023-06-19,165,294,49,331,0,0,0,0.0,0.0,0.0,0.0,0,669286
1564047,8,2024-02-06,165,294,49,340,0,0,0,0.0,0.0,0.0,0.0,0,751678
10042,8,2023-06-04,166,294,49,331,0,0,0,0.0,0.0,1567062.0,1768296267.0,0,0
92536,8,2023-06-05,166,294,49,331,0,0,0,0.0,0.0,1567062.0,1768296267.0,0,10042
174929,8,2023-06-06,166,294,49,331,0,0,0,0.0,0.0,1567062.0,1768296267.0,0,92536
257322,8,2023-06-07,166,294,49,331,0,0,0,0.0,0.0,1567062.0,1768296267.0,0,174929
339715,8,2023-06-08,166,294,49,331,0,0,0,0.0,0.0,1567062.0,1768296267.0,0,257322
422108,8,2023-06-15,166,294,49,331,0,0,0,0.0,0.0,1567062.0,1768296267.0,0,339715
504501,8,2023-06-16,166,294,49,331,0,0,0,0.0,0.0,1567062.0,1768296267.0,0,422108
586894,8,2023-06-17,166,294,49,331,0,0,0,0.0,0.0,1567062.0,1768296267.0,0,504501
669287,8,2023-06-18,166,294,49,331,0,0,0,0.0,0.0,1567062.0,1768296267.0,0,586894
751679,8,2023-06-19,166,294,49,331,0,0,0,0.0,0.0,0.0,0.0,0,669287
1564048,8,2024-02-06,166,294,49,340,0,0,0,0.0,0.0,0.0,0.0,0,751679
10043,8,2023-06-04,170,294,49,377,0,0,0,13015.0,146863212.0,2212135.0,2496206316.0,0,0
92537,8,2023-06-05,170,294,49,377,0,0,0,13015.0,146863212.0,2212135.0,2496206316.0,0,10043
174930,8,2023-06-06,170,294,49,377,0,0,0,13015.0,146863212.0,2212135.0,2496206316.0,0,92537
257323,8,2023-06-07,170,294,49,377,0,0,0,13015.0,146863212.0,2212135.0,2496206316.0,0,174930
339716,8,2023-06-08,170,294,49,377,0,0,0,13015.0,146863212.0,2212135.0,2496206316.0,0,257323
422109,8,2023-06-15,170,294,49,377,0,0,0,13015.0,146863212.0,2212135.0,2496206316.0,0,339716
504502,8,2023-06-16,170,294,49,377,0,0,0,13015.0,146863212.0,2212135.0,2496206316.0,0,422109
586895,8,2023-06-17,170,294,49,377,0,0,0,13015.0,146863212.0,2212135.0,2496206316.0,0,504502
669288,8,2023-06-18,170,294,49,377,0,0,0,13015.0,146863212.0,2212135.0,2496206316.0,0,586895
751680,8,2023-06-19,170,294,49,377,0,0,0,0.0,0.0,0.0,0.0,0,669288
1381449,8,2023-11-27,170,294,49,377,0,0,0,13015.0,146863212.0,2212135.0,2496206316.0,0,751680
1564049,8,2024-02-06,170,294,49,377,0,0,0,13015.0,146863212.0,2212135.0,2496206316.0,0,1381449
1788524,8,2024-03-30,170,294,49,377,0,0,0,13015.0,146863212.0,2212135.0,2496206316.0,0,1564049
1893744,8,2024-05-12,170,294,49,377,0,0,0,13015.0,146863212.0,2212135.0,2496206316.0,0,1788524
10044,8,2023-06-04,171,294,49,377,0,0,0,13015.0,146863212.0,2212135.0,2496206316.0,0,0
92538,8,2023-06-05,171,294,49,377,0,0,0,13015.0,146863212.0,2212135.0,2496206316.0,0,10044
174931,8,2023-06-06,171,294,49,377,0,0,0,13015.0,146863212.0,2212135.0,2496206316.0,0,92538
257324,8,2023-06-07,171,294,49,377,0,0,0,13015.0,146863212.0,2212135.0,2496206316.0,0,174931
339717,8,2023-06-08,171,294,49,377,0,0,0,13015.0,146863212.0,2212135.0,2496206316.0,0,257324
422110,8,2023-06-15,171,294,49,377,0,0,0,13015.0,146863212.0,2212135.0,2496206316.0,0,339717
504503,8,2023-06-16,171,294,49,377,0,0,0,13015.0,146863212.0,2212135.0,2496206316.0,0,422110
586896,8,2023-06-17,171,294,49,377,0,0,0,13015.0,146863212.0,2212135.0,2496206316.0,0,504503
669289,8,2023-06-18,171,294,49,377,0,0,0,13015.0,146863212.0,2212135.0,2496206316.0,0,586896
751681,8,2023-06-19,171,294,49,377,0,0,0,0.0,0.0,0.0,0.0,0,669289
1381450,8,2023-11-27,171,294,49,377,0,0,0,13015.0,146863212.0,2212135.0,2496206316.0,0,751681
1564050,8,2024-02-06,171,294,49,377,0,0,0,13015.0,146863212.0,2212135.0,2496206316.0,0,1381450
1788525,8,2024-03-30,171,294,49,377,0,0,0,13015.0,146863212.0,2212135.0,2496206316.0,0,1564050
1893745,8,2024-05-12,171,294,49,377,0,0,0,13015.0,146863212.0,2212135.0,2496206316.0,0,1788525
10045,8,2023-06-04,172,294,49,377,0,0,0,0.0,0.0,2389884.0,2696780954.0,0,0
92539,8,2023-06-05,172,294,49,377,0,0,0,0.0,0.0,2389884.0,2696780954.0,0,10045
174932,8,2023-06-06,172,294,49,377,0,0,0,0.0,0.0,2389884.0,2696780954.0,0,92539
257325,8,2023-06-07,172,294,49,377,0,0,0,0.0,0.0,2389884.0,2696780954.0,0,174932
339718,8,2023-06-08,172,294,49,377,0,0,0,0.0,0.0,2389884.0,2696780954.0,0,257325
422111,8,2023-06-15,172,294,49,377,0,0,0,0.0,0.0,2389884.0,2696780954.0,0,339718
504504,8,2023-06-16,172,294,49,377,0,0,0,0.0,0.0,2389884.0,2696780954.0,0,422111
586897,8,2023-06-17,172,294,49,377,0,0,0,0.0,0.0,2389884.0,2696780954.0,0,504504
669290,8,2023-06-18,172,294,49,377,0,0,0,0.0,0.0,2389884.0,2696780954.0,0,586897
751682,8,2023-06-19,172,294,49,377,0,0,0,0.0,0.0,0.0,0.0,0,669290
1381451,8,2023-11-27,172,294,49,377,0,0,0,0.0,0.0,2362717.0,2666125304.0,0,751682
1564051,8,2024-02-06,172,294,49,377,0,0,0,0.0,0.0,2362717.0,2666125304.0,0,1381451
1788526,8,2024-03-30,172,294,49,377,0,0,0,0.0,0.0,2362717.0,2666125304.0,0,1564051
1893746,8,2024-05-12,172,294,49,377,0,0,0,0.0,0.0,2362717.0,2666125304.0,0,1788526
10046,8,2023-06-04,173,294,49,377,0,0,0,0.0,0.0,2389884.0,2696780954.0,0,0
92540,8,2023-06-05,173,294,49,377,0,0,0,0.0,0.0,2389884.0,2696780954.0,0,10046
174933,8,2023-06-06,173,294,49,377,0,0,0,0.0,0.0,2389884.0,2696780954.0,0,92540
257326,8,2023-06-07,173,294,49,377,0,0,0,0.0,0.0,2389884.0,2696780954.0,0,174933
339719,8,2023-06-08,173,294,49,377,0,0,0,0.0,0.0,2389884.0,2696780954.0,0,257326
422112,8,2023-06-15,173,294,49,377,0,0,0,0.0,0.0,2389884.0,2696780954.0,0,339719
504505,8,2023-06-16,173,294,49,377,0,0,0,0.0,0.0,2389884.0,2696780954.0,0,422112
586898,8,2023-06-17,173,294,49,377,0,0,0,0.0,0.0,2389884.0,2696780954.0,0,504505
669291,8,2023-06-18,173,294,49,377,0,0,0,0.0,0.0,2389884.0,2696780954.0,0,586898
751683,8,2023-06-19,173,294,49,377,0,0,0,0.0,0.0,0.0,0.0,0,669291
1381452,8,2023-11-27,173,294,49,377,0,0,0,0.0,0.0,2362717.0,2666125304.0,0,751683
1564052,8,2024-02-06,173,294,49,377,0,0,0,0.0,0.0,2362717.0,2666125304.0,0,1381452
1788527,8,2024-03-30,173,294,49,377,0,0,0,0.0,0.0,2362717.0,2666125304.0,0,1564052
1893747,8,2024-05-12,173,294,49,377,0,0,0,0.0,0.0,2362717.0,2666125304.0,0,1788527
10047,8,2023-06-04,176,294,49,373,0,0,0,0.0,0.0,3845108.0,4338877544.0,0,0
92541,8,2023-06-05,176,294,49,373,0,0,0,0.0,0.0,3845108.0,4338877544.0,0,10047
174934,8,2023-06-06,176,294,49,373,0,0,0,0.0,0.0,3845108.0,4338877544.0,0,92541
257327,8,2023-06-07,176,294,49,373,0,0,0,0.0,0.0,3845108.0,4338877544.0,0,174934
339720,8,2023-06-08,176,294,49,373,0,0,0,0.0,0.0,3845108.0,4338877544.0,0,257327
422113,8,2023-06-15,176,294,49,373,0,0,0,0.0,0.0,3845108.0,4338877544.0,0,339720
504506,8,2023-06-16,176,294,49,373,0,0,0,0.0,0.0,3845108.0,4338877544.0,0,422113
586899,8,2023-06-17,176,294,49,373,0,0,0,0.0,0.0,3845108.0,4338877544.0,0,504506
669292,8,2023-06-18,176,294,49,373,0,0,0,0.0,0.0,3845108.0,4338877544.0,0,586899
751684,8,2023-06-19,176,294,49,373,0,0,0,0.0,0.0,0.0,0.0,0,669292
1381453,8,2023-11-27,176,294,49,331,0,0,0,0.0,0.0,3867354.0,4363980264.0,0,751684
1564053,8,2024-02-06,176,294,49,331,0,0,0,0.0,0.0,3905128.0,4406605012.0,0,1381453
1788528,8,2024-03-30,176,294,49,331,0,0,0,0.0,0.0,3828546.0,4320188735.0,0,1564053
1893748,8,2024-05-12,176,294,49,331,0,0,0,23515.0,265346787.0,3766793.0,4250505723.0,0,1788528
10048,8,2023-06-04,177,294,49,373,0,0,0,0.0,0.0,3845108.0,4338877544.0,0,0
92542,8,2023-06-05,177,294,49,373,0,0,0,0.0,0.0,3845108.0,4338877544.0,0,10048
174935,8,2023-06-06,177,294,49,373,0,0,0,0.0,0.0,3845108.0,4338877544.0,0,92542
257328,8,2023-06-07,177,294,49,373,0,0,0,0.0,0.0,3845108.0,4338877544.0,0,174935
339721,8,2023-06-08,177,294,49,373,0,0,0,0.0,0.0,3845108.0,4338877544.0,0,257328
422114,8,2023-06-15,177,294,49,373,0,0,0,0.0,0.0,3845108.0,4338877544.0,0,339721
504507,8,2023-06-16,177,294,49,373,0,0,0,0.0,0.0,3845108.0,4338877544.0,0,422114
586900,8,2023-06-17,177,294,49,373,0,0,0,0.0,0.0,3845108.0,4338877544.0,0,504507
669293,8,2023-06-18,177,294,49,373,0,0,0,0.0,0.0,3845108.0,4338877544.0,0,586900
751685,8,2023-06-19,177,294,49,373,0,0,0,0.0,0.0,0.0,0.0,0,669293
1381454,8,2023-11-27,177,294,49,331,0,0,0,0.0,0.0,3867354.0,4363980264.0,0,751685
1564054,8,2024-02-06,177,294,49,331,0,0,0,0.0,0.0,3905128.0,4406605012.0,0,1381454
1788529,8,2024-03-30,177,294,49,331,0,0,0,0.0,0.0,3828546.0,4320188735.0,0,1564054
1893749,8,2024-05-12,177,294,49,331,0,0,0,23515.0,265346787.0,3766793.0,4250505723.0,0,1788529
10049,8,2023-06-04,178,294,49,377,0,0,0,12072.0,136222259.0,1574427.0,1776607043.0,0,0
92543,8,2023-06-05,178,294,49,377,0,0,0,12072.0,136222259.0,1574427.0,1776607043.0,0,10049
174936,8,2023-06-06,178,294,49,377,0,0,0,12072.0,136222259.0,1574427.0,1776607043.0,0,92543
257329,8,2023-06-07,178,294,49,377,0,0,0,12072.0,136222259.0,1574427.0,1776607043.0,0,174936
339722,8,2023-06-08,178,294,49,377,0,0,0,12072.0,136222259.0,1574427.0,1776607043.0,0,257329
422115,8,2023-06-15,178,294,49,377,0,0,0,12072.0,136222259.0,1574427.0,1776607043.0,0,339722
504508,8,2023-06-16,178,294,49,377,0,0,0,12072.0,136222259.0,1574427.0,1776607043.0,0,422115
586901,8,2023-06-17,178,294,49,377,0,0,0,12072.0,136222259.0,1574427.0,1776607043.0,0,504508
669294,8,2023-06-18,178,294,49,377,0,0,0,12072.0,136222259.0,1574427.0,1776607043.0,0,586901
751686,8,2023-06-19,178,294,49,377,0,0,0,0.0,0.0,0.0,0.0,0,669294
1381455,8,2023-11-27,178,294,49,377,0,0,0,12072.0,136222259.0,1569634.0,177119855.0,0,751686
1564055,8,2024-02-06,178,294,49,377,0,0,0,12072.0,136222259.0,1569634.0,177119855.0,0,1381455
1788530,8,2024-03-30,178,294,49,377,0,0,0,12072.0,136222259.0,1526719.0,172277262.0,0,1564055
1893750,8,2024-05-12,178,294,49,377,0,0,0,12072.0,136222259.0,1526719.0,172277262.0,0,1788530
10050,8,2023-06-04,179,294,49,377,0,0,0,12072.0,136222259.0,1574427.0,1776607043.0,0,0
92544,8,2023-06-05,179,294,49,377,0,0,0,12072.0,136222259.0,1574427.0,1776607043.0,0,10050
174937,8,2023-06-06,179,294,49,377,0,0,0,12072.0,136222259.0,1574427.0,1776607043.0,0,92544
257330,8,2023-06-07,179,294,49,377,0,0,0,12072.0,136222259.0,1574427.0,1776607043.0,0,174937
339723,8,2023-06-08,179,294,49,377,0,0,0,12072.0,136222259.0,1574427.0,1776607043.0,0,257330
422116,8,2023-06-15,179,294,49,377,0,0,0,12072.0,136222259.0,1574427.0,1776607043.0,0,339723
504509,8,2023-06-16,179,294,49,377,0,0,0,12072.0,136222259.0,1574427.0,1776607043.0,0,422116
586902,8,2023-06-17,179,294,49,377,0,0,0,12072.0,136222259.0,1574427.0,1776607043.0,0,504509
669295,8,2023-06-18,179,294,49,377,0,0,0,12072.0,136222259.0,1574427.0,1776607043.0,0,586902
751687,8,2023-06-19,179,294,49,377,0,0,0,0.0,0.0,0.0,0.0,0,669295
1381456,8,2023-11-27,179,294,49,377,0,0,0,12072.0,136222259.0,1569634.0,177119855.0,0,751687
1564056,8,2024-02-06,179,294,49,377,0,0,0,12072.0,136222259.0,1569634.0,177119855.0,0,1381456
1788531,8,2024-03-30,179,294,49,377,0,0,0,12072.0,136222259.0,1526719.0,172277262.0,0,1564056
1893751,8,2024-05-12,179,294,49,377,0,0,0,12072.0,136222259.0,1526719.0,172277262.0,0,1788531
10051,8,2023-06-04,180,294,49,378,0,0,0,7855.0,88636998.0,1154009.0,1302201066.0,0,0
92545,8,2023-06-05,180,294,49,378,0,0,0,7855.0,88636998.0,1154009.0,1302201066.0,0,10051
174938,8,2023-06-06,180,294,49,378,0,0,0,7855.0,88636998.0,1154009.0,1302201066.0,0,92545
257331,8,2023-06-07,180,294,49,378,0,0,0,7855.0,88636998.0,1154009.0,1302201066.0,0,174938
339724,8,2023-06-08,180,294,49,378,0,0,0,7855.0,88636998.0,1154009.0,1302201066.0,0,257331
422117,8,2023-06-15,180,294,49,378,0,0,0,7855.0,88636998.0,1154009.0,1302201066.0,0,339724
504510,8,2023-06-16,180,294,49,378,0,0,0,7855.0,88636998.0,1154009.0,1302201066.0,0,422117
586903,8,2023-06-17,180,294,49,378,0,0,0,7855.0,88636998.0,1154009.0,1302201066.0,0,504510
669296,8,2023-06-18,180,294,49,378,0,0,0,7855.0,88636998.0,1154009.0,1302201066.0,0,586903
751688,8,2023-06-19,180,294,49,378,0,0,0,0.0,0.0,0.0,0.0,0,669296
1381457,8,2023-11-27,180,294,49,378,0,0,0,7855.0,88636998.0,1154009.0,1302201066.0,0,751688
1564057,8,2024-02-06,180,294,49,378,0,0,0,7855.0,88636998.0,1154009.0,1302201066.0,0,1381457
1788532,8,2024-03-30,180,294,49,378,0,0,0,7855.0,88636998.0,1154009.0,1302201066.0,0,1564057
1893752,8,2024-05-12,180,294,49,378,0,0,0,7855.0,88636998.0,1154009.0,1302201066.0,0,1788532
10052,8,2023-06-04,181,294,49,378,0,0,0,7855.0,88636998.0,1154009.0,1302201066.0,0,0
92546,8,2023-06-05,181,294,49,378,0,0,0,7855.0,88636998.0,1154009.0,1302201066.0,0,10052
174939,8,2023-06-06,181,294,49,378,0,0,0,7855.0,88636998.0,1154009.0,1302201066.0,0,92546
257332,8,2023-06-07,181,294,49,378,0,0,0,7855.0,88636998.0,1154009.0,1302201066.0,0,174939
339725,8,2023-06-08,181,294,49,378,0,0,0,7855.0,88636998.0,1154009.0,1302201066.0,0,257332
422118,8,2023-06-15,181,294,49,378,0,0,0,7855.0,88636998.0,1154009.0,1302201066.0,0,339725
504511,8,2023-06-16,181,294,49,378,0,0,0,7855.0,88636998.0,1154009.0,1302201066.0,0,422118
586904,8,2023-06-17,181,294,49,378,0,0,0,7855.0,88636998.0,1154009.0,1302201066.0,0,504511
669297,8,2023-06-18,181,294,49,378,0,0,0,7855.0,88636998.0,1154009.0,1302201066.0,0,586904
751689,8,2023-06-19,181,294,49,378,0,0,0,0.0,0.0,0.0,0.0,0,669297
1381458,8,2023-11-27,181,294,49,378,0,0,0,7855.0,88636998.0,1154009.0,1302201066.0,0,751689
1564058,8,2024-02-06,181,294,49,378,0,0,0,7855.0,88636998.0,1154009.0,1302201066.0,0,1381458
1788533,8,2024-03-30,181,294,49,378,0,0,0,7855.0,88636998.0,1154009.0,1302201066.0,0,1564058
1893753,8,2024-05-12,181,294,49,378,0,0,0,7855.0,88636998.0,1154009.0,1302201066.0,0,1788533
10053,8,2023-06-04,182,294,49,374,0,0,0,0.0,0.0,759117.0,8565990096.0,0,0
92547,8,2023-06-05,182,294,49,374,0,0,0,0.0,0.0,759117.0,8565990096.0,0,10053
174940,8,2023-06-06,182,294,49,374,0,0,0,0.0,0.0,759117.0,8565990096.0,0,92547
257333,8,2023-06-07,182,294,49,374,0,0,0,0.0,0.0,759117.0,8565990096.0,0,174940
339726,8,2023-06-08,182,294,49,374,0,0,0,0.0,0.0,759117.0,8565990096.0,0,257333
422119,8,2023-06-15,182,294,49,374,0,0,0,0.0,0.0,759117.0,8565990096.0,0,339726
504512,8,2023-06-16,182,294,49,374,0,0,0,0.0,0.0,759117.0,8565990096.0,0,422119
586905,8,2023-06-17,182,294,49,374,0,0,0,0.0,0.0,759117.0,8565990096.0,0,504512
669298,8,2023-06-18,182,294,49,374,0,0,0,0.0,0.0,759117.0,8565990096.0,0,586905
751690,8,2023-06-19,182,294,49,374,0,0,0,0.0,0.0,0.0,0.0,0,669298
1381459,8,2023-11-27,182,294,49,331,0,0,0,0.0,0.0,697825.0,7874361974.0,0,751690
1564059,8,2024-02-06,182,294,49,331,0,0,0,0.0,0.0,700116.0,7900213961.0,0,1381459
1788534,8,2024-03-30,182,294,49,373,0,0,0,0.0,0.0,710904.0,8021947372.0,0,1564059
1893754,8,2024-05-12,182,294,49,331,0,0,0,5465.0,6166788.0,666172.0,7517184774.0,0,1788534
10054,8,2023-06-04,183,294,49,331,0,0,0,0.0,0.0,2322878.0,2621170378.0,0,0
92548,8,2023-06-05,183,294,49,331,0,0,0,0.0,0.0,2322878.0,2621170378.0,0,10054
174941,8,2023-06-06,183,294,49,331,0,0,0,0.0,0.0,2322878.0,2621170378.0,0,92548
257334,8,2023-06-07,183,294,49,331,0,0,0,0.0,0.0,2322878.0,2621170378.0,0,174941
339727,8,2023-06-08,183,294,49,331,0,0,0,0.0,0.0,2322878.0,2621170378.0,0,257334
422120,8,2023-06-15,183,294,49,331,0,0,0,0.0,0.0,2322878.0,2621170378.0,0,339727
504513,8,2023-06-16,183,294,49,331,0,0,0,0.0,0.0,2322878.0,2621170378.0,0,422120
586906,8,2023-06-17,183,294,49,331,0,0,0,0.0,0.0,2322878.0,2621170378.0,0,504513
669299,8,2023-06-18,183,294,49,331,0,0,0,0.0,0.0,2322878.0,2621170378.0,0,586906
751691,8,2023-06-19,183,294,49,331,0,0,0,0.0,0.0,0.0,0.0,0,669299
1381460,8,2023-11-27,183,293,49,373,0,0,0,0.0,0.0,3912079.0,4414448625.0,0,751691
1564060,8,2024-02-06,183,293,49,373,0,0,0,0.0,0.0,4014622.0,4530159684.0,0,1381460
1788535,8,2024-03-30,183,344,49,378,0,0,0,24066.0,271564354.0,3819418.0,4309888563.0,0,1564060
1893755,8,2024-05-12,183,344,49,378,0,0,0,24066.0,271564354.0,3819418.0,4309888563.0,0,1788535
10055,8,2023-06-04,184,294,49,375,0,0,0,0.0,0.0,626708.0,7071867078.0,0,0
92549,8,2023-06-05,184,294,49,375,0,0,0,0.0,0.0,626708.0,7071867078.0,0,10055
174942,8,2023-06-06,184,294,49,375,0,0,0,0.0,0.0,626708.0,7071867078.0,0,92549
257335,8,2023-06-07,184,294,49,375,0,0,0,0.0,0.0,626708.0,7071867078.0,0,174942
339728,8,2023-06-08,184,294,49,375,0,0,0,0.0,0.0,626708.0,7071867078.0,0,257335
422121,8,2023-06-15,184,294,49,375,0,0,0,0.0,0.0,626708.0,7071867078.0,0,339728
504514,8,2023-06-16,184,294,49,375,0,0,0,0.0,0.0,626708.0,7071867078.0,0,422121
586907,8,2023-06-17,184,294,49,375,0,0,0,0.0,0.0,626708.0,7071867078.0,0,504514
669300,8,2023-06-18,184,294,49,375,0,0,0,0.0,0.0,626708.0,7071867078.0,0,586907
751692,8,2023-06-19,184,294,49,375,0,0,0,0.0,0.0,0.0,0.0,0,669300
1381461,8,2023-11-27,184,294,49,378,0,0,0,5759.0,6498542.0,622028.0,7019057256.0,0,751692
1564061,8,2024-02-06,184,294,49,378,0,0,0,5759.0,6498542.0,622028.0,7019057256.0,0,1381461
1788536,8,2024-03-30,184,294,49,378,0,0,0,5737.0,64737169.0,619813.0,6994062864.0,0,1564061
1893756,8,2024-05-12,184,294,49,378,0,0,0,5737.0,64737169.0,619813.0,6994062864.0,0,1788536
10056,8,2023-06-04,188,294,49,331,0,0,0,0.0,0.0,3738239.0,4218284961.0,0,0
92550,8,2023-06-05,188,294,49,331,0,0,0,0.0,0.0,3738239.0,4218284961.0,0,10056
174943,8,2023-06-06,188,294,49,331,0,0,0,0.0,0.0,3738239.0,4218284961.0,0,92550
257336,8,2023-06-07,188,294,49,331,0,0,0,0.0,0.0,3738239.0,4218284961.0,0,174943
339729,8,2023-06-08,188,294,49,331,0,0,0,0.0,0.0,3738239.0,4218284961.0,0,257336
422122,8,2023-06-15,188,294,49,331,0,0,0,0.0,0.0,3738239.0,4218284961.0,0,339729
504515,8,2023-06-16,188,294,49,331,0,0,0,0.0,0.0,3738239.0,4218284961.0,0,422122
586908,8,2023-06-17,188,294,49,331,0,0,0,0.0,0.0,3738239.0,4218284961.0,0,504515
669301,8,2023-06-18,188,294,49,331,0,0,0,0.0,0.0,3738239.0,4218284961.0,0,586908
751693,8,2023-06-19,188,294,49,331,0,0,0,0.0,0.0,0.0,0.0,0,669301
1381462,8,2023-11-27,188,294,49,331,0,0,0,0.0,0.0,3725566.0,4203984558.0,0,751693
1564062,8,2024-02-06,188,294,49,331,0,0,0,0.0,0.0,3751468.0,4233212763.0,0,1381462
1788537,8,2024-03-30,188,294,49,373,0,0,0,0.0,0.0,3751271.0,4232990466.0,0,1564062
1893757,8,2024-05-12,188,294,49,331,0,0,0,2309.0,260551024.0,3634406.0,4101118247.0,0,1788537
10057,8,2023-06-04,189,294,49,377,0,0,0,0.0,0.0,135687.0,1531112461.0,0,0
92551,8,2023-06-05,189,294,49,377,0,0,0,0.0,0.0,135687.0,1531112461.0,0,10057
174944,8,2023-06-06,189,294,49,377,0,0,0,0.0,0.0,135687.0,1531112461.0,0,92551
257337,8,2023-06-07,189,294,49,377,0,0,0,0.0,0.0,135687.0,1531112461.0,0,174944
339730,8,2023-06-08,189,294,49,377,0,0,0,0.0,0.0,135687.0,1531112461.0,0,257337
422123,8,2023-06-15,189,294,49,377,0,0,0,0.0,0.0,135687.0,1531112461.0,0,339730
504516,8,2023-06-16,189,294,49,377,0,0,0,0.0,0.0,135687.0,1531112461.0,0,422123
586909,8,2023-06-17,189,294,49,377,0,0,0,0.0,0.0,135687.0,1531112461.0,0,504516
669302,8,2023-06-18,189,294,49,377,0,0,0,0.0,0.0,135687.0,1531112461.0,0,586909
751694,8,2023-06-19,189,294,49,377,0,0,0,0.0,0.0,0.0,0.0,0,669302
1381463,8,2023-11-27,189,294,49,377,0,0,0,0.0,0.0,135687.0,1531112461.0,0,751694
1564063,8,2024-02-06,189,294,49,377,0,0,0,0.0,0.0,135687.0,1531112461.0,0,1381463
1788538,8,2024-03-30,189,294,49,377,0,0,0,0.0,0.0,135687.0,1531112461.0,0,1564063
1893758,8,2024-05-12,189,294,49,377,0,0,0,0.0,0.0,135687.0,1531112461.0,0,1788538
10058,8,2023-06-04,190,294,49,378,0,0,0,10993.0,124046661.0,2256382.0,2546135295.0,0,0
92552,8,2023-06-05,190,294,49,378,0,0,0,10993.0,124046661.0,2256382.0,2546135295.0,0,10058
174945,8,2023-06-06,190,294,49,378,0,0,0,10993.0,124046661.0,2256382.0,2546135295.0,0,92552
257338,8,2023-06-07,190,294,49,378,0,0,0,10993.0,124046661.0,2256382.0,2546135295.0,0,174945
339731,8,2023-06-08,190,294,49,378,0,0,0,10993.0,124046661.0,2256382.0,2546135295.0,0,257338
422124,8,2023-06-15,190,294,49,378,0,0,0,10993.0,124046661.0,2256382.0,2546135295.0,0,339731
504517,8,2023-06-16,190,294,49,378,0,0,0,10993.0,124046661.0,2256382.0,2546135295.0,0,422124
586910,8,2023-06-17,190,294,49,378,0,0,0,10993.0,124046661.0,2256382.0,2546135295.0,0,504517
669303,8,2023-06-18,190,294,49,378,0,0,0,10993.0,124046661.0,2256382.0,2546135295.0,0,586910
751695,8,2023-06-19,190,294,49,378,0,0,0,0.0,0.0,0.0,0.0,0,669303
1381464,8,2023-11-27,190,294,49,378,0,0,0,10993.0,124046661.0,2113863.0,2385314717.0,0,751695
1564064,8,2024-02-06,190,294,49,378,0,0,0,10993.0,124046661.0,2113863.0,2385314717.0,0,1381464
1788539,8,2024-03-30,190,294,49,378,0,0,0,10993.0,124046661.0,2113863.0,2385314717.0,0,1564064
1893759,8,2024-05-12,190,294,49,378,0,0,0,10993.0,124046661.0,2113863.0,2385314717.0,0,1788539
10059,8,2023-06-04,191,294,49,378,0,0,0,12583.0,141988459.0,2414152.0,2724165329.0,0,0
92553,8,2023-06-05,191,294,49,378,0,0,0,12583.0,141988459.0,2414152.0,2724165329.0,0,10059
174946,8,2023-06-06,191,294,49,378,0,0,0,12583.0,141988459.0,2414152.0,2724165329.0,0,92553
257339,8,2023-06-07,191,294,49,378,0,0,0,12583.0,141988459.0,2414152.0,2724165329.0,0,174946
339732,8,2023-06-08,191,294,49,378,0,0,0,12583.0,141988459.0,2414152.0,2724165329.0,0,257339
422125,8,2023-06-15,191,294,49,378,0,0,0,12583.0,141988459.0,2414152.0,2724165329.0,0,339732
504518,8,2023-06-16,191,294,49,378,0,0,0,12583.0,141988459.0,2414152.0,2724165329.0,0,422125
586911,8,2023-06-17,191,294,49,378,0,0,0,12583.0,141988459.0,2414152.0,2724165329.0,0,504518
669304,8,2023-06-18,191,294,49,378,0,0,0,12583.0,141988459.0,2414152.0,2724165329.0,0,586911
751696,8,2023-06-19,191,294,49,378,0,0,0,0.0,0.0,0.0,0.0,0,669304
1381465,8,2023-11-27,191,294,49,378,0,0,0,12583.0,141988459.0,2414152.0,2724165329.0,0,751696
1564065,8,2024-02-06,191,294,49,378,0,0,0,12583.0,141988459.0,2414152.0,2724165329.0,0,1381465
1788540,8,2024-03-30,191,294,49,378,0,0,0,12583.0,141988459.0,2414152.0,2724165329.0,0,1564065
1893760,8,2024-05-12,191,294,49,378,0,0,0,12583.0,141988459.0,2414152.0,2724165329.0,0,1788540
10060,8,2023-06-04,192,294,49,378,0,0,0,12583.0,141988459.0,2414152.0,2724165329.0,0,0
92554,8,2023-06-05,192,294,49,378,0,0,0,12583.0,141988459.0,2414152.0,2724165329.0,0,10060
174947,8,2023-06-06,192,294,49,378,0,0,0,12583.0,141988459.0,2414152.0,2724165329.0,0,92554
257340,8,2023-06-07,192,294,49,378,0,0,0,12583.0,141988459.0,2414152.0,2724165329.0,0,174947
339733,8,2023-06-08,192,294,49,378,0,0,0,12583.0,141988459.0,2414152.0,2724165329.0,0,257340
422126,8,2023-06-15,192,294,49,378,0,0,0,12583.0,141988459.0,2414152.0,2724165329.0,0,339733
504519,8,2023-06-16,192,294,49,378,0,0,0,12583.0,141988459.0,2414152.0,2724165329.0,0,422126
586912,8,2023-06-17,192,294,49,378,0,0,0,12583.0,141988459.0,2414152.0,2724165329.0,0,504519
669305,8,2023-06-18,192,294,49,378,0,0,0,12583.0,141988459.0,2414152.0,2724165329.0,0,586912
751697,8,2023-06-19,192,294,49,378,0,0,0,0.0,0.0,0.0,0.0,0,669305
1381466,8,2023-11-27,192,294,49,378,0,0,0,12583.0,141988459.0,2414152.0,2724165329.0,0,751697
1564066,8,2024-02-06,192,294,49,378,0,0,0,12583.0,141988459.0,2414152.0,2724165329.0,0,1381466
1788541,8,2024-03-30,192,294,49,378,0,0,0,12583.0,141988459.0,2414152.0,2724165329.0,0,1564066
1893761,8,2024-05-12,192,294,49,378,0,0,0,12583.0,141988459.0,2414152.0,2724165329.0,0,1788541
10061,8,2023-06-04,193,294,49,331,0,0,0,0.0,0.0,2840732.0,32055246.0,0,0
92555,8,2023-06-05,193,294,49,331,0,0,0,0.0,0.0,2840732.0,32055246.0,0,10061
174948,8,2023-06-06,193,294,49,331,0,0,0,0.0,0.0,2840732.0,32055246.0,0,92555
257341,8,2023-06-07,193,294,49,331,0,0,0,0.0,0.0,2840732.0,32055246.0,0,174948
339734,8,2023-06-08,193,294,49,331,0,0,0,0.0,0.0,2840732.0,32055246.0,0,257341
422127,8,2023-06-15,193,294,49,331,0,0,0,0.0,0.0,2840732.0,32055246.0,0,339734
504520,8,2023-06-16,193,294,49,331,0,0,0,0.0,0.0,2840732.0,32055246.0,0,422127
586913,8,2023-06-17,193,294,49,331,0,0,0,0.0,0.0,2840732.0,32055246.0,0,504520
669306,8,2023-06-18,193,294,49,331,0,0,0,0.0,0.0,2840732.0,32055246.0,0,586913
751698,8,2023-06-19,193,294,49,331,0,0,0,0.0,0.0,0.0,0.0,0,669306
1381467,8,2023-11-27,193,294,49,373,0,0,0,0.0,0.0,2869327.0,3237791627.0,0,751698
1564067,8,2024-02-06,193,294,49,373,0,0,0,0.0,0.0,2769065.0,3124654482.0,0,1381467
1788542,8,2024-03-30,193,294,49,331,0,0,0,0.0,0.0,2803926.0,3163992157.0,0,1564067
1893762,8,2024-05-12,193,294,49,331,0,0,0,1723.0,194425905.0,2760863.0,3115399222.0,0,1788542
10062,8,2023-06-04,194,294,49,331,0,0,0,0.0,0.0,2840732.0,32055246.0,0,0
92556,8,2023-06-05,194,294,49,331,0,0,0,0.0,0.0,2840732.0,32055246.0,0,10062
174949,8,2023-06-06,194,294,49,331,0,0,0,0.0,0.0,2840732.0,32055246.0,0,92556
257342,8,2023-06-07,194,294,49,331,0,0,0,0.0,0.0,2840732.0,32055246.0,0,174949
339735,8,2023-06-08,194,294,49,331,0,0,0,0.0,0.0,2840732.0,32055246.0,0,257342
422128,8,2023-06-15,194,294,49,331,0,0,0,0.0,0.0,2840732.0,32055246.0,0,339735
504521,8,2023-06-16,194,294,49,331,0,0,0,0.0,0.0,2840732.0,32055246.0,0,422128
586914,8,2023-06-17,194,294,49,331,0,0,0,0.0,0.0,2840732.0,32055246.0,0,504521
669307,8,2023-06-18,194,294,49,331,0,0,0,0.0,0.0,2840732.0,32055246.0,0,586914
751699,8,2023-06-19,194,294,49,331,0,0,0,0.0,0.0,0.0,0.0,0,669307
1381468,8,2023-11-27,194,294,49,373,0,0,0,0.0,0.0,2869327.0,3237791627.0,0,751699
1564068,8,2024-02-06,194,294,49,373,0,0,0,0.0,0.0,2769065.0,3124654482.0,0,1381468
1788543,8,2024-03-30,194,294,49,331,0,0,0,0.0,0.0,2803926.0,3163992157.0,0,1564068
1893763,8,2024-05-12,194,294,49,331,0,0,0,1723.0,194425905.0,2760863.0,3115399222.0,0,1788543
10063,8,2023-06-04,195,294,49,378,0,0,0,0.0,0.0,1487354.0,1678352564.0,0,0
92557,8,2023-06-05,195,294,49,378,0,0,0,0.0,0.0,1487354.0,1678352564.0,0,10063
174950,8,2023-06-06,195,294,49,378,0,0,0,0.0,0.0,1487354.0,1678352564.0,0,92557
257343,8,2023-06-07,195,294,49,378,0,0,0,0.0,0.0,1487354.0,1678352564.0,0,174950
339736,8,2023-06-08,195,294,49,378,0,0,0,0.0,0.0,1487354.0,1678352564.0,0,257343
422129,8,2023-06-15,195,294,49,378,0,0,0,0.0,0.0,1487354.0,1678352564.0,0,339736
504522,8,2023-06-16,195,294,49,378,0,0,0,0.0,0.0,1487354.0,1678352564.0,0,422129
586915,8,2023-06-17,195,294,49,378,0,0,0,0.0,0.0,1487354.0,1678352564.0,0,504522
669308,8,2023-06-18,195,294,49,378,0,0,0,0.0,0.0,1487354.0,1678352564.0,0,586915
751700,8,2023-06-19,195,294,49,378,0,0,0,0.0,0.0,0.0,0.0,0,669308
1381469,8,2023-11-27,195,294,49,378,0,0,0,0.0,0.0,1487354.0,1678352564.0,0,751700
1564069,8,2024-02-06,195,294,49,378,0,0,0,0.0,0.0,1487354.0,1678352564.0,0,1381469
1788544,8,2024-03-30,195,294,49,378,0,0,0,0.0,0.0,1487354.0,1678352564.0,0,1564069
1893764,8,2024-05-12,195,294,49,378,0,0,0,0.0,0.0,1487354.0,1678352564.0,0,1788544
10064,8,2023-06-04,196,294,49,378,0,0,0,0.0,0.0,1487354.0,1678352564.0,0,0
92558,8,2023-06-05,196,294,49,378,0,0,0,0.0,0.0,1487354.0,1678352564.0,0,10064
174951,8,2023-06-06,196,294,49,378,0,0,0,0.0,0.0,1487354.0,1678352564.0,0,92558
257344,8,2023-06-07,196,294,49,378,0,0,0,0.0,0.0,1487354.0,1678352564.0,0,174951
339737,8,2023-06-08,196,294,49,378,0,0,0,0.0,0.0,1487354.0,1678352564.0,0,257344
422130,8,2023-06-15,196,294,49,378,0,0,0,0.0,0.0,1487354.0,1678352564.0,0,339737
504523,8,2023-06-16,196,294,49,378,0,0,0,0.0,0.0,1487354.0,1678352564.0,0,422130
586916,8,2023-06-17,196,294,49,378,0,0,0,0.0,0.0,1487354.0,1678352564.0,0,504523
669309,8,2023-06-18,196,294,49,378,0,0,0,0.0,0.0,1487354.0,1678352564.0,0,586916
751701,8,2023-06-19,196,294,49,378,0,0,0,0.0,0.0,0.0,0.0,0,669309
1381470,8,2023-11-27,196,294,49,378,0,0,0,0.0,0.0,1487354.0,1678352564.0,0,751701
1564070,8,2024-02-06,196,294,49,378,0,0,0,0.0,0.0,1487354.0,1678352564.0,0,1381470
1788545,8,2024-03-30,196,294,49,378,0,0,0,0.0,0.0,1487354.0,1678352564.0,0,1564070
1893765,8,2024-05-12,196,294,49,378,0,0,0,0.0,0.0,1487354.0,1678352564.0,0,1788545
10065,8,2023-06-04,200,294,49,378,0,0,0,0.0,0.0,2050217.0,2313495616.0,0,0
92559,8,2023-06-05,200,294,49,378,0,0,0,0.0,0.0,2050217.0,2313495616.0,0,10065
174952,8,2023-06-06,200,294,49,378,0,0,0,0.0,0.0,2050217.0,2313495616.0,0,92559
257345,8,2023-06-07,200,294,49,378,0,0,0,0.0,0.0,2050217.0,2313495616.0,0,174952
339738,8,2023-06-08,200,294,49,378,0,0,0,0.0,0.0,2050217.0,2313495616.0,0,257345
422131,8,2023-06-15,200,294,49,378,0,0,0,0.0,0.0,2050217.0,2313495616.0,0,339738
504524,8,2023-06-16,200,294,49,378,0,0,0,0.0,0.0,2050217.0,2313495616.0,0,422131
586917,8,2023-06-17,200,294,49,378,0,0,0,0.0,0.0,2050217.0,2313495616.0,0,504524
669310,8,2023-06-18,200,294,49,378,0,0,0,0.0,0.0,2050217.0,2313495616.0,0,586917
751702,8,2023-06-19,200,294,49,378,0,0,0,0.0,0.0,0.0,0.0,0,669310
1381471,8,2023-11-27,200,294,49,378,0,0,0,0.0,0.0,2027261.0,2287591721.0,0,751702
1564071,8,2024-02-06,200,294,49,378,0,0,0,0.0,0.0,2027261.0,2287591721.0,0,1381471
1788546,8,2024-03-30,200,294,49,378,0,0,0,0.0,0.0,2010328.0,226848427.0,0,1564071
1893766,8,2024-05-12,200,294,49,378,0,0,0,0.0,0.0,2010328.0,226848427.0,0,1788546
10066,8,2023-06-04,201,294,49,378,0,0,0,0.0,0.0,2050217.0,2313495616.0,0,0
92560,8,2023-06-05,201,294,49,378,0,0,0,0.0,0.0,2050217.0,2313495616.0,0,10066
174953,8,2023-06-06,201,294,49,378,0,0,0,0.0,0.0,2050217.0,2313495616.0,0,92560
257346,8,2023-06-07,201,294,49,378,0,0,0,0.0,0.0,2050217.0,2313495616.0,0,174953
339739,8,2023-06-08,201,294,49,378,0,0,0,0.0,0.0,2050217.0,2313495616.0,0,257346
422132,8,2023-06-15,201,294,49,378,0,0,0,0.0,0.0,2050217.0,2313495616.0,0,339739
504525,8,2023-06-16,201,294,49,378,0,0,0,0.0,0.0,2050217.0,2313495616.0,0,422132
586918,8,2023-06-17,201,294,49,378,0,0,0,0.0,0.0,2050217.0,2313495616.0,0,504525
669311,8,2023-06-18,201,294,49,378,0,0,0,0.0,0.0,2050217.0,2313495616.0,0,586918
751703,8,2023-06-19,201,294,49,378,0,0,0,0.0,0.0,0.0,0.0,0,669311
1381472,8,2023-11-27,201,294,49,378,0,0,0,0.0,0.0,2027261.0,2287591721.0,0,751703
1564072,8,2024-02-06,201,294,49,378,0,0,0,0.0,0.0,2027261.0,2287591721.0,0,1381472
1788547,8,2024-03-30,201,294,49,378,0,0,0,0.0,0.0,2010328.0,226848427.0,0,1564072
1893767,8,2024-05-12,201,294,49,378,0,0,0,0.0,0.0,2010328.0,226848427.0,0,1788547
10067,8,2023-06-04,204,294,49,331,0,0,0,0.0,0.0,2814201.0,3175586621.0,0,0
92561,8,2023-06-05,204,294,49,331,0,0,0,0.0,0.0,2814201.0,3175586621.0,0,10067
174954,8,2023-06-06,204,294,49,331,0,0,0,0.0,0.0,2814201.0,3175586621.0,0,92561
257347,8,2023-06-07,204,294,49,331,0,0,0,0.0,0.0,2814201.0,3175586621.0,0,174954
339740,8,2023-06-08,204,294,49,331,0,0,0,0.0,0.0,2814201.0,3175586621.0,0,257347
422133,8,2023-06-15,204,294,49,331,0,0,0,0.0,0.0,2814201.0,3175586621.0,0,339740
504526,8,2023-06-16,204,294,49,331,0,0,0,0.0,0.0,2814201.0,3175586621.0,0,422133
586919,8,2023-06-17,204,294,49,331,0,0,0,0.0,0.0,2814201.0,3175586621.0,0,504526
669312,8,2023-06-18,204,294,49,331,0,0,0,0.0,0.0,2814201.0,3175586621.0,0,586919
751704,8,2023-06-19,204,294,49,331,0,0,0,0.0,0.0,0.0,0.0,0,669312
1381473,8,2023-11-27,204,294,49,373,0,0,0,0.0,0.0,2761614.0,3116246662.0,0,751704
1564073,8,2024-02-06,204,294,49,373,0,0,0,0.0,0.0,2825258.0,3188063506.0,0,1381473
1788548,8,2024-03-30,204,294,49,373,0,0,0,0.0,0.0,2724747.0,3074645386.0,0,1564073
1893768,8,2024-05-12,204,294,49,331,0,0,0,14579.0,164511623.0,2640239.0,2979285291.0,0,1788548
10068,8,2023-06-04,205,294,49,331,0,0,0,0.0,0.0,2814201.0,3175586621.0,0,0
92562,8,2023-06-05,205,294,49,331,0,0,0,0.0,0.0,2814201.0,3175586621.0,0,10068
174955,8,2023-06-06,205,294,49,331,0,0,0,0.0,0.0,2814201.0,3175586621.0,0,92562
257348,8,2023-06-07,205,294,49,331,0,0,0,0.0,0.0,2814201.0,3175586621.0,0,174955
339741,8,2023-06-08,205,294,49,331,0,0,0,0.0,0.0,2814201.0,3175586621.0,0,257348
422134,8,2023-06-15,205,294,49,331,0,0,0,0.0,0.0,2814201.0,3175586621.0,0,339741
504527,8,2023-06-16,205,294,49,331,0,0,0,0.0,0.0,2814201.0,3175586621.0,0,422134
586920,8,2023-06-17,205,294,49,331,0,0,0,0.0,0.0,2814201.0,3175586621.0,0,504527
669313,8,2023-06-18,205,294,49,331,0,0,0,0.0,0.0,2814201.0,3175586621.0,0,586920
751705,8,2023-06-19,205,294,49,331,0,0,0,0.0,0.0,0.0,0.0,0,669313
1381474,8,2023-11-27,205,294,49,373,0,0,0,0.0,0.0,2761614.0,3116246662.0,0,751705
1564074,8,2024-02-06,205,294,49,373,0,0,0,0.0,0.0,2825258.0,3188063506.0,0,1381474
1788549,8,2024-03-30,205,294,49,373,0,0,0,0.0,0.0,2724747.0,3074645386.0,0,1564074
1893769,8,2024-05-12,205,294,49,331,0,0,0,14579.0,164511623.0,2640239.0,2979285291.0,0,1788549
10069,8,2023-06-04,206,294,49,331,0,0,0,0.0,0.0,1848064.0,2085383139.0,0,0
92563,8,2023-06-05,206,294,49,331,0,0,0,0.0,0.0,1848064.0,2085383139.0,0,10069
174956,8,2023-06-06,206,294,49,331,0,0,0,0.0,0.0,1848064.0,2085383139.0,0,92563
257349,8,2023-06-07,206,294,49,331,0,0,0,0.0,0.0,1848064.0,2085383139.0,0,174956
339742,8,2023-06-08,206,294,49,331,0,0,0,0.0,0.0,1848064.0,2085383139.0,0,257349
422135,8,2023-06-15,206,294,49,331,0,0,0,0.0,0.0,1848064.0,2085383139.0,0,339742
504528,8,2023-06-16,206,294,49,331,0,0,0,0.0,0.0,1848064.0,2085383139.0,0,422135
586921,8,2023-06-17,206,294,49,331,0,0,0,0.0,0.0,1848064.0,2085383139.0,0,504528
669314,8,2023-06-18,206,294,49,331,0,0,0,0.0,0.0,1848064.0,2085383139.0,0,586921
751706,8,2023-06-19,206,294,49,331,0,0,0,0.0,0.0,0.0,0.0,0,669314
1381475,8,2023-11-27,206,294,49,331,0,0,0,0.0,0.0,1859048.0,2097777649.0,0,751706
1564075,8,2024-02-06,206,294,49,331,0,0,0,0.0,0.0,1878309.0,211951205.0,0,1381475
1788550,8,2024-03-30,206,294,49,331,0,0,0,0.0,0.0,1842126.0,207868261.0,0,1564075
1893770,8,2024-05-12,206,294,49,373,0,0,0,11342.0,127984829.0,1842126.0,207868261.0,0,1788550
10070,8,2023-06-04,210,294,49,378,0,0,0,0.0,0.0,1612777.0,1819881759.0,0,0
92564,8,2023-06-05,210,294,49,378,0,0,0,0.0,0.0,1612777.0,1819881759.0,0,10070
174957,8,2023-06-06,210,294,49,378,0,0,0,0.0,0.0,1612777.0,1819881759.0,0,92564
257350,8,2023-06-07,210,294,49,378,0,0,0,0.0,0.0,1612777.0,1819881759.0,0,174957
339743,8,2023-06-08,210,294,49,378,0,0,0,0.0,0.0,1612777.0,1819881759.0,0,257350
422136,8,2023-06-15,210,294,49,378,0,0,0,0.0,0.0,1612777.0,1819881759.0,0,339743
504529,8,2023-06-16,210,294,49,378,0,0,0,0.0,0.0,1612777.0,1819881759.0,0,422136
586922,8,2023-06-17,210,294,49,378,0,0,0,0.0,0.0,1612777.0,1819881759.0,0,504529
669315,8,2023-06-18,210,294,49,378,0,0,0,0.0,0.0,1612777.0,1819881759.0,0,586922
751707,8,2023-06-19,210,294,49,378,0,0,0,0.0,0.0,0.0,0.0,0,669315
1381476,8,2023-11-27,210,294,49,378,0,0,0,0.0,0.0,1601138.0,1806748136.0,0,751707
1564076,8,2024-02-06,210,294,49,378,0,0,0,0.0,0.0,1601138.0,1806748136.0,0,1381476
1788551,8,2024-03-30,210,294,49,378,0,0,0,0.0,0.0,1601138.0,1806748136.0,0,1564076
1893771,8,2024-05-12,210,294,49,378,0,0,0,0.0,0.0,1601138.0,1806748136.0,0,1788551
10071,8,2023-06-04,214,294,49,377,0,0,0,0.0,0.0,2967142.0,334816754.0,0,0
92565,8,2023-06-05,214,294,49,377,0,0,0,0.0,0.0,2967142.0,334816754.0,0,10071
174958,8,2023-06-06,214,294,49,377,0,0,0,0.0,0.0,2967142.0,334816754.0,0,92565
257351,8,2023-06-07,214,294,49,377,0,0,0,0.0,0.0,2967142.0,334816754.0,0,174958
339744,8,2023-06-08,214,294,49,377,0,0,0,0.0,0.0,2967142.0,334816754.0,0,257351
422137,8,2023-06-15,214,294,49,377,0,0,0,0.0,0.0,2967142.0,334816754.0,0,339744
504530,8,2023-06-16,214,294,49,377,0,0,0,0.0,0.0,2967142.0,334816754.0,0,422137
586923,8,2023-06-17,214,294,49,377,0,0,0,0.0,0.0,2967142.0,334816754.0,0,504530
669316,8,2023-06-18,214,294,49,377,0,0,0,0.0,0.0,2967142.0,334816754.0,0,586923
751708,8,2023-06-19,214,294,49,377,0,0,0,0.0,0.0,0.0,0.0,0,669316
1381477,8,2023-11-27,214,294,49,377,0,0,0,0.0,0.0,2951847.0,3330908433.0,0,751708
1564077,8,2024-02-06,214,294,49,377,0,0,0,0.0,0.0,2951847.0,3330908433.0,0,1381477
1788552,8,2024-03-30,214,294,49,377,0,0,0,0.0,0.0,2967142.0,334816754.0,0,1564077
1893772,8,2024-05-12,214,294,49,377,0,0,0,0.0,0.0,2967142.0,334816754.0,0,1788552
10072,8,2023-06-04,215,294,49,377,0,0,0,0.0,0.0,2967142.0,334816754.0,0,0
92566,8,2023-06-05,215,294,49,377,0,0,0,0.0,0.0,2967142.0,334816754.0,0,10072
174959,8,2023-06-06,215,294,49,377,0,0,0,0.0,0.0,2967142.0,334816754.0,0,92566
257352,8,2023-06-07,215,294,49,377,0,0,0,0.0,0.0,2967142.0,334816754.0,0,174959
339745,8,2023-06-08,215,294,49,377,0,0,0,0.0,0.0,2967142.0,334816754.0,0,257352
422138,8,2023-06-15,215,294,49,377,0,0,0,0.0,0.0,2967142.0,334816754.0,0,339745
504531,8,2023-06-16,215,294,49,377,0,0,0,0.0,0.0,2967142.0,334816754.0,0,422138
586924,8,2023-06-17,215,294,49,377,0,0,0,0.0,0.0,2967142.0,334816754.0,0,504531
669317,8,2023-06-18,215,294,49,377,0,0,0,0.0,0.0,2967142.0,334816754.0,0,586924
751709,8,2023-06-19,215,294,49,377,0,0,0,0.0,0.0,0.0,0.0,0,669317
1381478,8,2023-11-27,215,294,49,377,0,0,0,0.0,0.0,2951847.0,3330908433.0,0,751709
1564078,8,2024-02-06,215,294,49,377,0,0,0,0.0,0.0,2951847.0,3330908433.0,0,1381478
1788553,8,2024-03-30,215,294,49,377,0,0,0,0.0,0.0,2967142.0,334816754.0,0,1564078
1893773,8,2024-05-12,215,294,49,377,0,0,0,0.0,0.0,2967142.0,334816754.0,0,1788553
10073,8,2023-06-04,216,294,49,331,0,0,0,0.0,0.0,1412431.0,1593808327.0,0,0
92567,8,2023-06-05,216,294,49,331,0,0,0,0.0,0.0,1412431.0,1593808327.0,0,10073
174960,8,2023-06-06,216,294,49,331,0,0,0,0.0,0.0,1412431.0,1593808327.0,0,92567
257353,8,2023-06-07,216,294,49,331,0,0,0,0.0,0.0,1412431.0,1593808327.0,0,174960
339746,8,2023-06-08,216,294,49,331,0,0,0,0.0,0.0,1412431.0,1593808327.0,0,257353
422139,8,2023-06-15,216,294,49,331,0,0,0,0.0,0.0,1412431.0,1593808327.0,0,339746
504532,8,2023-06-16,216,294,49,331,0,0,0,0.0,0.0,1412431.0,1593808327.0,0,422139
586925,8,2023-06-17,216,294,49,331,0,0,0,0.0,0.0,1412431.0,1593808327.0,0,504532
669318,8,2023-06-18,216,294,49,331,0,0,0,0.0,0.0,1412431.0,1593808327.0,0,586925
751710,8,2023-06-19,216,294,49,331,0,0,0,0.0,0.0,0.0,0.0,0,669318
1381479,8,2023-11-27,216,294,49,331,0,0,0,0.0,0.0,1332608.0,1503734856.0,0,751710
1564079,8,2024-02-06,216,294,49,331,0,0,0,0.0,0.0,1356001.0,1530131868.0,0,1381479
1788554,8,2024-03-30,216,294,49,331,0,0,0,0.0,0.0,1307125.0,1474979457.0,0,1564079
1893774,8,2024-05-12,216,294,49,373,0,0,0,4896.0,55247198.0,1307125.0,1474979457.0,0,1788554
10074,8,2023-06-04,217,294,49,331,0,0,0,0.0,0.0,1412431.0,1593808327.0,0,0
92568,8,2023-06-05,217,294,49,331,0,0,0,0.0,0.0,1412431.0,1593808327.0,0,10074
174961,8,2023-06-06,217,294,49,331,0,0,0,0.0,0.0,1412431.0,1593808327.0,0,92568
257354,8,2023-06-07,217,294,49,331,0,0,0,0.0,0.0,1412431.0,1593808327.0,0,174961
339747,8,2023-06-08,217,294,49,331,0,0,0,0.0,0.0,1412431.0,1593808327.0,0,257354
422140,8,2023-06-15,217,294,49,331,0,0,0,0.0,0.0,1412431.0,1593808327.0,0,339747
504533,8,2023-06-16,217,294,49,331,0,0,0,0.0,0.0,1412431.0,1593808327.0,0,422140
586926,8,2023-06-17,217,294,49,331,0,0,0,0.0,0.0,1412431.0,1593808327.0,0,504533
669319,8,2023-06-18,217,294,49,331,0,0,0,0.0,0.0,1412431.0,1593808327.0,0,586926
751711,8,2023-06-19,217,294,49,331,0,0,0,0.0,0.0,0.0,0.0,0,669319
1381480,8,2023-11-27,217,294,49,331,0,0,0,0.0,0.0,1332608.0,1503734856.0,0,751711
1564080,8,2024-02-06,217,294,49,331,0,0,0,0.0,0.0,1356001.0,1530131868.0,0,1381480
1788555,8,2024-03-30,217,294,49,331,0,0,0,0.0,0.0,1307125.0,1474979457.0,0,1564080
1893775,8,2024-05-12,217,294,49,373,0,0,0,4896.0,55247198.0,1307125.0,1474979457.0,0,1788555
10075,8,2023-06-04,218,294,49,331,0,0,0,0.0,0.0,1437299.0,1621869751.0,0,0
92569,8,2023-06-05,218,294,49,331,0,0,0,0.0,0.0,1437299.0,1621869751.0,0,10075
174962,8,2023-06-06,218,294,49,331,0,0,0,0.0,0.0,1437299.0,1621869751.0,0,92569
257355,8,2023-06-07,218,294,49,331,0,0,0,0.0,0.0,1437299.0,1621869751.0,0,174962
339748,8,2023-06-08,218,294,49,331,0,0,0,0.0,0.0,1437299.0,1621869751.0,0,257355
422141,8,2023-06-15,218,294,49,331,0,0,0,0.0,0.0,1437299.0,1621869751.0,0,339748
504534,8,2023-06-16,218,294,49,331,0,0,0,0.0,0.0,1437299.0,1621869751.0,0,422141
586927,8,2023-06-17,218,294,49,331,0,0,0,0.0,0.0,1437299.0,1621869751.0,0,504534
669320,8,2023-06-18,218,294,49,331,0,0,0,0.0,0.0,1437299.0,1621869751.0,0,586927
751712,8,2023-06-19,218,294,49,331,0,0,0,0.0,0.0,0.0,0.0,0,669320
10076,8,2023-06-04,219,294,49,331,0,0,0,0.0,0.0,1437299.0,1621869751.0,0,0
92570,8,2023-06-05,219,294,49,331,0,0,0,0.0,0.0,1437299.0,1621869751.0,0,10076
174963,8,2023-06-06,219,294,49,331,0,0,0,0.0,0.0,1437299.0,1621869751.0,0,92570
257356,8,2023-06-07,219,294,49,331,0,0,0,0.0,0.0,1437299.0,1621869751.0,0,174963
339749,8,2023-06-08,219,294,49,331,0,0,0,0.0,0.0,1437299.0,1621869751.0,0,257356
422142,8,2023-06-15,219,294,49,331,0,0,0,0.0,0.0,1437299.0,1621869751.0,0,339749
504535,8,2023-06-16,219,294,49,331,0,0,0,0.0,0.0,1437299.0,1621869751.0,0,422142
586928,8,2023-06-17,219,294,49,331,0,0,0,0.0,0.0,1437299.0,1621869751.0,0,504535
669321,8,2023-06-18,219,294,49,331,0,0,0,0.0,0.0,1437299.0,1621869751.0,0,586928
751713,8,2023-06-19,219,294,49,331,0,0,0,0.0,0.0,0.0,0.0,0,669321
10077,8,2023-06-04,220,294,49,331,0,0,0,0.0,0.0,997492.0,1125584935.0,0,0
92571,8,2023-06-05,220,294,49,331,0,0,0,0.0,0.0,997492.0,1125584935.0,0,10077
174964,8,2023-06-06,220,294,49,331,0,0,0,0.0,0.0,997492.0,1125584935.0,0,92571
257357,8,2023-06-07,220,294,49,331,0,0,0,0.0,0.0,997492.0,1125584935.0,0,174964
339750,8,2023-06-08,220,294,49,331,0,0,0,0.0,0.0,997492.0,1125584935.0,0,257357
422143,8,2023-06-15,220,294,49,331,0,0,0,0.0,0.0,997492.0,1125584935.0,0,339750
504536,8,2023-06-16,220,294,49,331,0,0,0,0.0,0.0,997492.0,1125584935.0,0,422143
586929,8,2023-06-17,220,294,49,331,0,0,0,0.0,0.0,997492.0,1125584935.0,0,504536
669322,8,2023-06-18,220,294,49,331,0,0,0,0.0,0.0,997492.0,1125584935.0,0,586929
751714,8,2023-06-19,220,294,49,331,0,0,0,0.0,0.0,0.0,0.0,0,669322
1381481,8,2023-11-27,220,294,49,377,0,0,0,7271.0,82047055.0,977304.0,1102804493.0,0,751714
1564081,8,2024-02-06,220,294,49,377,0,0,0,7271.0,82047055.0,977304.0,1102804493.0,0,1381481
1788556,8,2024-03-30,220,294,49,380,0,0,0,0.0,0.0,899632.0,1015158243.0,0,1564081
1893776,8,2024-05-12,220,294,49,373,0,0,0,5897.0,66542633.0,899632.0,1015158243.0,0,1788556
10078,8,2023-06-04,221,294,49,331,0,0,0,0.0,0.0,1636408.0,1846547333.0,0,0
92572,8,2023-06-05,221,294,49,331,0,0,0,0.0,0.0,1636408.0,1846547333.0,0,10078
174965,8,2023-06-06,221,294,49,331,0,0,0,0.0,0.0,1636408.0,1846547333.0,0,92572
257358,8,2023-06-07,221,294,49,331,0,0,0,0.0,0.0,1636408.0,1846547333.0,0,174965
339751,8,2023-06-08,221,294,49,331,0,0,0,0.0,0.0,1636408.0,1846547333.0,0,257358
422144,8,2023-06-15,221,294,49,331,0,0,0,0.0,0.0,1636408.0,1846547333.0,0,339751
504537,8,2023-06-16,221,294,49,331,0,0,0,0.0,0.0,1636408.0,1846547333.0,0,422144
586930,8,2023-06-17,221,294,49,331,0,0,0,0.0,0.0,1636408.0,1846547333.0,0,504537
669323,8,2023-06-18,221,294,49,331,0,0,0,0.0,0.0,1636408.0,1846547333.0,0,586930
751715,8,2023-06-19,221,294,49,331,0,0,0,0.0,0.0,0.0,0.0,0,669323
1381482,8,2023-11-27,221,294,49,331,0,0,0,0.0,0.0,1604015.0,1809994586.0,0,751715
1564082,8,2024-02-06,221,294,49,331,0,0,0,0.0,0.0,1625368.0,1834089632.0,0,1381482
1788557,8,2024-03-30,221,294,49,331,0,0,0,0.0,0.0,1574901.0,1777141912.0,0,1564082
1893777,8,2024-05-12,221,294,49,373,0,0,0,12728.0,143624661.0,1574901.0,1777141912.0,0,1788557
10079,8,2023-06-04,222,294,49,331,0,0,0,0.0,0.0,2129026.0,2402424874.0,0,0
92573,8,2023-06-05,222,294,49,331,0,0,0,0.0,0.0,2129026.0,2402424874.0,0,10079
174966,8,2023-06-06,222,294,49,331,0,0,0,0.0,0.0,2129026.0,2402424874.0,0,92573
257359,8,2023-06-07,222,294,49,331,0,0,0,0.0,0.0,2129026.0,2402424874.0,0,174966
339752,8,2023-06-08,222,294,49,331,0,0,0,0.0,0.0,2129026.0,2402424874.0,0,257359
422145,8,2023-06-15,222,294,49,331,0,0,0,0.0,0.0,2129026.0,2402424874.0,0,339752
504538,8,2023-06-16,222,294,49,331,0,0,0,0.0,0.0,2129026.0,2402424874.0,0,422145
586931,8,2023-06-17,222,294,49,331,0,0,0,0.0,0.0,2129026.0,2402424874.0,0,504538
669324,8,2023-06-18,222,294,49,331,0,0,0,0.0,0.0,2129026.0,2402424874.0,0,586931
751716,8,2023-06-19,222,294,49,331,0,0,0,0.0,0.0,0.0,0.0,0,669324
1381483,8,2023-11-27,222,294,49,331,0,0,0,0.0,0.0,1961825.0,2213752757.0,0,751716
1564083,8,2024-02-06,222,294,49,331,0,0,0,0.0,0.0,187115.0,2111433727.0,0,1381483
1788558,8,2024-03-30,222,294,49,331,0,0,0,0.0,0.0,1895221.0,2138595805.0,0,1564083
1893778,8,2024-05-12,222,294,49,331,0,0,0,1163.0,131234665.0,1848319.0,2085670884.0,0,1788558
10080,8,2023-06-04,223,294,49,331,0,0,0,0.0,0.0,2129026.0,2402424874.0,0,0
92574,8,2023-06-05,223,294,49,331,0,0,0,0.0,0.0,2129026.0,2402424874.0,0,10080
174967,8,2023-06-06,223,294,49,331,0,0,0,0.0,0.0,2129026.0,2402424874.0,0,92574
257360,8,2023-06-07,223,294,49,331,0,0,0,0.0,0.0,2129026.0,2402424874.0,0,174967
339753,8,2023-06-08,223,294,49,331,0,0,0,0.0,0.0,2129026.0,2402424874.0,0,257360
422146,8,2023-06-15,223,294,49,331,0,0,0,0.0,0.0,2129026.0,2402424874.0,0,339753
504539,8,2023-06-16,223,294,49,331,0,0,0,0.0,0.0,2129026.0,2402424874.0,0,422146
586932,8,2023-06-17,223,294,49,331,0,0,0,0.0,0.0,2129026.0,2402424874.0,0,504539
669325,8,2023-06-18,223,294,49,331,0,0,0,0.0,0.0,2129026.0,2402424874.0,0,586932
751717,8,2023-06-19,223,294,49,331,0,0,0,0.0,0.0,0.0,0.0,0,669325
1381484,8,2023-11-27,223,294,49,331,0,0,0,0.0,0.0,1961825.0,2213752757.0,0,751717
1564084,8,2024-02-06,223,294,49,331,0,0,0,0.0,0.0,187115.0,2111433727.0,0,1381484
1788559,8,2024-03-30,223,294,49,331,0,0,0,0.0,0.0,1895221.0,2138595805.0,0,1564084
1893779,8,2024-05-12,223,294,49,331,0,0,0,1163.0,131234665.0,1848319.0,2085670884.0,0,1788559
10081,8,2023-06-04,224,294,49,378,0,0,0,0.0,0.0,1310199.0,1478448205.0,0,0
92575,8,2023-06-05,224,294,49,378,0,0,0,0.0,0.0,1310199.0,1478448205.0,0,10081
174968,8,2023-06-06,224,294,49,378,0,0,0,0.0,0.0,1310199.0,1478448205.0,0,92575
257361,8,2023-06-07,224,294,49,378,0,0,0,0.0,0.0,1310199.0,1478448205.0,0,174968
339754,8,2023-06-08,224,294,49,378,0,0,0,0.0,0.0,1310199.0,1478448205.0,0,257361
422147,8,2023-06-15,224,294,49,378,0,0,0,0.0,0.0,1310199.0,1478448205.0,0,339754
504540,8,2023-06-16,224,294,49,378,0,0,0,0.0,0.0,1310199.0,1478448205.0,0,422147
586933,8,2023-06-17,224,294,49,378,0,0,0,0.0,0.0,1310199.0,1478448205.0,0,504540
669326,8,2023-06-18,224,294,49,378,0,0,0,0.0,0.0,1310199.0,1478448205.0,0,586933
751718,8,2023-06-19,224,294,49,378,0,0,0,0.0,0.0,0.0,0.0,0,669326
1381485,8,2023-11-27,224,294,49,378,0,0,0,0.0,0.0,1310199.0,1478448205.0,0,751718
1564085,8,2024-02-06,224,294,49,378,0,0,0,0.0,0.0,1310199.0,1478448205.0,0,1381485
1788560,8,2024-03-30,224,294,49,378,0,0,0,0.0,0.0,1310199.0,1478448205.0,0,1564085
1893780,8,2024-05-12,224,294,49,378,0,0,0,0.0,0.0,1310199.0,1478448205.0,0,1788560
10082,8,2023-06-04,225,294,49,378,0,0,0,0.0,0.0,1310199.0,1478448205.0,0,0
92576,8,2023-06-05,225,294,49,378,0,0,0,0.0,0.0,1310199.0,1478448205.0,0,10082
174969,8,2023-06-06,225,294,49,378,0,0,0,0.0,0.0,1310199.0,1478448205.0,0,92576
257362,8,2023-06-07,225,294,49,378,0,0,0,0.0,0.0,1310199.0,1478448205.0,0,174969
339755,8,2023-06-08,225,294,49,378,0,0,0,0.0,0.0,1310199.0,1478448205.0,0,257362
422148,8,2023-06-15,225,294,49,378,0,0,0,0.0,0.0,1310199.0,1478448205.0,0,339755
504541,8,2023-06-16,225,294,49,378,0,0,0,0.0,0.0,1310199.0,1478448205.0,0,422148
586934,8,2023-06-17,225,294,49,378,0,0,0,0.0,0.0,1310199.0,1478448205.0,0,504541
669327,8,2023-06-18,225,294,49,378,0,0,0,0.0,0.0,1310199.0,1478448205.0,0,586934
751719,8,2023-06-19,225,294,49,378,0,0,0,0.0,0.0,0.0,0.0,0,669327
1381486,8,2023-11-27,225,294,49,378,0,0,0,0.0,0.0,1310199.0,1478448205.0,0,751719
1564086,8,2024-02-06,225,294,49,378,0,0,0,0.0,0.0,1310199.0,1478448205.0,0,1381486
1788561,8,2024-03-30,225,294,49,378,0,0,0,0.0,0.0,1310199.0,1478448205.0,0,1564086
1893781,8,2024-05-12,225,294,49,378,0,0,0,0.0,0.0,1310199.0,1478448205.0,0,1788561
10083,8,2023-06-04,228,294,49,331,0,0,0,0.0,0.0,20209.0,228041387.0,0,0
92577,8,2023-06-05,228,294,49,331,0,0,0,0.0,0.0,20209.0,228041387.0,0,10083
174970,8,2023-06-06,228,294,49,331,0,0,0,0.0,0.0,20209.0,228041387.0,0,92577
257363,8,2023-06-07,228,294,49,331,0,0,0,0.0,0.0,20209.0,228041387.0,0,174970
339756,8,2023-06-08,228,294,49,331,0,0,0,0.0,0.0,20209.0,228041387.0,0,257363
422149,8,2023-06-15,228,294,49,331,0,0,0,0.0,0.0,20209.0,228041387.0,0,339756
504542,8,2023-06-16,228,294,49,331,0,0,0,0.0,0.0,20209.0,228041387.0,0,422149
586935,8,2023-06-17,228,294,49,331,0,0,0,0.0,0.0,20209.0,228041387.0,0,504542
669328,8,2023-06-18,228,294,49,331,0,0,0,0.0,0.0,20209.0,228041387.0,0,586935
751720,8,2023-06-19,228,294,49,331,0,0,0,0.0,0.0,0.0,0.0,0,669328
10084,8,2023-06-04,229,294,49,331,0,0,0,0.0,0.0,20209.0,228041387.0,0,0
92578,8,2023-06-05,229,294,49,331,0,0,0,0.0,0.0,20209.0,228041387.0,0,10084
174971,8,2023-06-06,229,294,49,331,0,0,0,0.0,0.0,20209.0,228041387.0,0,92578
257364,8,2023-06-07,229,294,49,331,0,0,0,0.0,0.0,20209.0,228041387.0,0,174971
339757,8,2023-06-08,229,294,49,331,0,0,0,0.0,0.0,20209.0,228041387.0,0,257364
422150,8,2023-06-15,229,294,49,331,0,0,0,0.0,0.0,20209.0,228041387.0,0,339757
504543,8,2023-06-16,229,294,49,331,0,0,0,0.0,0.0,20209.0,228041387.0,0,422150
586936,8,2023-06-17,229,294,49,331,0,0,0,0.0,0.0,20209.0,228041387.0,0,504543
669329,8,2023-06-18,229,294,49,331,0,0,0,0.0,0.0,20209.0,228041387.0,0,586936
751721,8,2023-06-19,229,294,49,331,0,0,0,0.0,0.0,0.0,0.0,0,669329
10085,8,2023-06-04,233,294,49,377,0,0,0,0.0,0.0,33419.0,377105009.0,0,0
92579,8,2023-06-05,233,294,49,377,0,0,0,0.0,0.0,33419.0,377105009.0,0,10085
174972,8,2023-06-06,233,294,49,377,0,0,0,0.0,0.0,33419.0,377105009.0,0,92579
257365,8,2023-06-07,233,294,49,377,0,0,0,0.0,0.0,33419.0,377105009.0,0,174972
339758,8,2023-06-08,233,294,49,377,0,0,0,0.0,0.0,33419.0,377105009.0,0,257365
422151,8,2023-06-15,233,294,49,377,0,0,0,0.0,0.0,33419.0,377105009.0,0,339758
504544,8,2023-06-16,233,294,49,377,0,0,0,0.0,0.0,33419.0,377105009.0,0,422151
586937,8,2023-06-17,233,294,49,377,0,0,0,0.0,0.0,33419.0,377105009.0,0,504544
669330,8,2023-06-18,233,294,49,377,0,0,0,0.0,0.0,33419.0,377105009.0,0,586937
751722,8,2023-06-19,233,294,49,377,0,0,0,0.0,0.0,0.0,0.0,0,669330
1381487,8,2023-11-27,233,294,49,377,0,0,0,0.0,0.0,33419.0,377105009.0,0,751722
1564087,8,2024-02-06,233,294,49,377,0,0,0,0.0,0.0,33419.0,377105009.0,0,1381487
1788562,8,2024-03-30,233,294,49,377,0,0,0,0.0,0.0,33419.0,377105009.0,0,1564087
1893782,8,2024-05-12,233,294,49,377,0,0,0,0.0,0.0,33419.0,377105009.0,0,1788562
10086,8,2023-06-04,234,294,49,377,0,0,0,0.0,0.0,33419.0,377105009.0,0,0
92580,8,2023-06-05,234,294,49,377,0,0,0,0.0,0.0,33419.0,377105009.0,0,10086
174973,8,2023-06-06,234,294,49,377,0,0,0,0.0,0.0,33419.0,377105009.0,0,92580
257366,8,2023-06-07,234,294,49,377,0,0,0,0.0,0.0,33419.0,377105009.0,0,174973
339759,8,2023-06-08,234,294,49,377,0,0,0,0.0,0.0,33419.0,377105009.0,0,257366
422152,8,2023-06-15,234,294,49,377,0,0,0,0.0,0.0,33419.0,377105009.0,0,339759
504545,8,2023-06-16,234,294,49,377,0,0,0,0.0,0.0,33419.0,377105009.0,0,422152
586938,8,2023-06-17,234,294,49,377,0,0,0,0.0,0.0,33419.0,377105009.0,0,504545
669331,8,2023-06-18,234,294,49,377,0,0,0,0.0,0.0,33419.0,377105009.0,0,586938
751723,8,2023-06-19,234,294,49,377,0,0,0,0.0,0.0,0.0,0.0,0,669331
1381488,8,2023-11-27,234,294,49,377,0,0,0,0.0,0.0,33419.0,377105009.0,0,751723
1564088,8,2024-02-06,234,294,49,377,0,0,0,0.0,0.0,33419.0,377105009.0,0,1381488
1788563,8,2024-03-30,234,294,49,377,0,0,0,0.0,0.0,33419.0,377105009.0,0,1564088
1893783,8,2024-05-12,234,294,49,377,0,0,0,0.0,0.0,33419.0,377105009.0,0,1788563
10087,8,2023-06-04,237,294,49,331,0,0,0,0.0,0.0,3059827.0,3452754684.0,0,0
92581,8,2023-06-05,237,294,49,331,0,0,0,0.0,0.0,3059827.0,3452754684.0,0,10087
174974,8,2023-06-06,237,294,49,331,0,0,0,0.0,0.0,3059827.0,3452754684.0,0,92581
257367,8,2023-06-07,237,294,49,331,0,0,0,0.0,0.0,3059827.0,3452754684.0,0,174974
339760,8,2023-06-08,237,294,49,331,0,0,0,0.0,0.0,3059827.0,3452754684.0,0,257367
422153,8,2023-06-15,237,294,49,331,0,0,0,0.0,0.0,3059827.0,3452754684.0,0,339760
504546,8,2023-06-16,237,294,49,331,0,0,0,0.0,0.0,3059827.0,3452754684.0,0,422153
586939,8,2023-06-17,237,294,49,331,0,0,0,0.0,0.0,3059827.0,3452754684.0,0,504546
669332,8,2023-06-18,237,294,49,331,0,0,0,0.0,0.0,3059827.0,3452754684.0,0,586939
751724,8,2023-06-19,237,294,49,331,0,0,0,0.0,0.0,0.0,0.0,0,669332
1381489,8,2023-11-27,237,294,49,331,0,0,0,0.0,0.0,2774643.0,3130948781.0,0,751724
1564089,8,2024-02-06,237,294,49,331,0,0,0,0.0,0.0,2802653.0,3162555685.0,0,1381489
1788564,8,2024-03-30,237,294,49,331,0,0,0,0.0,0.0,2684651.0,3029400458.0,0,1564089
1893784,8,2024-05-12,237,294,49,331,0,0,0,1646.0,185737109.0,263064.0,2968453636.0,0,1788564
10088,8,2023-06-04,239,294,49,377,0,0,0,1827.0,20616142.0,228127.0,2574219287.0,0,0
92582,8,2023-06-05,239,294,49,377,0,0,0,1827.0,20616142.0,228127.0,2574219287.0,0,10088
174975,8,2023-06-06,239,294,49,377,0,0,0,1827.0,20616142.0,228127.0,2574219287.0,0,92582
257368,8,2023-06-07,239,294,49,377,0,0,0,1827.0,20616142.0,228127.0,2574219287.0,0,174975
339761,8,2023-06-08,239,294,49,377,0,0,0,1827.0,20616142.0,228127.0,2574219287.0,0,257368
422154,8,2023-06-15,239,294,49,377,0,0,0,1827.0,20616142.0,228127.0,2574219287.0,0,339761
504547,8,2023-06-16,239,294,49,377,0,0,0,1827.0,20616142.0,228127.0,2574219287.0,0,422154
586940,8,2023-06-17,239,294,49,377,0,0,0,1827.0,20616142.0,228127.0,2574219287.0,0,504547
669333,8,2023-06-18,239,294,49,377,0,0,0,1827.0,20616142.0,228127.0,2574219287.0,0,586940
751725,8,2023-06-19,239,294,49,377,0,0,0,0.0,0.0,0.0,0.0,0,669333
1381490,8,2023-11-27,239,294,49,377,0,0,0,1827.0,20616142.0,221106.0,249499327.0,0,751725
1564090,8,2024-02-06,239,294,49,377,0,0,0,1827.0,20616142.0,221106.0,249499327.0,0,1381490
1788565,8,2024-03-30,239,294,49,377,0,0,0,1827.0,20616142.0,221106.0,249499327.0,0,1564090
1893785,8,2024-05-12,239,294,49,377,0,0,0,1827.0,20616142.0,221106.0,249499327.0,0,1788565
10089,8,2023-06-04,243,294,49,331,0,0,0,0.0,0.0,2578978.0,291015746.0,0,0
92583,8,2023-06-05,243,294,49,331,0,0,0,0.0,0.0,2578978.0,291015746.0,0,10089
174976,8,2023-06-06,243,294,49,331,0,0,0,0.0,0.0,2578978.0,291015746.0,0,92583
257369,8,2023-06-07,243,294,49,331,0,0,0,0.0,0.0,2578978.0,291015746.0,0,174976
339762,8,2023-06-08,243,294,49,331,0,0,0,0.0,0.0,2578978.0,291015746.0,0,257369
422155,8,2023-06-15,243,294,49,331,0,0,0,0.0,0.0,2578978.0,291015746.0,0,339762
504548,8,2023-06-16,243,294,49,331,0,0,0,0.0,0.0,2578978.0,291015746.0,0,422155
586941,8,2023-06-17,243,294,49,331,0,0,0,0.0,0.0,2578978.0,291015746.0,0,504548
669334,8,2023-06-18,243,294,49,331,0,0,0,0.0,0.0,2578978.0,291015746.0,0,586941
751726,8,2023-06-19,243,294,49,331,0,0,0,0.0,0.0,0.0,0.0,0,669334
1381491,8,2023-11-27,243,294,49,331,0,0,0,0.0,0.0,2500828.0,2821971828.0,0,751726
1564091,8,2024-02-06,243,294,49,331,0,0,0,0.0,0.0,2523598.0,2847665837.0,0,1381491
1788566,8,2024-03-30,243,294,49,331,0,0,0,0.0,0.0,2470486.0,278773346.0,0,1564091
1893786,8,2024-05-12,243,294,49,331,0,0,0,15174.0,171225692.0,2427595.0,2739334612.0,0,1788566
10090,8,2023-06-04,244,294,49,331,0,0,0,0.0,0.0,2578978.0,291015746.0,0,0
92584,8,2023-06-05,244,294,49,331,0,0,0,0.0,0.0,2578978.0,291015746.0,0,10090
174977,8,2023-06-06,244,294,49,331,0,0,0,0.0,0.0,2578978.0,291015746.0,0,92584
257370,8,2023-06-07,244,294,49,331,0,0,0,0.0,0.0,2578978.0,291015746.0,0,174977
339763,8,2023-06-08,244,294,49,331,0,0,0,0.0,0.0,2578978.0,291015746.0,0,257370
422156,8,2023-06-15,244,294,49,331,0,0,0,0.0,0.0,2578978.0,291015746.0,0,339763
504549,8,2023-06-16,244,294,49,331,0,0,0,0.0,0.0,2578978.0,291015746.0,0,422156
586942,8,2023-06-17,244,294,49,331,0,0,0,0.0,0.0,2578978.0,291015746.0,0,504549
669335,8,2023-06-18,244,294,49,331,0,0,0,0.0,0.0,2578978.0,291015746.0,0,586942
751727,8,2023-06-19,244,294,49,331,0,0,0,0.0,0.0,0.0,0.0,0,669335
1381492,8,2023-11-27,244,294,49,331,0,0,0,0.0,0.0,2500828.0,2821971828.0,0,751727
1564092,8,2024-02-06,244,294,49,331,0,0,0,0.0,0.0,2523598.0,2847665837.0,0,1381492
1788567,8,2024-03-30,244,294,49,331,0,0,0,0.0,0.0,2470486.0,278773346.0,0,1564092
1893787,8,2024-05-12,244,294,49,331,0,0,0,15174.0,171225692.0,2427595.0,2739334612.0,0,1788567
10091,8,2023-06-04,245,294,49,378,0,0,0,0.0,0.0,376077.0,424370928.0,0,0
92585,8,2023-06-05,245,294,49,378,0,0,0,0.0,0.0,376077.0,424370928.0,0,10091
174978,8,2023-06-06,245,294,49,378,0,0,0,0.0,0.0,376077.0,424370928.0,0,92585
257371,8,2023-06-07,245,294,49,378,0,0,0,0.0,0.0,376077.0,424370928.0,0,174978
339764,8,2023-06-08,245,294,49,378,0,0,0,0.0,0.0,376077.0,424370928.0,0,257371
422157,8,2023-06-15,245,294,49,378,0,0,0,0.0,0.0,376077.0,424370928.0,0,339764
504550,8,2023-06-16,245,294,49,378,0,0,0,0.0,0.0,376077.0,424370928.0,0,422157
586943,8,2023-06-17,245,294,49,378,0,0,0,0.0,0.0,376077.0,424370928.0,0,504550
669336,8,2023-06-18,245,294,49,378,0,0,0,0.0,0.0,376077.0,424370928.0,0,586943
751728,8,2023-06-19,245,294,49,378,0,0,0,0.0,0.0,0.0,0.0,0,669336
1381493,8,2023-11-27,245,294,49,378,0,0,0,0.0,0.0,376077.0,424370928.0,0,751728
1564093,8,2024-02-06,245,294,49,378,0,0,0,0.0,0.0,376077.0,424370928.0,0,1381493
1788568,8,2024-03-30,245,294,49,378,0,0,0,0.0,0.0,376077.0,424370928.0,0,1564093
1893788,8,2024-05-12,245,294,49,378,0,0,0,0.0,0.0,376077.0,424370928.0,0,1788568
10092,8,2023-06-04,248,294,49,331,0,0,0,0.0,0.0,2386053.0,2692457996.0,0,0
92586,8,2023-06-05,248,294,49,331,0,0,0,0.0,0.0,2386053.0,2692457996.0,0,10092
174979,8,2023-06-06,248,294,49,331,0,0,0,0.0,0.0,2386053.0,2692457996.0,0,92586
257372,8,2023-06-07,248,294,49,331,0,0,0,0.0,0.0,2386053.0,2692457996.0,0,174979
339765,8,2023-06-08,248,294,49,331,0,0,0,0.0,0.0,2386053.0,2692457996.0,0,257372
422158,8,2023-06-15,248,294,49,331,0,0,0,0.0,0.0,2386053.0,2692457996.0,0,339765
504551,8,2023-06-16,248,294,49,331,0,0,0,0.0,0.0,2386053.0,2692457996.0,0,422158
586944,8,2023-06-17,248,294,49,331,0,0,0,0.0,0.0,2386053.0,2692457996.0,0,504551
669337,8,2023-06-18,248,294,49,331,0,0,0,0.0,0.0,2386053.0,2692457996.0,0,586944
751729,8,2023-06-19,248,294,49,331,0,0,0,0.0,0.0,0.0,0.0,0,669337
1381494,8,2023-11-27,248,294,49,331,0,0,0,0.0,0.0,2294376.0,2589008294.0,0,751729
1564094,8,2024-02-06,248,294,49,331,0,0,0,0.0,0.0,0.0,0.0,0,1381494
1788569,8,2024-03-30,248,294,49,331,0,0,0,0.0,0.0,2260035.0,2550257395.0,0,1564094
1893789,8,2024-05-12,248,294,49,331,0,0,0,12972.0,146377994.0,2220303.0,250542321.0,0,1788569
10093,8,2023-06-04,249,294,49,378,0,0,0,0.0,0.0,318383.0,3592681529.0,0,0
92587,8,2023-06-05,249,294,49,378,0,0,0,0.0,0.0,318383.0,3592681529.0,0,10093
174980,8,2023-06-06,249,294,49,378,0,0,0,0.0,0.0,318383.0,3592681529.0,0,92587
257373,8,2023-06-07,249,294,49,378,0,0,0,0.0,0.0,318383.0,3592681529.0,0,174980
339766,8,2023-06-08,249,294,49,378,0,0,0,0.0,0.0,318383.0,3592681529.0,0,257373
422159,8,2023-06-15,249,294,49,378,0,0,0,0.0,0.0,318383.0,3592681529.0,0,339766
504552,8,2023-06-16,249,294,49,378,0,0,0,0.0,0.0,318383.0,3592681529.0,0,422159
586945,8,2023-06-17,249,294,49,378,0,0,0,0.0,0.0,318383.0,3592681529.0,0,504552
669338,8,2023-06-18,249,294,49,378,0,0,0,0.0,0.0,318383.0,3592681529.0,0,586945
751730,8,2023-06-19,249,294,49,378,0,0,0,0.0,0.0,0.0,0.0,0,669338
1381495,8,2023-11-27,249,294,49,378,0,0,0,0.0,0.0,239609.0,2703783897.0,0,751730
1564095,8,2024-02-06,249,294,49,378,0,0,0,0.0,0.0,239609.0,2703783897.0,0,1381495
1788570,8,2024-03-30,249,294,49,378,0,0,0,0.0,0.0,239609.0,2703783897.0,0,1564095
1893790,8,2024-05-12,249,294,49,378,0,0,0,0.0,0.0,239609.0,2703783897.0,0,1788570
10094,8,2023-06-04,250,294,49,377,0,0,0,11605.0,130952561.0,1977244.0,2231151788.0,0,0
92588,8,2023-06-05,250,294,49,377,0,0,0,11605.0,130952561.0,1977244.0,2231151788.0,0,10094
174981,8,2023-06-06,250,294,49,377,0,0,0,11605.0,130952561.0,1977244.0,2231151788.0,0,92588
257374,8,2023-06-07,250,294,49,377,0,0,0,11605.0,130952561.0,1977244.0,2231151788.0,0,174981
339767,8,2023-06-08,250,294,49,377,0,0,0,11605.0,130952561.0,1977244.0,2231151788.0,0,257374
422160,8,2023-06-15,250,294,49,377,0,0,0,11605.0,130952561.0,1977244.0,2231151788.0,0,339767
504553,8,2023-06-16,250,294,49,377,0,0,0,11605.0,130952561.0,1977244.0,2231151788.0,0,422160
586946,8,2023-06-17,250,294,49,377,0,0,0,11605.0,130952561.0,1977244.0,2231151788.0,0,504553
669339,8,2023-06-18,250,294,49,377,0,0,0,11605.0,130952561.0,1977244.0,2231151788.0,0,586946
751731,8,2023-06-19,250,294,49,377,0,0,0,0.0,0.0,0.0,0.0,0,669339
1381496,8,2023-11-27,250,294,49,377,0,0,0,11605.0,130952561.0,1977244.0,2231151788.0,0,751731
1564096,8,2024-02-06,250,294,49,377,0,0,0,11605.0,130952561.0,1977244.0,2231151788.0,0,1381496
1788571,8,2024-03-30,250,294,49,377,0,0,0,11605.0,130952561.0,1977244.0,2231151788.0,0,1564096
1893791,8,2024-05-12,250,294,49,377,0,0,0,11605.0,130952561.0,1977244.0,2231151788.0,0,1788571
10095,8,2023-06-04,251,294,49,377,0,0,0,11605.0,130952561.0,1977244.0,2231151788.0,0,0
92589,8,2023-06-05,251,294,49,377,0,0,0,11605.0,130952561.0,1977244.0,2231151788.0,0,10095
174982,8,2023-06-06,251,294,49,377,0,0,0,11605.0,130952561.0,1977244.0,2231151788.0,0,92589
257375,8,2023-06-07,251,294,49,377,0,0,0,11605.0,130952561.0,1977244.0,2231151788.0,0,174982
339768,8,2023-06-08,251,294,49,377,0,0,0,11605.0,130952561.0,1977244.0,2231151788.0,0,257375
422161,8,2023-06-15,251,294,49,377,0,0,0,11605.0,130952561.0,1977244.0,2231151788.0,0,339768
504554,8,2023-06-16,251,294,49,377,0,0,0,11605.0,130952561.0,1977244.0,2231151788.0,0,422161
586947,8,2023-06-17,251,294,49,377,0,0,0,11605.0,130952561.0,1977244.0,2231151788.0,0,504554
669340,8,2023-06-18,251,294,49,377,0,0,0,11605.0,130952561.0,1977244.0,2231151788.0,0,586947
751732,8,2023-06-19,251,294,49,377,0,0,0,0.0,0.0,0.0,0.0,0,669340
1381497,8,2023-11-27,251,294,49,377,0,0,0,11605.0,130952561.0,1977244.0,2231151788.0,0,751732
1564097,8,2024-02-06,251,294,49,377,0,0,0,11605.0,130952561.0,1977244.0,2231151788.0,0,1381497
1788572,8,2024-03-30,251,294,49,377,0,0,0,11605.0,130952561.0,1977244.0,2231151788.0,0,1564097
1893792,8,2024-05-12,251,294,49,377,0,0,0,11605.0,130952561.0,1977244.0,2231151788.0,0,1788572
10096,8,2023-06-04,252,294,49,377,0,0,0,0.0,0.0,44922.0,506906586.0,0,0
92590,8,2023-06-05,252,294,49,377,0,0,0,0.0,0.0,44922.0,506906586.0,0,10096
174983,8,2023-06-06,252,294,49,377,0,0,0,0.0,0.0,44922.0,506906586.0,0,92590
257376,8,2023-06-07,252,294,49,377,0,0,0,0.0,0.0,44922.0,506906586.0,0,174983
339769,8,2023-06-08,252,294,49,377,0,0,0,0.0,0.0,44922.0,506906586.0,0,257376
422162,8,2023-06-15,252,294,49,377,0,0,0,0.0,0.0,44922.0,506906586.0,0,339769
504555,8,2023-06-16,252,294,49,377,0,0,0,0.0,0.0,44922.0,506906586.0,0,422162
586948,8,2023-06-17,252,294,49,377,0,0,0,0.0,0.0,44922.0,506906586.0,0,504555
669341,8,2023-06-18,252,294,49,377,0,0,0,0.0,0.0,44922.0,506906586.0,0,586948
751733,8,2023-06-19,252,294,49,377,0,0,0,0.0,0.0,0.0,0.0,0,669341
1381498,8,2023-11-27,252,294,49,377,0,0,0,0.0,0.0,44922.0,506906586.0,0,751733
1564098,8,2024-02-06,252,294,49,377,0,0,0,0.0,0.0,44922.0,506906586.0,0,1381498
1788573,8,2024-03-30,252,294,49,377,0,0,0,0.0,0.0,44922.0,506906586.0,0,1564098
1893793,8,2024-05-12,252,294,49,377,0,0,0,0.0,0.0,44922.0,506906586.0,0,1788573
10097,8,2023-06-04,253,294,49,377,0,0,0,0.0,0.0,44922.0,506906586.0,0,0
92591,8,2023-06-05,253,294,49,377,0,0,0,0.0,0.0,44922.0,506906586.0,0,10097
174984,8,2023-06-06,253,294,49,377,0,0,0,0.0,0.0,44922.0,506906586.0,0,92591
257377,8,2023-06-07,253,294,49,377,0,0,0,0.0,0.0,44922.0,506906586.0,0,174984
339770,8,2023-06-08,253,294,49,377,0,0,0,0.0,0.0,44922.0,506906586.0,0,257377
422163,8,2023-06-15,253,294,49,377,0,0,0,0.0,0.0,44922.0,506906586.0,0,339770
504556,8,2023-06-16,253,294,49,377,0,0,0,0.0,0.0,44922.0,506906586.0,0,422163
586949,8,2023-06-17,253,294,49,377,0,0,0,0.0,0.0,44922.0,506906586.0,0,504556
669342,8,2023-06-18,253,294,49,377,0,0,0,0.0,0.0,44922.0,506906586.0,0,586949
751734,8,2023-06-19,253,294,49,377,0,0,0,0.0,0.0,0.0,0.0,0,669342
1381499,8,2023-11-27,253,294,49,377,0,0,0,0.0,0.0,44922.0,506906586.0,0,751734
1564099,8,2024-02-06,253,294,49,377,0,0,0,0.0,0.0,44922.0,506906586.0,0,1381499
1788574,8,2024-03-30,253,294,49,377,0,0,0,0.0,0.0,44922.0,506906586.0,0,1564099
1893794,8,2024-05-12,253,294,49,377,0,0,0,0.0,0.0,44922.0,506906586.0,0,1788574
10098,8,2023-06-04,257,294,49,331,0,0,0,0.0,0.0,1699867.0,1918155421.0,0,0
92592,8,2023-06-05,257,294,49,331,0,0,0,0.0,0.0,1699867.0,1918155421.0,0,10098
174985,8,2023-06-06,257,294,49,331,0,0,0,0.0,0.0,1699867.0,1918155421.0,0,92592
257378,8,2023-06-07,257,294,49,331,0,0,0,0.0,0.0,1699867.0,1918155421.0,0,174985
339771,8,2023-06-08,257,294,49,331,0,0,0,0.0,0.0,1699867.0,1918155421.0,0,257378
422164,8,2023-06-15,257,294,49,331,0,0,0,0.0,0.0,1699867.0,1918155421.0,0,339771
504557,8,2023-06-16,257,294,49,331,0,0,0,0.0,0.0,1699867.0,1918155421.0,0,422164
586950,8,2023-06-17,257,294,49,331,0,0,0,0.0,0.0,1699867.0,1918155421.0,0,504557
669343,8,2023-06-18,257,294,49,331,0,0,0,0.0,0.0,1699867.0,1918155421.0,0,586950
751735,8,2023-06-19,257,294,49,331,0,0,0,0.0,0.0,0.0,0.0,0,669343
1381500,8,2023-11-27,257,294,49,331,0,0,0,0.0,0.0,1711721.0,1931531652.0,0,751735
1564100,8,2024-02-06,257,294,49,331,0,0,0,0.0,0.0,1732675.0,195517646.0,0,1381500
1788575,8,2024-03-30,257,294,49,373,0,0,0,0.0,0.0,176196.0,1988222093.0,0,1564100
1893795,8,2024-05-12,257,294,49,331,0,0,0,14267.0,160990968.0,1686157.0,1902684851.0,0,1788575
10099,8,2023-06-04,260,294,49,378,0,0,0,0.0,0.0,2542751.0,286927837.0,0,0
92593,8,2023-06-05,260,294,49,378,0,0,0,0.0,0.0,2542751.0,286927837.0,0,10099
174986,8,2023-06-06,260,294,49,378,0,0,0,0.0,0.0,2542751.0,286927837.0,0,92593
257379,8,2023-06-07,260,294,49,378,0,0,0,0.0,0.0,2542751.0,286927837.0,0,174986
339772,8,2023-06-08,260,294,49,378,0,0,0,0.0,0.0,2542751.0,286927837.0,0,257379
422165,8,2023-06-15,260,294,49,378,0,0,0,0.0,0.0,2542751.0,286927837.0,0,339772
504558,8,2023-06-16,260,294,49,378,0,0,0,0.0,0.0,2542751.0,286927837.0,0,422165
586951,8,2023-06-17,260,294,49,378,0,0,0,0.0,0.0,2542751.0,286927837.0,0,504558
669344,8,2023-06-18,260,294,49,378,0,0,0,0.0,0.0,2542751.0,286927837.0,0,586951
751736,8,2023-06-19,260,294,49,378,0,0,0,0.0,0.0,0.0,0.0,0,669344
1381501,8,2023-11-27,260,294,49,378,0,0,0,0.0,0.0,2197182.0,2479333127.0,0,751736
1564101,8,2024-02-06,260,294,49,378,0,0,0,0.0,0.0,2197182.0,2479333127.0,0,1381501
1788576,8,2024-03-30,260,294,49,378,0,0,0,0.0,0.0,2161904.0,2439524902.0,0,1564101
1893796,8,2024-05-12,260,294,49,378,0,0,0,0.0,0.0,2161904.0,2439524902.0,0,1788576
10100,8,2023-06-04,261,294,49,378,0,0,0,9868.0,111351992.0,1200366.0,1354511.0,0,0
92594,8,2023-06-05,261,294,49,378,0,0,0,9868.0,111351992.0,1200366.0,1354511.0,0,10100
174987,8,2023-06-06,261,294,49,378,0,0,0,9868.0,111351992.0,1200366.0,1354511.0,0,92594
257380,8,2023-06-07,261,294,49,378,0,0,0,9868.0,111351992.0,1200366.0,1354511.0,0,174987
339773,8,2023-06-08,261,294,49,378,0,0,0,9868.0,111351992.0,1200366.0,1354511.0,0,257380
422166,8,2023-06-15,261,294,49,378,0,0,0,9868.0,111351992.0,1200366.0,1354511.0,0,339773
504559,8,2023-06-16,261,294,49,378,0,0,0,9868.0,111351992.0,1200366.0,1354511.0,0,422166
586952,8,2023-06-17,261,294,49,378,0,0,0,9868.0,111351992.0,1200366.0,1354511.0,0,504559
669345,8,2023-06-18,261,294,49,378,0,0,0,9868.0,111351992.0,1200366.0,1354511.0,0,586952
751737,8,2023-06-19,261,294,49,378,0,0,0,0.0,0.0,0.0,0.0,0,669345
1381502,8,2023-11-27,261,294,49,378,0,0,0,9868.0,111351992.0,1046753.0,1181171787.0,0,751737
1564102,8,2024-02-06,261,294,49,378,0,0,0,9868.0,111351992.0,1046753.0,1181171787.0,0,1381502
1788577,8,2024-03-30,261,294,49,378,0,0,0,9868.0,111351992.0,1046753.0,1181171787.0,0,1564102
1893797,8,2024-05-12,261,294,49,378,0,0,0,9868.0,111351992.0,1046753.0,1181171787.0,0,1788577
10101,8,2023-06-04,262,294,49,378,0,0,0,9868.0,111351992.0,1200366.0,1354511.0,0,0
92595,8,2023-06-05,262,294,49,378,0,0,0,9868.0,111351992.0,1200366.0,1354511.0,0,10101
174988,8,2023-06-06,262,294,49,378,0,0,0,9868.0,111351992.0,1200366.0,1354511.0,0,92595
257381,8,2023-06-07,262,294,49,378,0,0,0,9868.0,111351992.0,1200366.0,1354511.0,0,174988
339774,8,2023-06-08,262,294,49,378,0,0,0,9868.0,111351992.0,1200366.0,1354511.0,0,257381
422167,8,2023-06-15,262,294,49,378,0,0,0,9868.0,111351992.0,1200366.0,1354511.0,0,339774
504560,8,2023-06-16,262,294,49,378,0,0,0,9868.0,111351992.0,1200366.0,1354511.0,0,422167
586953,8,2023-06-17,262,294,49,378,0,0,0,9868.0,111351992.0,1200366.0,1354511.0,0,504560
669346,8,2023-06-18,262,294,49,378,0,0,0,9868.0,111351992.0,1200366.0,1354511.0,0,586953
751738,8,2023-06-19,262,294,49,378,0,0,0,0.0,0.0,0.0,0.0,0,669346
1381503,8,2023-11-27,262,294,49,378,0,0,0,9868.0,111351992.0,1046753.0,1181171787.0,0,751738
1564103,8,2024-02-06,262,294,49,378,0,0,0,9868.0,111351992.0,1046753.0,1181171787.0,0,1381503
1788578,8,2024-03-30,262,294,49,378,0,0,0,9868.0,111351992.0,1046753.0,1181171787.0,0,1564103
1893798,8,2024-05-12,262,294,49,378,0,0,0,9868.0,111351992.0,1046753.0,1181171787.0,0,1788578
10102,8,2023-06-04,263,294,49,331,0,0,0,0.0,0.0,2876931.0,3246372094.0,0,0
92596,8,2023-06-05,263,294,49,331,0,0,0,0.0,0.0,2876931.0,3246372094.0,0,10102
174989,8,2023-06-06,263,294,49,331,0,0,0,0.0,0.0,2876931.0,3246372094.0,0,92596
257382,8,2023-06-07,263,294,49,331,0,0,0,0.0,0.0,2876931.0,3246372094.0,0,174989
339775,8,2023-06-08,263,294,49,331,0,0,0,0.0,0.0,2876931.0,3246372094.0,0,257382
422168,8,2023-06-15,263,294,49,331,0,0,0,0.0,0.0,2876931.0,3246372094.0,0,339775
504561,8,2023-06-16,263,294,49,331,0,0,0,0.0,0.0,2876931.0,3246372094.0,0,422168
586954,8,2023-06-17,263,294,49,331,0,0,0,0.0,0.0,2876931.0,3246372094.0,0,504561
669347,8,2023-06-18,263,294,49,331,0,0,0,0.0,0.0,2876931.0,3246372094.0,0,586954
751739,8,2023-06-19,263,294,49,331,0,0,0,0.0,0.0,0.0,0.0,0,669347
1381504,8,2023-11-27,263,294,49,331,0,0,0,0.0,0.0,2781036.0,3138162738.0,0,751739
1564104,8,2024-02-06,263,294,49,331,0,0,0,0.0,0.0,0.0,0.0,0,1381504
1788579,8,2024-03-30,263,294,49,373,0,0,0,0.0,0.0,277705.0,3133664876.0,0,1564104
1893799,8,2024-05-12,263,294,49,331,0,0,0,17027.0,192135222.0,269066.0,3036181104.0,0,1788579
10103,8,2023-06-04,266,294,49,378,0,0,0,0.0,0.0,1587751.0,1791642045.0,0,0
92597,8,2023-06-05,266,294,49,378,0,0,0,0.0,0.0,1587751.0,1791642045.0,0,10103
174990,8,2023-06-06,266,294,49,378,0,0,0,0.0,0.0,1587751.0,1791642045.0,0,92597
257383,8,2023-06-07,266,294,49,378,0,0,0,0.0,0.0,1587751.0,1791642045.0,0,174990
339776,8,2023-06-08,266,294,49,378,0,0,0,0.0,0.0,1587751.0,1791642045.0,0,257383
422169,8,2023-06-15,266,294,49,378,0,0,0,0.0,0.0,1587751.0,1791642045.0,0,339776
504562,8,2023-06-16,266,294,49,378,0,0,0,0.0,0.0,1587751.0,1791642045.0,0,422169
586955,8,2023-06-17,266,294,49,378,0,0,0,0.0,0.0,1587751.0,1791642045.0,0,504562
669348,8,2023-06-18,266,294,49,378,0,0,0,0.0,0.0,1587751.0,1791642045.0,0,586955
751740,8,2023-06-19,266,294,49,378,0,0,0,0.0,0.0,0.0,0.0,0,669348
1381505,8,2023-11-27,266,294,49,378,0,0,0,0.0,0.0,1587751.0,1791642045.0,0,751740
1564105,8,2024-02-06,266,294,49,378,0,0,0,0.0,0.0,1587751.0,1791642045.0,0,1381505
1788580,8,2024-03-30,266,294,49,378,0,0,0,0.0,0.0,1587751.0,1791642045.0,0,1564105
1893800,8,2024-05-12,266,294,49,378,0,0,0,0.0,0.0,1587751.0,1791642045.0,0,1788580
10104,8,2023-06-04,267,294,49,378,0,0,0,0.0,0.0,1587751.0,1791642045.0,0,0
92598,8,2023-06-05,267,294,49,378,0,0,0,0.0,0.0,1587751.0,1791642045.0,0,10104
174991,8,2023-06-06,267,294,49,378,0,0,0,0.0,0.0,1587751.0,1791642045.0,0,92598
257384,8,2023-06-07,267,294,49,378,0,0,0,0.0,0.0,1587751.0,1791642045.0,0,174991
339777,8,2023-06-08,267,294,49,378,0,0,0,0.0,0.0,1587751.0,1791642045.0,0,257384
422170,8,2023-06-15,267,294,49,378,0,0,0,0.0,0.0,1587751.0,1791642045.0,0,339777
504563,8,2023-06-16,267,294,49,378,0,0,0,0.0,0.0,1587751.0,1791642045.0,0,422170
586956,8,2023-06-17,267,294,49,378,0,0,0,0.0,0.0,1587751.0,1791642045.0,0,504563
669349,8,2023-06-18,267,294,49,378,0,0,0,0.0,0.0,1587751.0,1791642045.0,0,586956
751741,8,2023-06-19,267,294,49,378,0,0,0,0.0,0.0,0.0,0.0,0,669349
1381506,8,2023-11-27,267,294,49,378,0,0,0,0.0,0.0,1587751.0,1791642045.0,0,751741
1564106,8,2024-02-06,267,294,49,378,0,0,0,0.0,0.0,1587751.0,1791642045.0,0,1381506
1788581,8,2024-03-30,267,294,49,378,0,0,0,0.0,0.0,1587751.0,1791642045.0,0,1564106
1893801,8,2024-05-12,267,294,49,378,0,0,0,0.0,0.0,1587751.0,1791642045.0,0,1788581
10105,8,2023-06-04,269,294,49,373,0,0,0,0.0,0.0,3837013.0,4329743024.0,0,0
92599,8,2023-06-05,269,294,49,373,0,0,0,0.0,0.0,3837013.0,4329743024.0,0,10105
174992,8,2023-06-06,269,294,49,373,0,0,0,0.0,0.0,3837013.0,4329743024.0,0,92599
257385,8,2023-06-07,269,294,49,373,0,0,0,0.0,0.0,3837013.0,4329743024.0,0,174992
339778,8,2023-06-08,269,294,49,373,0,0,0,0.0,0.0,3837013.0,4329743024.0,0,257385
422171,8,2023-06-15,269,294,49,373,0,0,0,0.0,0.0,3837013.0,4329743024.0,0,339778
504564,8,2023-06-16,269,294,49,373,0,0,0,0.0,0.0,3837013.0,4329743024.0,0,422171
586957,8,2023-06-17,269,294,49,373,0,0,0,0.0,0.0,3837013.0,4329743024.0,0,504564
669350,8,2023-06-18,269,294,49,373,0,0,0,0.0,0.0,3837013.0,4329743024.0,0,586957
751742,8,2023-06-19,269,294,49,373,0,0,0,0.0,0.0,0.0,0.0,0,669350
1381507,8,2023-11-27,269,294,49,331,0,0,0,0.0,0.0,373015.0,4209157212.0,0,751742
1564107,8,2024-02-06,269,294,49,331,0,0,0,0.0,0.0,3768775.0,4252742242.0,0,1381507
1788582,8,2024-03-30,269,294,49,373,0,0,0,0.0,0.0,3703253.0,4178806234.0,0,1564107
1893802,8,2024-05-12,269,294,49,331,0,0,0,24286.0,274046867.0,3626526.0,4092226336.0,0,1788582
10106,8,2023-06-04,270,294,49,331,0,0,0,0.0,0.0,886489.0,1000327485.0,0,0
92600,8,2023-06-05,270,294,49,331,0,0,0,0.0,0.0,886489.0,1000327485.0,0,10106
174993,8,2023-06-06,270,294,49,331,0,0,0,0.0,0.0,886489.0,1000327485.0,0,92600
257386,8,2023-06-07,270,294,49,331,0,0,0,0.0,0.0,886489.0,1000327485.0,0,174993
339779,8,2023-06-08,270,294,49,331,0,0,0,0.0,0.0,886489.0,1000327485.0,0,257386
422172,8,2023-06-15,270,294,49,331,0,0,0,0.0,0.0,886489.0,1000327485.0,0,339779
504565,8,2023-06-16,270,294,49,331,0,0,0,0.0,0.0,886489.0,1000327485.0,0,422172
586958,8,2023-06-17,270,294,49,331,0,0,0,0.0,0.0,886489.0,1000327485.0,0,504565
669351,8,2023-06-18,270,294,49,331,0,0,0,0.0,0.0,886489.0,1000327485.0,0,586958
751743,8,2023-06-19,270,294,49,331,0,0,0,0.0,0.0,0.0,0.0,0,669351
1381508,8,2023-11-27,270,294,49,331,0,0,0,0.0,0.0,831858.0,9386810451.0,0,751743
1564108,8,2024-02-06,270,294,49,331,0,0,0,0.0,0.0,862204.0,9729239267.0,0,1381508
10107,8,2023-06-04,271,294,49,331,0,0,0,0.0,0.0,886489.0,1000327485.0,0,0
92601,8,2023-06-05,271,294,49,331,0,0,0,0.0,0.0,886489.0,1000327485.0,0,10107
174994,8,2023-06-06,271,294,49,331,0,0,0,0.0,0.0,886489.0,1000327485.0,0,92601
257387,8,2023-06-07,271,294,49,331,0,0,0,0.0,0.0,886489.0,1000327485.0,0,174994
339780,8,2023-06-08,271,294,49,331,0,0,0,0.0,0.0,886489.0,1000327485.0,0,257387
422173,8,2023-06-15,271,294,49,331,0,0,0,0.0,0.0,886489.0,1000327485.0,0,339780
504566,8,2023-06-16,271,294,49,331,0,0,0,0.0,0.0,886489.0,1000327485.0,0,422173
586959,8,2023-06-17,271,294,49,331,0,0,0,0.0,0.0,886489.0,1000327485.0,0,504566
669352,8,2023-06-18,271,294,49,331,0,0,0,0.0,0.0,886489.0,1000327485.0,0,586959
751744,8,2023-06-19,271,294,49,331,0,0,0,0.0,0.0,0.0,0.0,0,669352
1381509,8,2023-11-27,271,294,49,331,0,0,0,0.0,0.0,831858.0,9386810451.0,0,751744
1564109,8,2024-02-06,271,294,49,331,0,0,0,0.0,0.0,862204.0,9729239267.0,0,1381509
10108,8,2023-06-04,272,294,49,378,0,0,0,0.0,0.0,125566.0,1416905579.0,0,0
92602,8,2023-06-05,272,294,49,378,0,0,0,0.0,0.0,125566.0,1416905579.0,0,10108
174995,8,2023-06-06,272,294,49,378,0,0,0,0.0,0.0,125566.0,1416905579.0,0,92602
257388,8,2023-06-07,272,294,49,378,0,0,0,0.0,0.0,125566.0,1416905579.0,0,174995
339781,8,2023-06-08,272,294,49,378,0,0,0,0.0,0.0,125566.0,1416905579.0,0,257388
422174,8,2023-06-15,272,294,49,378,0,0,0,0.0,0.0,125566.0,1416905579.0,0,339781
504567,8,2023-06-16,272,294,49,378,0,0,0,0.0,0.0,125566.0,1416905579.0,0,422174
586960,8,2023-06-17,272,294,49,378,0,0,0,0.0,0.0,125566.0,1416905579.0,0,504567
669353,8,2023-06-18,272,294,49,378,0,0,0,0.0,0.0,125566.0,1416905579.0,0,586960
751745,8,2023-06-19,272,294,49,378,0,0,0,0.0,0.0,0.0,0.0,0,669353
1381510,8,2023-11-27,272,294,49,378,0,0,0,0.0,0.0,104394.0,1177997555.0,0,751745
1564110,8,2024-02-06,272,294,49,378,0,0,0,0.0,0.0,104394.0,1177997555.0,0,1381510
1788583,8,2024-03-30,272,294,49,378,0,0,0,0.0,0.0,104394.0,1177997555.0,0,1564110
1893803,8,2024-05-12,272,294,49,378,0,0,0,0.0,0.0,104394.0,1177997555.0,0,1788583
10109,8,2023-06-04,275,294,49,331,0,0,0,0.0,0.0,347092.0,3916638192.0,0,0
92603,8,2023-06-05,275,294,49,331,0,0,0,0.0,0.0,347092.0,3916638192.0,0,10109
174996,8,2023-06-06,275,294,49,331,0,0,0,0.0,0.0,347092.0,3916638192.0,0,92603
257389,8,2023-06-07,275,294,49,331,0,0,0,0.0,0.0,347092.0,3916638192.0,0,174996
339782,8,2023-06-08,275,294,49,331,0,0,0,0.0,0.0,347092.0,3916638192.0,0,257389
422175,8,2023-06-15,275,294,49,331,0,0,0,0.0,0.0,347092.0,3916638192.0,0,339782
504568,8,2023-06-16,275,294,49,331,0,0,0,0.0,0.0,347092.0,3916638192.0,0,422175
586961,8,2023-06-17,275,294,49,331,0,0,0,0.0,0.0,347092.0,3916638192.0,0,504568
669354,8,2023-06-18,275,294,49,331,0,0,0,0.0,0.0,347092.0,3916638192.0,0,586961
751746,8,2023-06-19,275,294,49,331,0,0,0,0.0,0.0,0.0,0.0,0,669354
1381511,8,2023-11-27,275,294,49,331,0,0,0,0.0,0.0,103515.0,1168078787.0,0,751746
1564111,8,2024-02-06,275,294,49,331,0,0,0,0.0,0.0,112562.0,1270166492.0,0,1381511
1788584,8,2024-03-30,275,294,49,331,0,0,0,0.0,0.0,21742.0,245339989.0,0,1564111
1893804,8,2024-05-12,275,294,49,373,0,0,0,158.0,1782896.0,21742.0,245339989.0,0,1788584
10110,8,2023-06-04,276,294,49,378,0,0,0,0.0,0.0,1416734.0,1598663897.0,0,0
92604,8,2023-06-05,276,294,49,378,0,0,0,0.0,0.0,1416734.0,1598663897.0,0,10110
174997,8,2023-06-06,276,294,49,378,0,0,0,0.0,0.0,1416734.0,1598663897.0,0,92604
257390,8,2023-06-07,276,294,49,378,0,0,0,0.0,0.0,1416734.0,1598663897.0,0,174997
339783,8,2023-06-08,276,294,49,378,0,0,0,0.0,0.0,1416734.0,1598663897.0,0,257390
422176,8,2023-06-15,276,294,49,378,0,0,0,0.0,0.0,1416734.0,1598663897.0,0,339783
504569,8,2023-06-16,276,294,49,378,0,0,0,0.0,0.0,1416734.0,1598663897.0,0,422176
586962,8,2023-06-17,276,294,49,378,0,0,0,0.0,0.0,1416734.0,1598663897.0,0,504569
669355,8,2023-06-18,276,294,49,378,0,0,0,0.0,0.0,1416734.0,1598663897.0,0,586962
751747,8,2023-06-19,276,294,49,378,0,0,0,0.0,0.0,0.0,0.0,0,669355
1381512,8,2023-11-27,276,294,49,378,0,0,0,0.0,0.0,1416734.0,1598663897.0,0,751747
1564112,8,2024-02-06,276,294,49,378,0,0,0,0.0,0.0,1416734.0,1598663897.0,0,1381512
1788585,8,2024-03-30,276,294,49,378,0,0,0,0.0,0.0,1416734.0,1598663897.0,0,1564112
1893805,8,2024-05-12,276,294,49,378,0,0,0,0.0,0.0,1416734.0,1598663897.0,0,1788585
10111,8,2023-06-04,277,294,49,378,0,0,0,0.0,0.0,1416734.0,1598663897.0,0,0
92605,8,2023-06-05,277,294,49,378,0,0,0,0.0,0.0,1416734.0,1598663897.0,0,10111
174998,8,2023-06-06,277,294,49,378,0,0,0,0.0,0.0,1416734.0,1598663897.0,0,92605
257391,8,2023-06-07,277,294,49,378,0,0,0,0.0,0.0,1416734.0,1598663897.0,0,174998
339784,8,2023-06-08,277,294,49,378,0,0,0,0.0,0.0,1416734.0,1598663897.0,0,257391
422177,8,2023-06-15,277,294,49,378,0,0,0,0.0,0.0,1416734.0,1598663897.0,0,339784
504570,8,2023-06-16,277,294,49,378,0,0,0,0.0,0.0,1416734.0,1598663897.0,0,422177
586963,8,2023-06-17,277,294,49,378,0,0,0,0.0,0.0,1416734.0,1598663897.0,0,504570
669356,8,2023-06-18,277,294,49,378,0,0,0,0.0,0.0,1416734.0,1598663897.0,0,586963
751748,8,2023-06-19,277,294,49,378,0,0,0,0.0,0.0,0.0,0.0,0,669356
1381513,8,2023-11-27,277,294,49,378,0,0,0,0.0,0.0,1416734.0,1598663897.0,0,751748
1564113,8,2024-02-06,277,294,49,378,0,0,0,0.0,0.0,1416734.0,1598663897.0,0,1381513
1788586,8,2024-03-30,277,294,49,378,0,0,0,0.0,0.0,1416734.0,1598663897.0,0,1564113
1893806,8,2024-05-12,277,294,49,378,0,0,0,0.0,0.0,1416734.0,1598663897.0,0,1788586
10112,8,2023-06-04,279,294,49,331,0,0,0,0.0,0.0,290712.0,3280437815.0,0,0
92606,8,2023-06-05,279,294,49,331,0,0,0,0.0,0.0,290712.0,3280437815.0,0,10112
174999,8,2023-06-06,279,294,49,331,0,0,0,0.0,0.0,290712.0,3280437815.0,0,92606
257392,8,2023-06-07,279,294,49,331,0,0,0,0.0,0.0,290712.0,3280437815.0,0,174999
339785,8,2023-06-08,279,294,49,331,0,0,0,0.0,0.0,290712.0,3280437815.0,0,257392
422178,8,2023-06-15,279,294,49,331,0,0,0,0.0,0.0,290712.0,3280437815.0,0,339785
504571,8,2023-06-16,279,294,49,331,0,0,0,0.0,0.0,290712.0,3280437815.0,0,422178
586964,8,2023-06-17,279,294,49,331,0,0,0,0.0,0.0,290712.0,3280437815.0,0,504571
669357,8,2023-06-18,279,294,49,331,0,0,0,0.0,0.0,290712.0,3280437815.0,0,586964
751749,8,2023-06-19,279,294,49,331,0,0,0,0.0,0.0,0.0,0.0,0,669357
1381514,8,2023-11-27,279,294,49,373,0,0,0,0.0,0.0,208486.0,2352587297.0,0,751749
1564114,8,2024-02-06,279,294,49,373,0,0,0,0.0,0.0,215495.0,2431677904.0,0,1381514
1788587,8,2024-03-30,279,294,49,331,0,0,0,0.0,0.0,145925.0,1646639589.0,0,1564114
1893807,8,2024-05-12,279,294,49,331,0,0,0,824.0,929814.0,129327.0,1459345267.0,0,1788587
10113,8,2023-06-04,282,294,49,331,0,0,0,0.0,0.0,430532.0,4858187668.0,0,0
92607,8,2023-06-05,282,294,49,331,0,0,0,0.0,0.0,430532.0,4858187668.0,0,10113
175000,8,2023-06-06,282,294,49,331,0,0,0,0.0,0.0,430532.0,4858187668.0,0,92607
257393,8,2023-06-07,282,294,49,331,0,0,0,0.0,0.0,430532.0,4858187668.0,0,175000
339786,8,2023-06-08,282,294,49,331,0,0,0,0.0,0.0,430532.0,4858187668.0,0,257393
422179,8,2023-06-15,282,294,49,331,0,0,0,0.0,0.0,430532.0,4858187668.0,0,339786
504572,8,2023-06-16,282,294,49,331,0,0,0,0.0,0.0,430532.0,4858187668.0,0,422179
586965,8,2023-06-17,282,294,49,331,0,0,0,0.0,0.0,430532.0,4858187668.0,0,504572
669358,8,2023-06-18,282,294,49,331,0,0,0,0.0,0.0,430532.0,4858187668.0,0,586965
751750,8,2023-06-19,282,294,49,331,0,0,0,0.0,0.0,0.0,0.0,0,669358
1381515,8,2023-11-27,282,294,49,331,0,0,0,0.0,0.0,35657.0,4023589366.0,0,751750
1564115,8,2024-02-06,282,294,49,331,0,0,0,0.0,0.0,323196.0,3646992143.0,0,1381515
1788588,8,2024-03-30,282,294,49,331,0,0,0,0.0,0.0,340594.0,3843313785.0,0,1564115
1893808,8,2024-05-12,282,294,49,331,0,0,0,1838.0,20740268.0,325994.0,3678565195.0,0,1788588
10114,8,2023-06-04,283,294,49,331,0,0,0,0.0,0.0,430532.0,4858187668.0,0,0
92608,8,2023-06-05,283,294,49,331,0,0,0,0.0,0.0,430532.0,4858187668.0,0,10114
175001,8,2023-06-06,283,294,49,331,0,0,0,0.0,0.0,430532.0,4858187668.0,0,92608
257394,8,2023-06-07,283,294,49,331,0,0,0,0.0,0.0,430532.0,4858187668.0,0,175001
339787,8,2023-06-08,283,294,49,331,0,0,0,0.0,0.0,430532.0,4858187668.0,0,257394
422180,8,2023-06-15,283,294,49,331,0,0,0,0.0,0.0,430532.0,4858187668.0,0,339787
504573,8,2023-06-16,283,294,49,331,0,0,0,0.0,0.0,430532.0,4858187668.0,0,422180
586966,8,2023-06-17,283,294,49,331,0,0,0,0.0,0.0,430532.0,4858187668.0,0,504573
669359,8,2023-06-18,283,294,49,331,0,0,0,0.0,0.0,430532.0,4858187668.0,0,586966
751751,8,2023-06-19,283,294,49,331,0,0,0,0.0,0.0,0.0,0.0,0,669359
1381516,8,2023-11-27,283,294,49,331,0,0,0,0.0,0.0,35657.0,4023589366.0,0,751751
1564116,8,2024-02-06,283,294,49,331,0,0,0,0.0,0.0,323196.0,3646992143.0,0,1381516
1788589,8,2024-03-30,283,294,49,331,0,0,0,0.0,0.0,340594.0,3843313785.0,0,1564116
1893809,8,2024-05-12,283,294,49,331,0,0,0,1838.0,20740268.0,325994.0,3678565195.0,0,1788589
10115,8,2023-06-04,287,294,49,331,0,0,0,0.0,0.0,19917.0,224746416.0,0,0
92609,8,2023-06-05,287,294,49,331,0,0,0,0.0,0.0,19917.0,224746416.0,0,10115
175002,8,2023-06-06,287,294,49,331,0,0,0,0.0,0.0,19917.0,224746416.0,0,92609
257395,8,2023-06-07,287,294,49,331,0,0,0,0.0,0.0,19917.0,224746416.0,0,175002
339788,8,2023-06-08,287,294,49,331,0,0,0,0.0,0.0,19917.0,224746416.0,0,257395
422181,8,2023-06-15,287,294,49,331,0,0,0,0.0,0.0,19917.0,224746416.0,0,339788
504574,8,2023-06-16,287,294,49,331,0,0,0,0.0,0.0,19917.0,224746416.0,0,422181
586967,8,2023-06-17,287,294,49,331,0,0,0,0.0,0.0,19917.0,224746416.0,0,504574
669360,8,2023-06-18,287,294,49,331,0,0,0,0.0,0.0,19917.0,224746416.0,0,586967
751752,8,2023-06-19,287,294,49,331,0,0,0,0.0,0.0,0.0,0.0,0,669360
1564117,8,2024-02-06,287,294,49,340,0,0,0,0.0,0.0,0.0,0.0,0,751752
10116,8,2023-06-04,296,294,49,378,0,0,0,0.0,0.0,1108685.0,1251056784.0,0,0
92610,8,2023-06-05,296,294,49,378,0,0,0,0.0,0.0,1108685.0,1251056784.0,0,10116
175003,8,2023-06-06,296,294,49,378,0,0,0,0.0,0.0,1108685.0,1251056784.0,0,92610
257396,8,2023-06-07,296,294,49,378,0,0,0,0.0,0.0,1108685.0,1251056784.0,0,175003
339789,8,2023-06-08,296,294,49,378,0,0,0,0.0,0.0,1108685.0,1251056784.0,0,257396
422182,8,2023-06-15,296,294,49,378,0,0,0,0.0,0.0,1108685.0,1251056784.0,0,339789
504575,8,2023-06-16,296,294,49,378,0,0,0,0.0,0.0,1108685.0,1251056784.0,0,422182
586968,8,2023-06-17,296,294,49,378,0,0,0,0.0,0.0,1108685.0,1251056784.0,0,504575
669361,8,2023-06-18,296,294,49,378,0,0,0,0.0,0.0,1108685.0,1251056784.0,0,586968
751753,8,2023-06-19,296,294,49,378,0,0,0,0.0,0.0,0.0,0.0,0,669361
1381517,8,2023-11-27,296,294,49,378,0,0,0,0.0,0.0,1108685.0,1251056784.0,0,751753
1564118,8,2024-02-06,296,294,49,378,0,0,0,0.0,0.0,1108685.0,1251056784.0,0,1381517
1788590,8,2024-03-30,296,294,49,378,0,0,0,0.0,0.0,1108685.0,1251056784.0,0,1564118
1893810,8,2024-05-12,296,294,49,378,0,0,0,0.0,0.0,1108685.0,1251056784.0,0,1788590
10117,8,2023-06-04,297,294,49,378,0,0,0,0.0,0.0,1108685.0,1251056784.0,0,0
92611,8,2023-06-05,297,294,49,378,0,0,0,0.0,0.0,1108685.0,1251056784.0,0,10117
175004,8,2023-06-06,297,294,49,378,0,0,0,0.0,0.0,1108685.0,1251056784.0,0,92611
257397,8,2023-06-07,297,294,49,378,0,0,0,0.0,0.0,1108685.0,1251056784.0,0,175004
339790,8,2023-06-08,297,294,49,378,0,0,0,0.0,0.0,1108685.0,1251056784.0,0,257397
422183,8,2023-06-15,297,294,49,378,0,0,0,0.0,0.0,1108685.0,1251056784.0,0,339790
504576,8,2023-06-16,297,294,49,378,0,0,0,0.0,0.0,1108685.0,1251056784.0,0,422183
586969,8,2023-06-17,297,294,49,378,0,0,0,0.0,0.0,1108685.0,1251056784.0,0,504576
669362,8,2023-06-18,297,294,49,378,0,0,0,0.0,0.0,1108685.0,1251056784.0,0,586969
751754,8,2023-06-19,297,294,49,378,0,0,0,0.0,0.0,0.0,0.0,0,669362
1381518,8,2023-11-27,297,294,49,378,0,0,0,0.0,0.0,1108685.0,1251056784.0,0,751754
1564119,8,2024-02-06,297,294,49,378,0,0,0,0.0,0.0,1108685.0,1251056784.0,0,1381518
1788591,8,2024-03-30,297,294,49,378,0,0,0,0.0,0.0,1108685.0,1251056784.0,0,1564119
1893811,8,2024-05-12,297,294,49,378,0,0,0,0.0,0.0,1108685.0,1251056784.0,0,1788591
10118,8,2023-06-04,300,294,49,378,0,0,0,0.0,0.0,2414321.0,2724356031.0,0,0
92612,8,2023-06-05,300,294,49,378,0,0,0,0.0,0.0,2414321.0,2724356031.0,0,10118
175005,8,2023-06-06,300,294,49,378,0,0,0,0.0,0.0,2414321.0,2724356031.0,0,92612
257398,8,2023-06-07,300,294,49,378,0,0,0,0.0,0.0,2414321.0,2724356031.0,0,175005
339791,8,2023-06-08,300,294,49,378,0,0,0,0.0,0.0,2414321.0,2724356031.0,0,257398
422184,8,2023-06-15,300,294,49,378,0,0,0,0.0,0.0,2414321.0,2724356031.0,0,339791
504577,8,2023-06-16,300,294,49,378,0,0,0,0.0,0.0,2414321.0,2724356031.0,0,422184
586970,8,2023-06-17,300,294,49,378,0,0,0,0.0,0.0,2414321.0,2724356031.0,0,504577
669363,8,2023-06-18,300,294,49,378,0,0,0,0.0,0.0,2414321.0,2724356031.0,0,586970
751755,8,2023-06-19,300,294,49,378,0,0,0,0.0,0.0,0.0,0.0,0,669363
1381519,8,2023-11-27,300,294,49,378,0,0,0,0.0,0.0,2414321.0,2724356031.0,0,751755
1564120,8,2024-02-06,300,294,49,378,0,0,0,0.0,0.0,2414321.0,2724356031.0,0,1381519
1788592,8,2024-03-30,300,294,49,378,0,0,0,0.0,0.0,2414321.0,2724356031.0,0,1564120
1893812,8,2024-05-12,300,294,49,378,0,0,0,0.0,0.0,2414321.0,2724356031.0,0,1788592
10119,8,2023-06-04,301,294,49,378,0,0,0,0.0,0.0,2414321.0,2724356031.0,0,0
92613,8,2023-06-05,301,294,49,378,0,0,0,0.0,0.0,2414321.0,2724356031.0,0,10119
175006,8,2023-06-06,301,294,49,378,0,0,0,0.0,0.0,2414321.0,2724356031.0,0,92613
257399,8,2023-06-07,301,294,49,378,0,0,0,0.0,0.0,2414321.0,2724356031.0,0,175006
339792,8,2023-06-08,301,294,49,378,0,0,0,0.0,0.0,2414321.0,2724356031.0,0,257399
422185,8,2023-06-15,301,294,49,378,0,0,0,0.0,0.0,2414321.0,2724356031.0,0,339792
504578,8,2023-06-16,301,294,49,378,0,0,0,0.0,0.0,2414321.0,2724356031.0,0,422185
586971,8,2023-06-17,301,294,49,378,0,0,0,0.0,0.0,2414321.0,2724356031.0,0,504578
669364,8,2023-06-18,301,294,49,378,0,0,0,0.0,0.0,2414321.0,2724356031.0,0,586971
751756,8,2023-06-19,301,294,49,378,0,0,0,0.0,0.0,0.0,0.0,0,669364
1381520,8,2023-11-27,301,294,49,378,0,0,0,0.0,0.0,2414321.0,2724356031.0,0,751756
1564121,8,2024-02-06,301,294,49,378,0,0,0,0.0,0.0,2414321.0,2724356031.0,0,1381520
1788593,8,2024-03-30,301,294,49,378,0,0,0,0.0,0.0,2414321.0,2724356031.0,0,1564121
1893813,8,2024-05-12,301,294,49,378,0,0,0,0.0,0.0,2414321.0,2724356031.0,0,1788593
10120,8,2023-06-04,307,294,49,331,0,0,0,0.0,0.0,1457514.0,164468066.0,0,0
92614,8,2023-06-05,307,294,49,331,0,0,0,0.0,0.0,1457514.0,164468066.0,0,10120
175007,8,2023-06-06,307,294,49,331,0,0,0,0.0,0.0,1457514.0,164468066.0,0,92614
257400,8,2023-06-07,307,294,49,331,0,0,0,0.0,0.0,1457514.0,164468066.0,0,175007
339793,8,2023-06-08,307,294,49,331,0,0,0,0.0,0.0,1457514.0,164468066.0,0,257400
422186,8,2023-06-15,307,294,49,331,0,0,0,0.0,0.0,1457514.0,164468066.0,0,339793
504579,8,2023-06-16,307,294,49,331,0,0,0,0.0,0.0,1457514.0,164468066.0,0,422186
586972,8,2023-06-17,307,294,49,331,0,0,0,0.0,0.0,1457514.0,164468066.0,0,504579
669365,8,2023-06-18,307,294,49,331,0,0,0,0.0,0.0,1457514.0,164468066.0,0,586972
751757,8,2023-06-19,307,294,49,331,0,0,0,0.0,0.0,0.0,0.0,0,669365
1381521,8,2023-11-27,307,294,49,331,0,0,0,0.0,0.0,1401868.0,1581888879.0,0,751757
1564122,8,2024-02-06,307,294,49,331,0,0,0,0.0,0.0,1411616.0,1592888669.0,0,1381521
1788594,8,2024-03-30,307,294,49,373,0,0,0,0.0,0.0,1399601.0,1579330762.0,0,1564122
1893814,8,2024-05-12,307,294,49,374,0,0,0,9736.0,109862484.0,1399601.0,1579330762.0,0,1788594
10121,8,2023-06-04,308,294,49,331,0,0,0,0.0,0.0,1457514.0,164468066.0,0,0
92615,8,2023-06-05,308,294,49,331,0,0,0,0.0,0.0,1457514.0,164468066.0,0,10121
175008,8,2023-06-06,308,294,49,331,0,0,0,0.0,0.0,1457514.0,164468066.0,0,92615
257401,8,2023-06-07,308,294,49,331,0,0,0,0.0,0.0,1457514.0,164468066.0,0,175008
339794,8,2023-06-08,308,294,49,331,0,0,0,0.0,0.0,1457514.0,164468066.0,0,257401
422187,8,2023-06-15,308,294,49,331,0,0,0,0.0,0.0,1457514.0,164468066.0,0,339794
504580,8,2023-06-16,308,294,49,331,0,0,0,0.0,0.0,1457514.0,164468066.0,0,422187
586973,8,2023-06-17,308,294,49,331,0,0,0,0.0,0.0,1457514.0,164468066.0,0,504580
669366,8,2023-06-18,308,294,49,331,0,0,0,0.0,0.0,1457514.0,164468066.0,0,586973
751758,8,2023-06-19,308,294,49,331,0,0,0,0.0,0.0,0.0,0.0,0,669366
1381522,8,2023-11-27,308,294,49,331,0,0,0,0.0,0.0,1401868.0,1581888879.0,0,751758
1564123,8,2024-02-06,308,294,49,331,0,0,0,0.0,0.0,1411616.0,1592888669.0,0,1381522
1788595,8,2024-03-30,308,294,49,373,0,0,0,0.0,0.0,1399601.0,1579330762.0,0,1564123
1893815,8,2024-05-12,308,294,49,374,0,0,0,9736.0,109862484.0,1399601.0,1579330762.0,0,1788595
10122,8,2023-06-04,310,294,49,377,0,0,0,7904.0,89189922.0,1325683.0,1495920582.0,0,0
92616,8,2023-06-05,310,294,49,377,0,0,0,7904.0,89189922.0,1325683.0,1495920582.0,0,10122
175009,8,2023-06-06,310,294,49,377,0,0,0,7904.0,89189922.0,1325683.0,1495920582.0,0,92616
257402,8,2023-06-07,310,294,49,377,0,0,0,7904.0,89189922.0,1325683.0,1495920582.0,0,175009
339795,8,2023-06-08,310,294,49,377,0,0,0,7904.0,89189922.0,1325683.0,1495920582.0,0,257402
422188,8,2023-06-15,310,294,49,377,0,0,0,7904.0,89189922.0,1325683.0,1495920582.0,0,339795
504581,8,2023-06-16,310,294,49,377,0,0,0,7904.0,89189922.0,1325683.0,1495920582.0,0,422188
586974,8,2023-06-17,310,294,49,377,0,0,0,7904.0,89189922.0,1325683.0,1495920582.0,0,504581
669367,8,2023-06-18,310,294,49,377,0,0,0,7904.0,89189922.0,1325683.0,1495920582.0,0,586974
751759,8,2023-06-19,310,294,49,377,0,0,0,0.0,0.0,0.0,0.0,0,669367
1381523,8,2023-11-27,310,294,49,377,0,0,0,7904.0,89189922.0,1325683.0,1495920582.0,0,751759
1564124,8,2024-02-06,310,294,49,377,0,0,0,7904.0,89189922.0,1325683.0,1495920582.0,0,1381523
1788596,8,2024-03-30,310,294,49,377,0,0,0,7904.0,89189922.0,1325683.0,1495920582.0,0,1564124
1893816,8,2024-05-12,310,294,49,377,0,0,0,7904.0,89189922.0,1325683.0,1495920582.0,0,1788596
10123,8,2023-06-04,311,294,49,378,0,0,0,0.0,0.0,956612.0,107945533.0,0,0
92617,8,2023-06-05,311,294,49,378,0,0,0,0.0,0.0,956612.0,107945533.0,0,10123
175010,8,2023-06-06,311,294,49,378,0,0,0,0.0,0.0,956612.0,107945533.0,0,92617
257403,8,2023-06-07,311,294,49,378,0,0,0,0.0,0.0,956612.0,107945533.0,0,175010
339796,8,2023-06-08,311,294,49,378,0,0,0,0.0,0.0,956612.0,107945533.0,0,257403
422189,8,2023-06-15,311,294,49,378,0,0,0,0.0,0.0,956612.0,107945533.0,0,339796
504582,8,2023-06-16,311,294,49,378,0,0,0,0.0,0.0,956612.0,107945533.0,0,422189
586975,8,2023-06-17,311,294,49,378,0,0,0,0.0,0.0,956612.0,107945533.0,0,504582
669368,8,2023-06-18,311,294,49,378,0,0,0,0.0,0.0,956612.0,107945533.0,0,586975
751760,8,2023-06-19,311,294,49,378,0,0,0,0.0,0.0,0.0,0.0,0,669368
1381524,8,2023-11-27,311,294,49,378,0,0,0,0.0,0.0,858896.0,9691911298.0,0,751760
1564125,8,2024-02-06,311,294,49,378,0,0,0,0.0,0.0,858896.0,9691911298.0,0,1381524
1788597,8,2024-03-30,311,294,49,378,0,0,0,0.0,0.0,831612.0,938403455.0,0,1564125
1893817,8,2024-05-12,311,294,49,378,0,0,0,0.0,0.0,831612.0,938403455.0,0,1788597
10124,8,2023-06-04,312,294,49,377,0,0,0,8813.0,99447214.0,1464258.0,1652290691.0,0,0
92618,8,2023-06-05,312,294,49,377,0,0,0,8813.0,99447214.0,1464258.0,1652290691.0,0,10124
175011,8,2023-06-06,312,294,49,377,0,0,0,8813.0,99447214.0,1464258.0,1652290691.0,0,92618
257404,8,2023-06-07,312,294,49,377,0,0,0,8813.0,99447214.0,1464258.0,1652290691.0,0,175011
339797,8,2023-06-08,312,294,49,377,0,0,0,8813.0,99447214.0,1464258.0,1652290691.0,0,257404
422190,8,2023-06-15,312,294,49,377,0,0,0,8813.0,99447214.0,1464258.0,1652290691.0,0,339797
504583,8,2023-06-16,312,294,49,377,0,0,0,8813.0,99447214.0,1464258.0,1652290691.0,0,422190
586976,8,2023-06-17,312,294,49,377,0,0,0,8813.0,99447214.0,1464258.0,1652290691.0,0,504583
669369,8,2023-06-18,312,294,49,377,0,0,0,8813.0,99447214.0,1464258.0,1652290691.0,0,586976
751761,8,2023-06-19,312,294,49,377,0,0,0,0.0,0.0,0.0,0.0,0,669369
1381525,8,2023-11-27,312,294,49,377,0,0,0,8813.0,99447214.0,1464258.0,1652290691.0,0,751761
1564126,8,2024-02-06,312,294,49,377,0,0,0,8813.0,99447214.0,1464258.0,1652290691.0,0,1381525
1788598,8,2024-03-30,312,294,49,377,0,0,0,8813.0,99447214.0,1464258.0,1652290691.0,0,1564126
1893818,8,2024-05-12,312,294,49,377,0,0,0,8813.0,99447214.0,1464258.0,1652290691.0,0,1788598
10125,8,2023-06-04,313,294,49,331,0,0,0,0.0,0.0,2737586.0,3089133106.0,0,0
92619,8,2023-06-05,313,294,49,331,0,0,0,0.0,0.0,2737586.0,3089133106.0,0,10125
175012,8,2023-06-06,313,294,49,331,0,0,0,0.0,0.0,2737586.0,3089133106.0,0,92619
257405,8,2023-06-07,313,294,49,331,0,0,0,0.0,0.0,2737586.0,3089133106.0,0,175012
339798,8,2023-06-08,313,294,49,331,0,0,0,0.0,0.0,2737586.0,3089133106.0,0,257405
422191,8,2023-06-15,313,294,49,331,0,0,0,0.0,0.0,2737586.0,3089133106.0,0,339798
504584,8,2023-06-16,313,294,49,331,0,0,0,0.0,0.0,2737586.0,3089133106.0,0,422191
586977,8,2023-06-17,313,294,49,331,0,0,0,0.0,0.0,2737586.0,3089133106.0,0,504584
669370,8,2023-06-18,313,294,49,331,0,0,0,0.0,0.0,2737586.0,3089133106.0,0,586977
751762,8,2023-06-19,313,294,49,331,0,0,0,0.0,0.0,0.0,0.0,0,669370
1381526,8,2023-11-27,313,294,49,331,0,0,0,0.0,0.0,2666849.0,3009312414.0,0,751762
1564127,8,2024-02-06,313,294,49,331,0,0,0,0.0,0.0,2696737.0,3043038482.0,0,1381526
1788599,8,2024-03-30,313,294,49,331,0,0,0,0.0,0.0,2667846.0,3010437444.0,0,1564127
1893819,8,2024-05-12,313,294,49,331,0,0,0,16385.0,184890798.0,2617452.0,2953572099.0,0,1788599
10126,8,2023-06-04,314,294,49,331,0,0,0,0.0,0.0,2737586.0,3089133106.0,0,0
92620,8,2023-06-05,314,294,49,331,0,0,0,0.0,0.0,2737586.0,3089133106.0,0,10126
175013,8,2023-06-06,314,294,49,331,0,0,0,0.0,0.0,2737586.0,3089133106.0,0,92620
257406,8,2023-06-07,314,294,49,331,0,0,0,0.0,0.0,2737586.0,3089133106.0,0,175013
339799,8,2023-06-08,314,294,49,331,0,0,0,0.0,0.0,2737586.0,3089133106.0,0,257406
422192,8,2023-06-15,314,294,49,331,0,0,0,0.0,0.0,2737586.0,3089133106.0,0,339799
504585,8,2023-06-16,314,294,49,331,0,0,0,0.0,0.0,2737586.0,3089133106.0,0,422192
586978,8,2023-06-17,314,294,49,331,0,0,0,0.0,0.0,2737586.0,3089133106.0,0,504585
669371,8,2023-06-18,314,294,49,331,0,0,0,0.0,0.0,2737586.0,3089133106.0,0,586978
751763,8,2023-06-19,314,294,49,331,0,0,0,0.0,0.0,0.0,0.0,0,669371
1381527,8,2023-11-27,314,294,49,331,0,0,0,0.0,0.0,2666849.0,3009312414.0,0,751763
1564128,8,2024-02-06,314,294,49,331,0,0,0,0.0,0.0,2696737.0,3043038482.0,0,1381527
1788600,8,2024-03-30,314,294,49,331,0,0,0,0.0,0.0,2667846.0,3010437444.0,0,1564128
1893820,8,2024-05-12,314,294,49,331,0,0,0,16385.0,184890798.0,2617452.0,2953572099.0,0,1788600
10127,8,2023-06-04,319,294,49,331,0,0,0,0.0,0.0,73961.0,834587018.0,0,0
92621,8,2023-06-05,319,294,49,331,0,0,0,0.0,0.0,73961.0,834587018.0,0,10127
175014,8,2023-06-06,319,294,49,331,0,0,0,0.0,0.0,73961.0,834587018.0,0,92621
257407,8,2023-06-07,319,294,49,331,0,0,0,0.0,0.0,73961.0,834587018.0,0,175014
339800,8,2023-06-08,319,294,49,331,0,0,0,0.0,0.0,73961.0,834587018.0,0,257407
422193,8,2023-06-15,319,294,49,331,0,0,0,0.0,0.0,73961.0,834587018.0,0,339800
504586,8,2023-06-16,319,294,49,331,0,0,0,0.0,0.0,73961.0,834587018.0,0,422193
586979,8,2023-06-17,319,294,49,331,0,0,0,0.0,0.0,73961.0,834587018.0,0,504586
669372,8,2023-06-18,319,294,49,331,0,0,0,0.0,0.0,73961.0,834587018.0,0,586979
751764,8,2023-06-19,319,294,49,331,0,0,0,0.0,0.0,0.0,0.0,0,669372
1381528,8,2023-11-27,319,294,49,373,0,0,0,0.0,0.0,49914.0,563237063.0,0,751764
1564129,8,2024-02-06,319,294,49,373,0,0,0,0.0,0.0,40216.0,453803376.0,0,1381528
1788601,8,2024-03-30,319,294,49,331,0,0,0,0.0,0.0,37736.0,425818684.0,0,1564129
1893821,8,2024-05-12,319,294,49,331,0,0,0,212.0,239224.0,34533.0,389675552.0,0,1788601
10128,8,2023-06-04,322,294,49,331,0,0,0,0.0,0.0,709708.0,8008451528.0,0,0
92622,8,2023-06-05,322,294,49,331,0,0,0,0.0,0.0,709708.0,8008451528.0,0,10128
175015,8,2023-06-06,322,294,49,331,0,0,0,0.0,0.0,709708.0,8008451528.0,0,92622
257408,8,2023-06-07,322,294,49,331,0,0,0,0.0,0.0,709708.0,8008451528.0,0,175015
339801,8,2023-06-08,322,294,49,331,0,0,0,0.0,0.0,709708.0,8008451528.0,0,257408
422194,8,2023-06-15,322,294,49,331,0,0,0,0.0,0.0,709708.0,8008451528.0,0,339801
504587,8,2023-06-16,322,294,49,331,0,0,0,0.0,0.0,709708.0,8008451528.0,0,422194
586980,8,2023-06-17,322,294,49,331,0,0,0,0.0,0.0,709708.0,8008451528.0,0,504587
669373,8,2023-06-18,322,294,49,331,0,0,0,0.0,0.0,709708.0,8008451528.0,0,586980
751765,8,2023-06-19,322,294,49,331,0,0,0,0.0,0.0,0.0,0.0,0,669373
1564130,8,2024-02-06,322,294,49,340,0,0,0,0.0,0.0,0.0,0.0,0,751765
10129,8,2023-06-04,325,294,49,373,0,0,0,0.0,0.0,130156.0,1468699827.0,0,0
92623,8,2023-06-05,325,294,49,373,0,0,0,0.0,0.0,130156.0,1468699827.0,0,10129
175016,8,2023-06-06,325,294,49,373,0,0,0,0.0,0.0,130156.0,1468699827.0,0,92623
257409,8,2023-06-07,325,294,49,373,0,0,0,0.0,0.0,130156.0,1468699827.0,0,175016
339802,8,2023-06-08,325,294,49,373,0,0,0,0.0,0.0,130156.0,1468699827.0,0,257409
422195,8,2023-06-15,325,294,49,373,0,0,0,0.0,0.0,130156.0,1468699827.0,0,339802
504588,8,2023-06-16,325,294,49,373,0,0,0,0.0,0.0,130156.0,1468699827.0,0,422195
586981,8,2023-06-17,325,294,49,373,0,0,0,0.0,0.0,130156.0,1468699827.0,0,504588
669374,8,2023-06-18,325,294,49,373,0,0,0,0.0,0.0,130156.0,1468699827.0,0,586981
751766,8,2023-06-19,325,294,49,373,0,0,0,0.0,0.0,0.0,0.0,0,669374
1381529,8,2023-11-27,325,294,49,373,0,0,0,0.0,0.0,93618.0,1056399555.0,0,751766
1564131,8,2024-02-06,325,294,49,373,0,0,0,0.0,0.0,97556.0,1100836537.0,0,1381529
1788602,8,2024-03-30,325,294,49,373,0,0,0,0.0,0.0,7034.0,793727111.0,0,1564131
1893822,8,2024-05-12,325,294,49,373,0,0,0,34.0,3836611.0,64188.0,72430702.0,0,1788602
10130,8,2023-06-04,326,294,49,374,0,0,0,0.0,0.0,1451217.0,1637575031.0,0,0
92624,8,2023-06-05,326,294,49,374,0,0,0,0.0,0.0,1451217.0,1637575031.0,0,10130
175017,8,2023-06-06,326,294,49,374,0,0,0,0.0,0.0,1451217.0,1637575031.0,0,92624
257410,8,2023-06-07,326,294,49,374,0,0,0,0.0,0.0,1451217.0,1637575031.0,0,175017
339803,8,2023-06-08,326,294,49,374,0,0,0,0.0,0.0,1451217.0,1637575031.0,0,257410
422196,8,2023-06-15,326,294,49,374,0,0,0,0.0,0.0,1451217.0,1637575031.0,0,339803
504589,8,2023-06-16,326,294,49,374,0,0,0,0.0,0.0,1451217.0,1637575031.0,0,422196
586982,8,2023-06-17,326,294,49,374,0,0,0,0.0,0.0,1451217.0,1637575031.0,0,504589
669375,8,2023-06-18,326,294,49,374,0,0,0,0.0,0.0,1451217.0,1637575031.0,0,586982
751767,8,2023-06-19,326,294,49,374,0,0,0,0.0,0.0,0.0,0.0,0,669375
1381530,8,2023-11-27,326,294,49,377,0,0,0,12768.0,144076027.0,1478864.0,1668772321.0,0,751767
1564132,8,2024-02-06,326,294,49,377,0,0,0,12768.0,144076027.0,1478864.0,1668772321.0,0,1381530
1788603,8,2024-03-30,326,294,49,377,0,0,0,12768.0,144076027.0,1441041.0,162609228.0,0,1564132
1893823,8,2024-05-12,326,294,49,377,0,0,0,12768.0,144076027.0,1441041.0,162609228.0,0,1788603
10131,8,2023-06-04,333,294,49,331,0,0,0,0.0,0.0,233652.0,2636564216.0,0,0
92625,8,2023-06-05,333,294,49,331,0,0,0,0.0,0.0,233652.0,2636564216.0,0,10131
175018,8,2023-06-06,333,294,49,331,0,0,0,0.0,0.0,233652.0,2636564216.0,0,92625
257411,8,2023-06-07,333,294,49,331,0,0,0,0.0,0.0,233652.0,2636564216.0,0,175018
339804,8,2023-06-08,333,294,49,331,0,0,0,0.0,0.0,233652.0,2636564216.0,0,257411
422197,8,2023-06-15,333,294,49,331,0,0,0,0.0,0.0,233652.0,2636564216.0,0,339804
504590,8,2023-06-16,333,294,49,331,0,0,0,0.0,0.0,233652.0,2636564216.0,0,422197
586983,8,2023-06-17,333,294,49,331,0,0,0,0.0,0.0,233652.0,2636564216.0,0,504590
669376,8,2023-06-18,333,294,49,331,0,0,0,0.0,0.0,233652.0,2636564216.0,0,586983
751768,8,2023-06-19,333,294,49,331,0,0,0,0.0,0.0,0.0,0.0,0,669376
1381531,8,2023-11-27,333,294,49,331,0,0,0,0.0,0.0,106579.0,1202653423.0,0,751768
1564133,8,2024-02-06,333,294,49,331,0,0,0,0.0,0.0,96142.0,1084880749.0,0,1381531
1788604,8,2024-03-30,333,294,49,331,0,0,0,0.0,0.0,66485.0,750226713.0,0,1564133
1893824,8,2024-05-12,333,294,49,331,0,0,0,317.0,3577076.0,52479.0,592180908.0,0,1788604
10132,8,2023-06-04,334,294,49,331,0,0,0,0.0,0.0,233652.0,2636564216.0,0,0
92626,8,2023-06-05,334,294,49,331,0,0,0,0.0,0.0,233652.0,2636564216.0,0,10132
175019,8,2023-06-06,334,294,49,331,0,0,0,0.0,0.0,233652.0,2636564216.0,0,92626
257412,8,2023-06-07,334,294,49,331,0,0,0,0.0,0.0,233652.0,2636564216.0,0,175019
339805,8,2023-06-08,334,294,49,331,0,0,0,0.0,0.0,233652.0,2636564216.0,0,257412
422198,8,2023-06-15,334,294,49,331,0,0,0,0.0,0.0,233652.0,2636564216.0,0,339805
504591,8,2023-06-16,334,294,49,331,0,0,0,0.0,0.0,233652.0,2636564216.0,0,422198
586984,8,2023-06-17,334,294,49,331,0,0,0,0.0,0.0,233652.0,2636564216.0,0,504591
669377,8,2023-06-18,334,294,49,331,0,0,0,0.0,0.0,233652.0,2636564216.0,0,586984
751769,8,2023-06-19,334,294,49,331,0,0,0,0.0,0.0,0.0,0.0,0,669377
1381532,8,2023-11-27,334,294,49,331,0,0,0,0.0,0.0,106579.0,1202653423.0,0,751769
1564134,8,2024-02-06,334,294,49,331,0,0,0,0.0,0.0,96142.0,1084880749.0,0,1381532
1788605,8,2024-03-30,334,294,49,331,0,0,0,0.0,0.0,66485.0,750226713.0,0,1564134
1893825,8,2024-05-12,334,294,49,331,0,0,0,317.0,3577076.0,52479.0,592180908.0,0,1788605
10133,8,2023-06-04,335,294,49,377,0,0,0,0.0,0.0,1514111.0,1708545564.0,0,0
92627,8,2023-06-05,335,294,49,377,0,0,0,0.0,0.0,1514111.0,1708545564.0,0,10133
175020,8,2023-06-06,335,294,49,377,0,0,0,0.0,0.0,1514111.0,1708545564.0,0,92627
257413,8,2023-06-07,335,294,49,377,0,0,0,0.0,0.0,1514111.0,1708545564.0,0,175020
339806,8,2023-06-08,335,294,49,377,0,0,0,0.0,0.0,1514111.0,1708545564.0,0,257413
422199,8,2023-06-15,335,294,49,377,0,0,0,0.0,0.0,1514111.0,1708545564.0,0,339806
504592,8,2023-06-16,335,294,49,377,0,0,0,0.0,0.0,1514111.0,1708545564.0,0,422199
586985,8,2023-06-17,335,294,49,377,0,0,0,0.0,0.0,1514111.0,1708545564.0,0,504592
669378,8,2023-06-18,335,294,49,377,0,0,0,0.0,0.0,1514111.0,1708545564.0,0,586985
751770,8,2023-06-19,335,294,49,377,0,0,0,0.0,0.0,0.0,0.0,0,669378
1381533,8,2023-11-27,335,294,49,377,0,0,0,0.0,0.0,1514111.0,1708545564.0,0,751770
1564135,8,2024-02-06,335,294,49,377,0,0,0,0.0,0.0,1514111.0,1708545564.0,0,1381533
1788606,8,2024-03-30,335,294,49,377,0,0,0,0.0,0.0,1514111.0,1708545564.0,0,1564135
1893826,8,2024-05-12,335,294,49,377,0,0,0,0.0,0.0,1514111.0,1708545564.0,0,1788606
10134,8,2023-06-04,337,294,49,331,0,0,0,0.0,0.0,1528814.0,172513665.0,0,0
92628,8,2023-06-05,337,294,49,331,0,0,0,0.0,0.0,1528814.0,172513665.0,0,10134
175021,8,2023-06-06,337,294,49,331,0,0,0,0.0,0.0,1528814.0,172513665.0,0,92628
257414,8,2023-06-07,337,294,49,331,0,0,0,0.0,0.0,1528814.0,172513665.0,0,175021
339807,8,2023-06-08,337,294,49,331,0,0,0,0.0,0.0,1528814.0,172513665.0,0,257414
422200,8,2023-06-15,337,294,49,331,0,0,0,0.0,0.0,1528814.0,172513665.0,0,339807
504593,8,2023-06-16,337,294,49,331,0,0,0,0.0,0.0,1528814.0,172513665.0,0,422200
586986,8,2023-06-17,337,294,49,331,0,0,0,0.0,0.0,1528814.0,172513665.0,0,504593
669379,8,2023-06-18,337,294,49,331,0,0,0,0.0,0.0,1528814.0,172513665.0,0,586986
751771,8,2023-06-19,337,294,49,331,0,0,0,0.0,0.0,0.0,0.0,0,669379
1564136,8,2024-02-06,337,294,49,340,0,0,0,0.0,0.0,0.0,0.0,0,751771
10135,8,2023-06-04,338,294,49,331,0,0,0,0.0,0.0,1528814.0,172513665.0,0,0
92629,8,2023-06-05,338,294,49,331,0,0,0,0.0,0.0,1528814.0,172513665.0,0,10135
175022,8,2023-06-06,338,294,49,331,0,0,0,0.0,0.0,1528814.0,172513665.0,0,92629
257415,8,2023-06-07,338,294,49,331,0,0,0,0.0,0.0,1528814.0,172513665.0,0,175022
339808,8,2023-06-08,338,294,49,331,0,0,0,0.0,0.0,1528814.0,172513665.0,0,257415
422201,8,2023-06-15,338,294,49,331,0,0,0,0.0,0.0,1528814.0,172513665.0,0,339808
504594,8,2023-06-16,338,294,49,331,0,0,0,0.0,0.0,1528814.0,172513665.0,0,422201
586987,8,2023-06-17,338,294,49,331,0,0,0,0.0,0.0,1528814.0,172513665.0,0,504594
669380,8,2023-06-18,338,294,49,331,0,0,0,0.0,0.0,1528814.0,172513665.0,0,586987
751772,8,2023-06-19,338,294,49,331,0,0,0,0.0,0.0,0.0,0.0,0,669380
1564137,8,2024-02-06,338,294,49,340,0,0,0,0.0,0.0,0.0,0.0,0,751772
10136,8,2023-06-04,339,294,49,378,0,0,0,0.0,0.0,114196.0,1288604793.0,0,0
92630,8,2023-06-05,339,294,49,378,0,0,0,0.0,0.0,114196.0,1288604793.0,0,10136
175023,8,2023-06-06,339,294,49,378,0,0,0,0.0,0.0,114196.0,1288604793.0,0,92630
257416,8,2023-06-07,339,294,49,378,0,0,0,0.0,0.0,114196.0,1288604793.0,0,175023
339809,8,2023-06-08,339,294,49,378,0,0,0,0.0,0.0,114196.0,1288604793.0,0,257416
422202,8,2023-06-15,339,294,49,378,0,0,0,0.0,0.0,114196.0,1288604793.0,0,339809
504595,8,2023-06-16,339,294,49,378,0,0,0,0.0,0.0,114196.0,1288604793.0,0,422202
586988,8,2023-06-17,339,294,49,378,0,0,0,0.0,0.0,114196.0,1288604793.0,0,504595
669381,8,2023-06-18,339,294,49,378,0,0,0,0.0,0.0,114196.0,1288604793.0,0,586988
751773,8,2023-06-19,339,294,49,378,0,0,0,0.0,0.0,0.0,0.0,0,669381
1381534,8,2023-11-27,339,294,49,378,0,0,0,0.0,0.0,114196.0,1288604793.0,0,751773
1564138,8,2024-02-06,339,294,49,378,0,0,0,0.0,0.0,114196.0,1288604793.0,0,1381534
1788607,8,2024-03-30,339,294,49,378,0,0,0,0.0,0.0,114196.0,1288604793.0,0,1564138
1893827,8,2024-05-12,339,294,49,378,0,0,0,0.0,0.0,114196.0,1288604793.0,0,1788607
10137,8,2023-06-04,340,294,49,378,0,0,0,0.0,0.0,114196.0,1288604793.0,0,0
92631,8,2023-06-05,340,294,49,378,0,0,0,0.0,0.0,114196.0,1288604793.0,0,10137
175024,8,2023-06-06,340,294,49,378,0,0,0,0.0,0.0,114196.0,1288604793.0,0,92631
257417,8,2023-06-07,340,294,49,378,0,0,0,0.0,0.0,114196.0,1288604793.0,0,175024
339810,8,2023-06-08,340,294,49,378,0,0,0,0.0,0.0,114196.0,1288604793.0,0,257417
422203,8,2023-06-15,340,294,49,378,0,0,0,0.0,0.0,114196.0,1288604793.0,0,339810
504596,8,2023-06-16,340,294,49,378,0,0,0,0.0,0.0,114196.0,1288604793.0,0,422203
586989,8,2023-06-17,340,294,49,378,0,0,0,0.0,0.0,114196.0,1288604793.0,0,504596
669382,8,2023-06-18,340,294,49,378,0,0,0,0.0,0.0,114196.0,1288604793.0,0,586989
751774,8,2023-06-19,340,294,49,378,0,0,0,0.0,0.0,0.0,0.0,0,669382
1381535,8,2023-11-27,340,294,49,378,0,0,0,0.0,0.0,114196.0,1288604793.0,0,751774
1564139,8,2024-02-06,340,294,49,378,0,0,0,0.0,0.0,114196.0,1288604793.0,0,1381535
1788608,8,2024-03-30,340,294,49,378,0,0,0,0.0,0.0,114196.0,1288604793.0,0,1564139
1893828,8,2024-05-12,340,294,49,378,0,0,0,0.0,0.0,114196.0,1288604793.0,0,1788608
10138,8,2023-06-04,341,294,49,373,0,0,0,0.0,0.0,1188356.0,1340958736.0,0,0
92632,8,2023-06-05,341,294,49,373,0,0,0,0.0,0.0,1188356.0,1340958736.0,0,10138
175025,8,2023-06-06,341,294,49,373,0,0,0,0.0,0.0,1188356.0,1340958736.0,0,92632
257418,8,2023-06-07,341,294,49,373,0,0,0,0.0,0.0,1188356.0,1340958736.0,0,175025
339811,8,2023-06-08,341,294,49,373,0,0,0,0.0,0.0,1188356.0,1340958736.0,0,257418
422204,8,2023-06-15,341,294,49,373,0,0,0,0.0,0.0,1188356.0,1340958736.0,0,339811
504597,8,2023-06-16,341,294,49,373,0,0,0,0.0,0.0,1188356.0,1340958736.0,0,422204
586990,8,2023-06-17,341,294,49,373,0,0,0,0.0,0.0,1188356.0,1340958736.0,0,504597
669383,8,2023-06-18,341,294,49,373,0,0,0,0.0,0.0,1188356.0,1340958736.0,0,586990
751775,8,2023-06-19,341,294,49,373,0,0,0,0.0,0.0,0.0,0.0,0,669383
1381536,8,2023-11-27,341,294,49,373,0,0,0,0.0,0.0,1174638.0,1325479139.0,0,751775
1564140,8,2024-02-06,341,294,49,373,0,0,0,0.0,0.0,1192353.0,1345469011.0,0,1381536
1788609,8,2024-03-30,341,294,49,331,0,0,0,0.0,0.0,1134574.0,128027032.0,0,1564140
1893829,8,2024-05-12,341,294,49,331,0,0,0,8326.0,93951833.0,1114617.0,1257750542.0,0,1788609
10139,8,2023-06-04,342,294,49,331,0,0,0,0.0,0.0,3748716.0,4230107365.0,0,0
92633,8,2023-06-05,342,294,49,331,0,0,0,0.0,0.0,3748716.0,4230107365.0,0,10139
175026,8,2023-06-06,342,294,49,331,0,0,0,0.0,0.0,3748716.0,4230107365.0,0,92633
257419,8,2023-06-07,342,294,49,331,0,0,0,0.0,0.0,3748716.0,4230107365.0,0,175026
339812,8,2023-06-08,342,294,49,331,0,0,0,0.0,0.0,3748716.0,4230107365.0,0,257419
422205,8,2023-06-15,342,294,49,331,0,0,0,0.0,0.0,3748716.0,4230107365.0,0,339812
504598,8,2023-06-16,342,294,49,331,0,0,0,0.0,0.0,3748716.0,4230107365.0,0,422205
586991,8,2023-06-17,342,294,49,331,0,0,0,0.0,0.0,3748716.0,4230107365.0,0,504598
669384,8,2023-06-18,342,294,49,331,0,0,0,0.0,0.0,3748716.0,4230107365.0,0,586991
751776,8,2023-06-19,342,294,49,331,0,0,0,0.0,0.0,0.0,0.0,0,669384
1381537,8,2023-11-27,342,294,49,331,0,0,0,0.0,0.0,3880237.0,4378517634.0,0,751776
1564141,8,2024-02-06,342,294,49,331,0,0,0,0.0,0.0,3800867.0,4288955336.0,0,1381537
1788610,8,2024-03-30,342,294,49,373,0,0,0,0.0,0.0,3991332.0,4503878899.0,0,1564141
1893830,8,2024-05-12,342,294,49,331,0,0,0,24475.0,276179571.0,3869231.0,4366098299.0,0,1788610
10140,8,2023-06-04,343,294,49,331,0,0,0,0.0,0.0,1803278.0,2034845944.0,0,0
92634,8,2023-06-05,343,294,49,331,0,0,0,0.0,0.0,1803278.0,2034845944.0,0,10140
175027,8,2023-06-06,343,294,49,331,0,0,0,0.0,0.0,1803278.0,2034845944.0,0,92634
257420,8,2023-06-07,343,294,49,331,0,0,0,0.0,0.0,1803278.0,2034845944.0,0,175027
339813,8,2023-06-08,343,294,49,331,0,0,0,0.0,0.0,1803278.0,2034845944.0,0,257420
422206,8,2023-06-15,343,294,49,331,0,0,0,0.0,0.0,1803278.0,2034845944.0,0,339813
504599,8,2023-06-16,343,294,49,331,0,0,0,0.0,0.0,1803278.0,2034845944.0,0,422206
586992,8,2023-06-17,343,294,49,331,0,0,0,0.0,0.0,1803278.0,2034845944.0,0,504599
669385,8,2023-06-18,343,294,49,331,0,0,0,0.0,0.0,1803278.0,2034845944.0,0,586992
751777,8,2023-06-19,343,294,49,331,0,0,0,0.0,0.0,0.0,0.0,0,669385
1381538,8,2023-11-27,343,293,49,331,0,0,0,0.0,0.0,2091502.0,2360082229.0,0,751777
1564142,8,2024-02-06,343,293,49,331,0,0,0,0.0,0.0,2076968.0,2343681846.0,0,1381538
1788611,8,2024-03-30,343,293,49,331,0,0,0,0.0,0.0,21233.0,239596357.0,0,1564142
1893831,8,2024-05-12,343,293,49,331,0,0,0,12176.0,13739581.0,2087242.0,2355275181.0,0,1788611
10141,8,2023-06-04,344,294,49,331,0,0,0,0.0,0.0,1803278.0,2034845944.0,0,0
92635,8,2023-06-05,344,294,49,331,0,0,0,0.0,0.0,1803278.0,2034845944.0,0,10141
175028,8,2023-06-06,344,294,49,331,0,0,0,0.0,0.0,1803278.0,2034845944.0,0,92635
257421,8,2023-06-07,344,294,49,331,0,0,0,0.0,0.0,1803278.0,2034845944.0,0,175028
339814,8,2023-06-08,344,294,49,331,0,0,0,0.0,0.0,1803278.0,2034845944.0,0,257421
422207,8,2023-06-15,344,294,49,331,0,0,0,0.0,0.0,1803278.0,2034845944.0,0,339814
504600,8,2023-06-16,344,294,49,331,0,0,0,0.0,0.0,1803278.0,2034845944.0,0,422207
586993,8,2023-06-17,344,294,49,331,0,0,0,0.0,0.0,1803278.0,2034845944.0,0,504600
669386,8,2023-06-18,344,294,49,331,0,0,0,0.0,0.0,1803278.0,2034845944.0,0,586993
751778,8,2023-06-19,344,294,49,331,0,0,0,0.0,0.0,0.0,0.0,0,669386
1381539,8,2023-11-27,344,293,49,331,0,0,0,0.0,0.0,2091502.0,2360082229.0,0,751778
1564143,8,2024-02-06,344,293,49,331,0,0,0,0.0,0.0,2076968.0,2343681846.0,0,1381539
1788612,8,2024-03-30,344,293,49,331,0,0,0,0.0,0.0,21233.0,239596357.0,0,1564143
1893832,8,2024-05-12,344,293,49,331,0,0,0,12176.0,13739581.0,2087242.0,2355275181.0,0,1788612
10142,8,2023-06-04,346,294,49,331,0,0,0,0.0,0.0,1465852.0,1654089385.0,0,0
92636,8,2023-06-05,346,294,49,331,0,0,0,0.0,0.0,1465852.0,1654089385.0,0,10142
175029,8,2023-06-06,346,294,49,331,0,0,0,0.0,0.0,1465852.0,1654089385.0,0,92636
257422,8,2023-06-07,346,294,49,331,0,0,0,0.0,0.0,1465852.0,1654089385.0,0,175029
339815,8,2023-06-08,346,294,49,331,0,0,0,0.0,0.0,1465852.0,1654089385.0,0,257422
422208,8,2023-06-15,346,294,49,331,0,0,0,0.0,0.0,1465852.0,1654089385.0,0,339815
504601,8,2023-06-16,346,294,49,331,0,0,0,0.0,0.0,1465852.0,1654089385.0,0,422208
586994,8,2023-06-17,346,294,49,331,0,0,0,0.0,0.0,1465852.0,1654089385.0,0,504601
669387,8,2023-06-18,346,294,49,331,0,0,0,0.0,0.0,1465852.0,1654089385.0,0,586994
751779,8,2023-06-19,346,294,49,331,0,0,0,0.0,0.0,0.0,0.0,0,669387
1381540,8,2023-11-27,346,294,49,373,0,0,0,0.0,0.0,1587835.0,1791736832.0,0,751779
1564144,8,2024-02-06,346,294,49,373,0,0,0,0.0,0.0,1569515.0,1771064269.0,0,1381540
1788613,8,2024-03-30,346,294,49,331,0,0,0,0.0,0.0,1526401.0,1722413784.0,0,1564144
1893833,8,2024-05-12,346,294,49,331,0,0,0,11191.0,126280923.0,1483873.0,1674424551.0,0,1788613
10143,8,2023-06-04,347,294,49,378,0,0,0,12177.0,137407095.0,1935542.0,2184094626.0,0,0
92637,8,2023-06-05,347,294,49,378,0,0,0,12177.0,137407095.0,1935542.0,2184094626.0,0,10143
175030,8,2023-06-06,347,294,49,378,0,0,0,12177.0,137407095.0,1935542.0,2184094626.0,0,92637
257423,8,2023-06-07,347,294,49,378,0,0,0,12177.0,137407095.0,1935542.0,2184094626.0,0,175030
339816,8,2023-06-08,347,294,49,378,0,0,0,12177.0,137407095.0,1935542.0,2184094626.0,0,257423
422209,8,2023-06-15,347,294,49,378,0,0,0,12177.0,137407095.0,1935542.0,2184094626.0,0,339816
504602,8,2023-06-16,347,294,49,378,0,0,0,12177.0,137407095.0,1935542.0,2184094626.0,0,422209
586995,8,2023-06-17,347,294,49,378,0,0,0,12177.0,137407095.0,1935542.0,2184094626.0,0,504602
669388,8,2023-06-18,347,294,49,378,0,0,0,12177.0,137407095.0,1935542.0,2184094626.0,0,586995
751780,8,2023-06-19,347,294,49,378,0,0,0,0.0,0.0,0.0,0.0,0,669388
1381541,8,2023-11-27,347,294,49,378,0,0,0,12177.0,137407095.0,1935542.0,2184094626.0,0,751780
1564145,8,2024-02-06,347,294,49,378,0,0,0,12177.0,137407095.0,1935542.0,2184094626.0,0,1381541
1788614,8,2024-03-30,347,294,49,378,0,0,0,12177.0,137407095.0,1935542.0,2184094626.0,0,1564145
1893834,8,2024-05-12,347,294,49,378,0,0,0,12177.0,137407095.0,1935542.0,2184094626.0,0,1788614
10144,8,2023-06-04,350,293,49,331,0,0,0,0.0,0.0,1209851.0,1365214016.0,0,0
92638,8,2023-06-05,350,293,49,331,0,0,0,0.0,0.0,1209851.0,1365214016.0,0,10144
175031,8,2023-06-06,350,293,49,331,0,0,0,0.0,0.0,1209851.0,1365214016.0,0,92638
257424,8,2023-06-07,350,293,49,331,0,0,0,0.0,0.0,1209851.0,1365214016.0,0,175031
339817,8,2023-06-08,350,293,49,331,0,0,0,0.0,0.0,1209851.0,1365214016.0,0,257424
422210,8,2023-06-15,350,293,49,331,0,0,0,0.0,0.0,1209851.0,1365214016.0,0,339817
504603,8,2023-06-16,350,293,49,331,0,0,0,0.0,0.0,1209851.0,1365214016.0,0,422210
586996,8,2023-06-17,350,293,49,331,0,0,0,0.0,0.0,1209851.0,1365214016.0,0,504603
669389,8,2023-06-18,350,293,49,331,0,0,0,0.0,0.0,1209851.0,1365214016.0,0,586996
751781,8,2023-06-19,350,293,49,331,0,0,0,0.0,0.0,0.0,0.0,0,669389
1381542,8,2023-11-27,350,293,49,331,0,0,0,0.0,0.0,1193999.0,1347326382.0,0,751781
1564146,8,2024-02-06,350,293,49,331,0,0,0,0.0,0.0,1201652.0,1355962142.0,0,1381542
1788615,8,2024-03-30,350,344,49,331,0,0,0,0.0,0.0,1284098.0,1448995445.0,0,1564146
1893835,8,2024-05-12,350,344,49,331,0,0,0,6927.0,78165307.0,1266034.0,1428611756.0,0,1788615
10145,8,2023-06-04,351,293,49,331,0,0,0,0.0,0.0,1209851.0,1365214016.0,0,0
92639,8,2023-06-05,351,293,49,331,0,0,0,0.0,0.0,1209851.0,1365214016.0,0,10145
175032,8,2023-06-06,351,293,49,331,0,0,0,0.0,0.0,1209851.0,1365214016.0,0,92639
257425,8,2023-06-07,351,293,49,331,0,0,0,0.0,0.0,1209851.0,1365214016.0,0,175032
339818,8,2023-06-08,351,293,49,331,0,0,0,0.0,0.0,1209851.0,1365214016.0,0,257425
422211,8,2023-06-15,351,293,49,331,0,0,0,0.0,0.0,1209851.0,1365214016.0,0,339818
504604,8,2023-06-16,351,293,49,331,0,0,0,0.0,0.0,1209851.0,1365214016.0,0,422211
586997,8,2023-06-17,351,293,49,331,0,0,0,0.0,0.0,1209851.0,1365214016.0,0,504604
669390,8,2023-06-18,351,293,49,331,0,0,0,0.0,0.0,1209851.0,1365214016.0,0,586997
751782,8,2023-06-19,351,293,49,331,0,0,0,0.0,0.0,0.0,0.0,0,669390
1381543,8,2023-11-27,351,293,49,331,0,0,0,0.0,0.0,1193999.0,1347326382.0,0,751782
1564147,8,2024-02-06,351,293,49,331,0,0,0,0.0,0.0,1201652.0,1355962142.0,0,1381543
1788616,8,2024-03-30,351,344,49,331,0,0,0,0.0,0.0,1284098.0,1448995445.0,0,1564147
1893836,8,2024-05-12,351,344,49,331,0,0,0,6927.0,78165307.0,1266034.0,1428611756.0,0,1788616
10146,8,2023-06-04,352,293,49,331,0,0,0,0.0,0.0,90901.0,1025740519.0,0,0
92640,8,2023-06-05,352,293,49,331,0,0,0,0.0,0.0,90901.0,1025740519.0,0,10146
175033,8,2023-06-06,352,293,49,331,0,0,0,0.0,0.0,90901.0,1025740519.0,0,92640
257426,8,2023-06-07,352,293,49,331,0,0,0,0.0,0.0,90901.0,1025740519.0,0,175033
339819,8,2023-06-08,352,293,49,331,0,0,0,0.0,0.0,90901.0,1025740519.0,0,257426
422212,8,2023-06-15,352,293,49,331,0,0,0,0.0,0.0,90901.0,1025740519.0,0,339819
504605,8,2023-06-16,352,293,49,331,0,0,0,0.0,0.0,90901.0,1025740519.0,0,422212
586998,8,2023-06-17,352,293,49,331,0,0,0,0.0,0.0,90901.0,1025740519.0,0,504605
669391,8,2023-06-18,352,293,49,331,0,0,0,0.0,0.0,90901.0,1025740519.0,0,586998
751783,8,2023-06-19,352,293,49,331,0,0,0,0.0,0.0,0.0,0.0,0,669391
1381544,8,2023-11-27,352,293,49,331,0,0,0,0.0,0.0,93034.0,1049809611.0,0,751783
1564148,8,2024-02-06,352,293,49,331,0,0,0,0.0,0.0,98276.0,1108961125.0,0,1381544
1788617,8,2024-03-30,352,293,49,331,0,0,0,0.0,0.0,87629.0,98881878.0,0,1564148
1893837,8,2024-05-12,352,293,49,331,0,0,0,612.0,69059.0,84037.0,948286114.0,0,1788617
10147,8,2023-06-04,353,293,49,331,0,0,0,0.0,0.0,90901.0,1025740519.0,0,0
92641,8,2023-06-05,353,293,49,331,0,0,0,0.0,0.0,90901.0,1025740519.0,0,10147
175034,8,2023-06-06,353,293,49,331,0,0,0,0.0,0.0,90901.0,1025740519.0,0,92641
257427,8,2023-06-07,353,293,49,331,0,0,0,0.0,0.0,90901.0,1025740519.0,0,175034
339820,8,2023-06-08,353,293,49,331,0,0,0,0.0,0.0,90901.0,1025740519.0,0,257427
422213,8,2023-06-15,353,293,49,331,0,0,0,0.0,0.0,90901.0,1025740519.0,0,339820
504606,8,2023-06-16,353,293,49,331,0,0,0,0.0,0.0,90901.0,1025740519.0,0,422213
586999,8,2023-06-17,353,293,49,331,0,0,0,0.0,0.0,90901.0,1025740519.0,0,504606
669392,8,2023-06-18,353,293,49,331,0,0,0,0.0,0.0,90901.0,1025740519.0,0,586999
751784,8,2023-06-19,353,293,49,331,0,0,0,0.0,0.0,0.0,0.0,0,669392
1381545,8,2023-11-27,353,293,49,331,0,0,0,0.0,0.0,93034.0,1049809611.0,0,751784
1564149,8,2024-02-06,353,293,49,331,0,0,0,0.0,0.0,98276.0,1108961125.0,0,1381545
1788618,8,2024-03-30,353,293,49,331,0,0,0,0.0,0.0,87629.0,98881878.0,0,1564149
1893838,8,2024-05-12,353,293,49,331,0,0,0,612.0,69059.0,84037.0,948286114.0,0,1788618
10148,8,2023-06-04,354,293,49,374,0,0,0,0.0,0.0,105362.0,1188920612.0,0,0
92642,8,2023-06-05,354,293,49,374,0,0,0,0.0,0.0,105362.0,1188920612.0,0,10148
175035,8,2023-06-06,354,293,49,374,0,0,0,0.0,0.0,105362.0,1188920612.0,0,92642
257428,8,2023-06-07,354,293,49,374,0,0,0,0.0,0.0,105362.0,1188920612.0,0,175035
339821,8,2023-06-08,354,293,49,374,0,0,0,0.0,0.0,105362.0,1188920612.0,0,257428
422214,8,2023-06-15,354,293,49,374,0,0,0,0.0,0.0,105362.0,1188920612.0,0,339821
504607,8,2023-06-16,354,293,49,374,0,0,0,0.0,0.0,105362.0,1188920612.0,0,422214
587000,8,2023-06-17,354,293,49,374,0,0,0,0.0,0.0,105362.0,1188920612.0,0,504607
669393,8,2023-06-18,354,293,49,374,0,0,0,0.0,0.0,105362.0,1188920612.0,0,587000
751785,8,2023-06-19,354,293,49,374,0,0,0,0.0,0.0,0.0,0.0,0,669393
1564150,8,2024-02-06,354,293,49,340,0,0,0,0.0,0.0,0.0,0.0,0,751785
10149,8,2023-06-04,355,293,49,374,0,0,0,0.0,0.0,105362.0,1188920612.0,0,0
92643,8,2023-06-05,355,293,49,374,0,0,0,0.0,0.0,105362.0,1188920612.0,0,10149
175036,8,2023-06-06,355,293,49,374,0,0,0,0.0,0.0,105362.0,1188920612.0,0,92643
257429,8,2023-06-07,355,293,49,374,0,0,0,0.0,0.0,105362.0,1188920612.0,0,175036
339822,8,2023-06-08,355,293,49,374,0,0,0,0.0,0.0,105362.0,1188920612.0,0,257429
422215,8,2023-06-15,355,293,49,374,0,0,0,0.0,0.0,105362.0,1188920612.0,0,339822
504608,8,2023-06-16,355,293,49,374,0,0,0,0.0,0.0,105362.0,1188920612.0,0,422215
587001,8,2023-06-17,355,293,49,374,0,0,0,0.0,0.0,105362.0,1188920612.0,0,504608
669394,8,2023-06-18,355,293,49,374,0,0,0,0.0,0.0,105362.0,1188920612.0,0,587001
751786,8,2023-06-19,355,293,49,374,0,0,0,0.0,0.0,0.0,0.0,0,669394
1564151,8,2024-02-06,355,293,49,340,0,0,0,0.0,0.0,0.0,0.0,0,751786
10150,8,2023-06-04,356,293,49,331,0,0,0,0.0,0.0,2027136.0,2287450669.0,0,0
92644,8,2023-06-05,356,293,49,331,0,0,0,0.0,0.0,2027136.0,2287450669.0,0,10150
175037,8,2023-06-06,356,293,49,331,0,0,0,0.0,0.0,2027136.0,2287450669.0,0,92644
257430,8,2023-06-07,356,293,49,331,0,0,0,0.0,0.0,2027136.0,2287450669.0,0,175037
339823,8,2023-06-08,356,293,49,331,0,0,0,0.0,0.0,2027136.0,2287450669.0,0,257430
422216,8,2023-06-15,356,293,49,331,0,0,0,0.0,0.0,2027136.0,2287450669.0,0,339823
504609,8,2023-06-16,356,293,49,331,0,0,0,0.0,0.0,2027136.0,2287450669.0,0,422216
587002,8,2023-06-17,356,293,49,331,0,0,0,0.0,0.0,2027136.0,2287450669.0,0,504609
669395,8,2023-06-18,356,293,49,331,0,0,0,0.0,0.0,2027136.0,2287450669.0,0,587002
751787,8,2023-06-19,356,293,49,331,0,0,0,0.0,0.0,0.0,0.0,0,669395
10151,8,2023-06-04,357,293,49,331,0,0,0,0.0,0.0,2027136.0,2287450669.0,0,0
92645,8,2023-06-05,357,293,49,331,0,0,0,0.0,0.0,2027136.0,2287450669.0,0,10151
175038,8,2023-06-06,357,293,49,331,0,0,0,0.0,0.0,2027136.0,2287450669.0,0,92645
257431,8,2023-06-07,357,293,49,331,0,0,0,0.0,0.0,2027136.0,2287450669.0,0,175038
339824,8,2023-06-08,357,293,49,331,0,0,0,0.0,0.0,2027136.0,2287450669.0,0,257431
422217,8,2023-06-15,357,293,49,331,0,0,0,0.0,0.0,2027136.0,2287450669.0,0,339824
504610,8,2023-06-16,357,293,49,331,0,0,0,0.0,0.0,2027136.0,2287450669.0,0,422217
587003,8,2023-06-17,357,293,49,331,0,0,0,0.0,0.0,2027136.0,2287450669.0,0,504610
669396,8,2023-06-18,357,293,49,331,0,0,0,0.0,0.0,2027136.0,2287450669.0,0,587003
751788,8,2023-06-19,357,293,49,331,0,0,0,0.0,0.0,0.0,0.0,0,669396
10152,8,2023-06-04,358,293,49,331,0,0,0,0.0,0.0,4015599.0,4531262146.0,0,0
92646,8,2023-06-05,358,293,49,331,0,0,0,0.0,0.0,4015599.0,4531262146.0,0,10152
175039,8,2023-06-06,358,293,49,331,0,0,0,0.0,0.0,4015599.0,4531262146.0,0,92646
257432,8,2023-06-07,358,293,49,331,0,0,0,0.0,0.0,4015599.0,4531262146.0,0,175039
339825,8,2023-06-08,358,293,49,331,0,0,0,0.0,0.0,4015599.0,4531262146.0,0,257432
422218,8,2023-06-15,358,293,49,331,0,0,0,0.0,0.0,4015599.0,4531262146.0,0,339825
504611,8,2023-06-16,358,293,49,331,0,0,0,0.0,0.0,4015599.0,4531262146.0,0,422218
587004,8,2023-06-17,358,293,49,331,0,0,0,0.0,0.0,4015599.0,4531262146.0,0,504611
669397,8,2023-06-18,358,293,49,331,0,0,0,0.0,0.0,4015599.0,4531262146.0,0,587004
751789,8,2023-06-19,358,293,49,331,0,0,0,0.0,0.0,0.0,0.0,0,669397
1381546,8,2023-11-27,358,293,49,373,0,0,0,0.0,0.0,5961655.0,6727220927.0,0,751789
1564152,8,2024-02-06,358,293,49,373,0,0,0,0.0,0.0,5861592.0,6614308337.0,0,1381546
1788619,8,2024-03-30,358,344,49,331,0,0,0,0.0,0.0,5913096.0,6672426223.0,0,1564152
1893839,8,2024-05-12,358,344,49,331,0,0,0,3515.0,396637873.0,5830623.0,6579362453.0,0,1788619
10153,8,2023-06-04,359,293,49,331,0,0,0,0.0,0.0,355485.0,4011346063.0,0,0
92647,8,2023-06-05,359,293,49,331,0,0,0,0.0,0.0,355485.0,4011346063.0,0,10153
175040,8,2023-06-06,359,293,49,331,0,0,0,0.0,0.0,355485.0,4011346063.0,0,92647
257433,8,2023-06-07,359,293,49,331,0,0,0,0.0,0.0,355485.0,4011346063.0,0,175040
339826,8,2023-06-08,359,293,49,331,0,0,0,0.0,0.0,355485.0,4011346063.0,0,257433
422219,8,2023-06-15,359,293,49,331,0,0,0,0.0,0.0,355485.0,4011346063.0,0,339826
504612,8,2023-06-16,359,293,49,331,0,0,0,0.0,0.0,355485.0,4011346063.0,0,422219
587005,8,2023-06-17,359,293,49,331,0,0,0,0.0,0.0,355485.0,4011346063.0,0,504612
669398,8,2023-06-18,359,293,49,331,0,0,0,0.0,0.0,355485.0,4011346063.0,0,587005
751790,8,2023-06-19,359,293,49,331,0,0,0,0.0,0.0,0.0,0.0,0,669398
1564153,8,2024-02-06,359,293,49,340,0,0,0,0.0,0.0,0.0,0.0,0,751790
10154,8,2023-06-04,360,293,49,331,0,0,0,0.0,0.0,355485.0,4011346063.0,0,0
92648,8,2023-06-05,360,293,49,331,0,0,0,0.0,0.0,355485.0,4011346063.0,0,10154
175041,8,2023-06-06,360,293,49,331,0,0,0,0.0,0.0,355485.0,4011346063.0,0,92648
257434,8,2023-06-07,360,293,49,331,0,0,0,0.0,0.0,355485.0,4011346063.0,0,175041
339827,8,2023-06-08,360,293,49,331,0,0,0,0.0,0.0,355485.0,4011346063.0,0,257434
422220,8,2023-06-15,360,293,49,331,0,0,0,0.0,0.0,355485.0,4011346063.0,0,339827
504613,8,2023-06-16,360,293,49,331,0,0,0,0.0,0.0,355485.0,4011346063.0,0,422220
587006,8,2023-06-17,360,293,49,331,0,0,0,0.0,0.0,355485.0,4011346063.0,0,504613
669399,8,2023-06-18,360,293,49,331,0,0,0,0.0,0.0,355485.0,4011346063.0,0,587006
751791,8,2023-06-19,360,293,49,331,0,0,0,0.0,0.0,0.0,0.0,0,669399
1564154,8,2024-02-06,360,293,49,340,0,0,0,0.0,0.0,0.0,0.0,0,751791
10155,8,2023-06-04,361,293,49,331,0,0,0,0.0,0.0,1014839.0,114515955.0,0,0
92649,8,2023-06-05,361,293,49,331,0,0,0,0.0,0.0,1014839.0,114515955.0,0,10155
175042,8,2023-06-06,361,293,49,331,0,0,0,0.0,0.0,1014839.0,114515955.0,0,92649
257435,8,2023-06-07,361,293,49,331,0,0,0,0.0,0.0,1014839.0,114515955.0,0,175042
339828,8,2023-06-08,361,293,49,331,0,0,0,0.0,0.0,1014839.0,114515955.0,0,257435
422221,8,2023-06-15,361,293,49,331,0,0,0,0.0,0.0,1014839.0,114515955.0,0,339828
504614,8,2023-06-16,361,293,49,331,0,0,0,0.0,0.0,1014839.0,114515955.0,0,422221
587007,8,2023-06-17,361,293,49,331,0,0,0,0.0,0.0,1014839.0,114515955.0,0,504614
669400,8,2023-06-18,361,293,49,331,0,0,0,0.0,0.0,1014839.0,114515955.0,0,587007
751792,8,2023-06-19,361,293,49,331,0,0,0,0.0,0.0,0.0,0.0,0,669400
1381547,8,2023-11-27,361,293,49,331,0,0,0,0.0,0.0,985273.0,1111796832.0,0,751792
1564155,8,2024-02-06,361,293,49,331,0,0,0,0.0,0.0,1012746.0,1142797778.0,0,1381547
1788620,8,2024-03-30,361,293,49,373,0,0,0,0.0,0.0,983774.0,1110105338.0,0,1564155
1893840,8,2024-05-12,361,293,49,331,0,0,0,5335.0,6020094.0,965988.0,1090035349.0,0,1788620
10156,8,2023-06-04,362,293,49,331,0,0,0,0.0,0.0,2077063.0,2343789045.0,0,0
92650,8,2023-06-05,362,293,49,331,0,0,0,0.0,0.0,2077063.0,2343789045.0,0,10156
175043,8,2023-06-06,362,293,49,331,0,0,0,0.0,0.0,2077063.0,2343789045.0,0,92650
257436,8,2023-06-07,362,293,49,331,0,0,0,0.0,0.0,2077063.0,2343789045.0,0,175043
339829,8,2023-06-08,362,293,49,331,0,0,0,0.0,0.0,2077063.0,2343789045.0,0,257436
422222,8,2023-06-15,362,293,49,331,0,0,0,0.0,0.0,2077063.0,2343789045.0,0,339829
504615,8,2023-06-16,362,293,49,331,0,0,0,0.0,0.0,2077063.0,2343789045.0,0,422222
587008,8,2023-06-17,362,293,49,331,0,0,0,0.0,0.0,2077063.0,2343789045.0,0,504615
669401,8,2023-06-18,362,293,49,331,0,0,0,0.0,0.0,2077063.0,2343789045.0,0,587008
751793,8,2023-06-19,362,293,49,331,0,0,0,0.0,0.0,0.0,0.0,0,669401
1381548,8,2023-11-27,362,293,49,373,0,0,0,0.0,0.0,1937152.0,2185911374.0,0,751793
1564156,8,2024-02-06,362,293,49,373,0,0,0,0.0,0.0,1970188.0,2223189692.0,0,1381548
1788621,8,2024-03-30,362,344,49,331,0,0,0,0.0,0.0,1830024.0,2065026532.0,0,1564156
1893841,8,2024-05-12,362,344,49,331,0,0,0,6988.0,7885364.0,179237.0,2022537194.0,0,1788621
10157,8,2023-06-04,363,293,49,331,0,0,0,0.0,0.0,2077063.0,2343789045.0,0,0
92651,8,2023-06-05,363,293,49,331,0,0,0,0.0,0.0,2077063.0,2343789045.0,0,10157
175044,8,2023-06-06,363,293,49,331,0,0,0,0.0,0.0,2077063.0,2343789045.0,0,92651
257437,8,2023-06-07,363,293,49,331,0,0,0,0.0,0.0,2077063.0,2343789045.0,0,175044
339830,8,2023-06-08,363,293,49,331,0,0,0,0.0,0.0,2077063.0,2343789045.0,0,257437
422223,8,2023-06-15,363,293,49,331,0,0,0,0.0,0.0,2077063.0,2343789045.0,0,339830
504616,8,2023-06-16,363,293,49,331,0,0,0,0.0,0.0,2077063.0,2343789045.0,0,422223
587009,8,2023-06-17,363,293,49,331,0,0,0,0.0,0.0,2077063.0,2343789045.0,0,504616
669402,8,2023-06-18,363,293,49,331,0,0,0,0.0,0.0,2077063.0,2343789045.0,0,587009
751794,8,2023-06-19,363,293,49,331,0,0,0,0.0,0.0,0.0,0.0,0,669402
1381549,8,2023-11-27,363,293,49,373,0,0,0,0.0,0.0,1937152.0,2185911374.0,0,751794
1564157,8,2024-02-06,363,293,49,373,0,0,0,0.0,0.0,1970188.0,2223189692.0,0,1381549
1788622,8,2024-03-30,363,344,49,331,0,0,0,0.0,0.0,1830024.0,2065026532.0,0,1564157
1893842,8,2024-05-12,363,344,49,331,0,0,0,6988.0,7885364.0,179237.0,2022537194.0,0,1788622
10158,8,2023-06-04,364,293,49,331,0,0,0,0.0,0.0,297865.0,336115334.0,0,0
92652,8,2023-06-05,364,293,49,331,0,0,0,0.0,0.0,297865.0,336115334.0,0,10158
175045,8,2023-06-06,364,293,49,331,0,0,0,0.0,0.0,297865.0,336115334.0,0,92652
257438,8,2023-06-07,364,293,49,331,0,0,0,0.0,0.0,297865.0,336115334.0,0,175045
339831,8,2023-06-08,364,293,49,331,0,0,0,0.0,0.0,297865.0,336115334.0,0,257438
422224,8,2023-06-15,364,293,49,331,0,0,0,0.0,0.0,297865.0,336115334.0,0,339831
504617,8,2023-06-16,364,293,49,331,0,0,0,0.0,0.0,297865.0,336115334.0,0,422224
587010,8,2023-06-17,364,293,49,331,0,0,0,0.0,0.0,297865.0,336115334.0,0,504617
669403,8,2023-06-18,364,293,49,331,0,0,0,0.0,0.0,297865.0,336115334.0,0,587010
751795,8,2023-06-19,364,293,49,331,0,0,0,0.0,0.0,0.0,0.0,0,669403
10159,8,2023-06-04,365,293,49,331,0,0,0,0.0,0.0,297865.0,336115334.0,0,0
92653,8,2023-06-05,365,293,49,331,0,0,0,0.0,0.0,297865.0,336115334.0,0,10159
175046,8,2023-06-06,365,293,49,331,0,0,0,0.0,0.0,297865.0,336115334.0,0,92653
257439,8,2023-06-07,365,293,49,331,0,0,0,0.0,0.0,297865.0,336115334.0,0,175046
339832,8,2023-06-08,365,293,49,331,0,0,0,0.0,0.0,297865.0,336115334.0,0,257439
422225,8,2023-06-15,365,293,49,331,0,0,0,0.0,0.0,297865.0,336115334.0,0,339832
504618,8,2023-06-16,365,293,49,331,0,0,0,0.0,0.0,297865.0,336115334.0,0,422225
587011,8,2023-06-17,365,293,49,331,0,0,0,0.0,0.0,297865.0,336115334.0,0,504618
669404,8,2023-06-18,365,293,49,331,0,0,0,0.0,0.0,297865.0,336115334.0,0,587011
751796,8,2023-06-19,365,293,49,331,0,0,0,0.0,0.0,0.0,0.0,0,669404
10160,8,2023-06-04,366,293,49,373,0,0,0,0.0,0.0,712969.0,8045249141.0,0,0
92654,8,2023-06-05,366,293,49,373,0,0,0,0.0,0.0,712969.0,8045249141.0,0,10160
175047,8,2023-06-06,366,293,49,373,0,0,0,0.0,0.0,712969.0,8045249141.0,0,92654
257440,8,2023-06-07,366,293,49,373,0,0,0,0.0,0.0,712969.0,8045249141.0,0,175047
339833,8,2023-06-08,366,293,49,373,0,0,0,0.0,0.0,712969.0,8045249141.0,0,257440
422226,8,2023-06-15,366,293,49,373,0,0,0,0.0,0.0,712969.0,8045249141.0,0,339833
504619,8,2023-06-16,366,293,49,373,0,0,0,0.0,0.0,712969.0,8045249141.0,0,422226
587012,8,2023-06-17,366,293,49,373,0,0,0,0.0,0.0,712969.0,8045249141.0,0,504619
669405,8,2023-06-18,366,293,49,373,0,0,0,0.0,0.0,712969.0,8045249141.0,0,587012
751797,8,2023-06-19,366,293,49,373,0,0,0,0.0,0.0,0.0,0.0,0,669405
1381550,8,2023-11-27,366,293,49,373,0,0,0,0.0,0.0,620091.0,6997199858.0,0,751797
1564158,8,2024-02-06,366,293,49,373,0,0,0,0.0,0.0,619678.0,6992539504.0,0,1381550
1788623,8,2024-03-30,366,293,49,373,0,0,0,0.0,0.0,585916.0,6611564031.0,0,1564158
1893843,8,2024-05-12,366,293,49,331,0,0,0,3149.0,35533788.0,544921.0,6148970302.0,0,1788623
10161,8,2023-06-04,367,293,49,373,0,0,0,0.0,0.0,712969.0,8045249141.0,0,0
92655,8,2023-06-05,367,293,49,373,0,0,0,0.0,0.0,712969.0,8045249141.0,0,10161
175048,8,2023-06-06,367,293,49,373,0,0,0,0.0,0.0,712969.0,8045249141.0,0,92655
257441,8,2023-06-07,367,293,49,373,0,0,0,0.0,0.0,712969.0,8045249141.0,0,175048
339834,8,2023-06-08,367,293,49,373,0,0,0,0.0,0.0,712969.0,8045249141.0,0,257441
422227,8,2023-06-15,367,293,49,373,0,0,0,0.0,0.0,712969.0,8045249141.0,0,339834
504620,8,2023-06-16,367,293,49,373,0,0,0,0.0,0.0,712969.0,8045249141.0,0,422227
587013,8,2023-06-17,367,293,49,373,0,0,0,0.0,0.0,712969.0,8045249141.0,0,504620
669406,8,2023-06-18,367,293,49,373,0,0,0,0.0,0.0,712969.0,8045249141.0,0,587013
751798,8,2023-06-19,367,293,49,373,0,0,0,0.0,0.0,0.0,0.0,0,669406
1381551,8,2023-11-27,367,293,49,373,0,0,0,0.0,0.0,620091.0,6997199858.0,0,751798
1564159,8,2024-02-06,367,293,49,373,0,0,0,0.0,0.0,619678.0,6992539504.0,0,1381551
1788624,8,2024-03-30,367,293,49,373,0,0,0,0.0,0.0,585916.0,6611564031.0,0,1564159
1893844,8,2024-05-12,367,293,49,331,0,0,0,3149.0,35533788.0,544921.0,6148970302.0,0,1788624
10162,8,2023-06-04,368,293,49,331,0,0,0,0.0,0.0,201884.0,2278089339.0,0,0
92656,8,2023-06-05,368,293,49,331,0,0,0,0.0,0.0,201884.0,2278089339.0,0,10162
175049,8,2023-06-06,368,293,49,331,0,0,0,0.0,0.0,201884.0,2278089339.0,0,92656
257442,8,2023-06-07,368,293,49,331,0,0,0,0.0,0.0,201884.0,2278089339.0,0,175049
339835,8,2023-06-08,368,293,49,331,0,0,0,0.0,0.0,201884.0,2278089339.0,0,257442
422228,8,2023-06-15,368,293,49,331,0,0,0,0.0,0.0,201884.0,2278089339.0,0,339835
504621,8,2023-06-16,368,293,49,331,0,0,0,0.0,0.0,201884.0,2278089339.0,0,422228
587014,8,2023-06-17,368,293,49,331,0,0,0,0.0,0.0,201884.0,2278089339.0,0,504621
669407,8,2023-06-18,368,293,49,331,0,0,0,0.0,0.0,201884.0,2278089339.0,0,587014
751799,8,2023-06-19,368,293,49,331,0,0,0,0.0,0.0,0.0,0.0,0,669407
1381552,8,2023-11-27,368,344,49,373,0,0,0,0.0,0.0,195361.0,2204482828.0,0,751799
1564160,8,2024-02-06,368,344,49,373,0,0,0,0.0,0.0,203907.0,2300917174.0,0,1381552
1788625,8,2024-03-30,368,293,49,331,0,0,0,0.0,0.0,187691.0,2117933398.0,0,1564160
1893845,8,2024-05-12,368,293,49,331,0,0,0,1512.0,17061635.0,183215.0,2067425542.0,0,1788625
10163,8,2023-06-04,369,293,49,331,0,0,0,0.0,0.0,189081.0,2133618366.0,0,0
92657,8,2023-06-05,369,293,49,331,0,0,0,0.0,0.0,189081.0,2133618366.0,0,10163
175050,8,2023-06-06,369,293,49,331,0,0,0,0.0,0.0,189081.0,2133618366.0,0,92657
257443,8,2023-06-07,369,293,49,331,0,0,0,0.0,0.0,189081.0,2133618366.0,0,175050
339836,8,2023-06-08,369,293,49,331,0,0,0,0.0,0.0,189081.0,2133618366.0,0,257443
422229,8,2023-06-15,369,293,49,331,0,0,0,0.0,0.0,189081.0,2133618366.0,0,339836
504622,8,2023-06-16,369,293,49,331,0,0,0,0.0,0.0,189081.0,2133618366.0,0,422229
587015,8,2023-06-17,369,293,49,331,0,0,0,0.0,0.0,189081.0,2133618366.0,0,504622
669408,8,2023-06-18,369,293,49,331,0,0,0,0.0,0.0,189081.0,2133618366.0,0,587015
751800,8,2023-06-19,369,293,49,331,0,0,0,0.0,0.0,0.0,0.0,0,669408
1381553,8,2023-11-27,369,293,49,373,0,0,0,0.0,0.0,140409.0,1584396217.0,0,751800
1564161,8,2024-02-06,369,293,49,373,0,0,0,0.0,0.0,146546.0,1653647046.0,0,1381553
1788626,8,2024-03-30,369,293,49,373,0,0,0,0.0,0.0,116343.0,1312831863.0,0,1564161
1893846,8,2024-05-12,369,293,49,331,0,0,0,815.0,9196582.0,95779.0,1080784603.0,0,1788626
10164,8,2023-06-04,370,293,49,331,0,0,0,0.0,0.0,189081.0,2133618366.0,0,0
92658,8,2023-06-05,370,293,49,331,0,0,0,0.0,0.0,189081.0,2133618366.0,0,10164
175051,8,2023-06-06,370,293,49,331,0,0,0,0.0,0.0,189081.0,2133618366.0,0,92658
257444,8,2023-06-07,370,293,49,331,0,0,0,0.0,0.0,189081.0,2133618366.0,0,175051
339837,8,2023-06-08,370,293,49,331,0,0,0,0.0,0.0,189081.0,2133618366.0,0,257444
422230,8,2023-06-15,370,293,49,331,0,0,0,0.0,0.0,189081.0,2133618366.0,0,339837
504623,8,2023-06-16,370,293,49,331,0,0,0,0.0,0.0,189081.0,2133618366.0,0,422230
587016,8,2023-06-17,370,293,49,331,0,0,0,0.0,0.0,189081.0,2133618366.0,0,504623
669409,8,2023-06-18,370,293,49,331,0,0,0,0.0,0.0,189081.0,2133618366.0,0,587016
751801,8,2023-06-19,370,293,49,331,0,0,0,0.0,0.0,0.0,0.0,0,669409
1381554,8,2023-11-27,370,293,49,373,0,0,0,0.0,0.0,140409.0,1584396217.0,0,751801
1564162,8,2024-02-06,370,293,49,373,0,0,0,0.0,0.0,146546.0,1653647046.0,0,1381554
1788627,8,2024-03-30,370,293,49,373,0,0,0,0.0,0.0,116343.0,1312831863.0,0,1564162
1893847,8,2024-05-12,370,293,49,331,0,0,0,815.0,9196582.0,95779.0,1080784603.0,0,1788627
10165,8,2023-06-04,371,293,49,331,0,0,0,0.0,0.0,487279.0,5498529328.0,0,0
92659,8,2023-06-05,371,293,49,331,0,0,0,0.0,0.0,487279.0,5498529328.0,0,10165
175052,8,2023-06-06,371,293,49,331,0,0,0,0.0,0.0,487279.0,5498529328.0,0,92659
257445,8,2023-06-07,371,293,49,331,0,0,0,0.0,0.0,487279.0,5498529328.0,0,175052
339838,8,2023-06-08,371,293,49,331,0,0,0,0.0,0.0,487279.0,5498529328.0,0,257445
422231,8,2023-06-15,371,293,49,331,0,0,0,0.0,0.0,487279.0,5498529328.0,0,339838
504624,8,2023-06-16,371,293,49,331,0,0,0,0.0,0.0,487279.0,5498529328.0,0,422231
587017,8,2023-06-17,371,293,49,331,0,0,0,0.0,0.0,487279.0,5498529328.0,0,504624
669410,8,2023-06-18,371,293,49,331,0,0,0,0.0,0.0,487279.0,5498529328.0,0,587017
751802,8,2023-06-19,371,293,49,331,0,0,0,0.0,0.0,0.0,0.0,0,669410
1381555,8,2023-11-27,371,293,49,373,0,0,0,0.0,0.0,367691.0,4149080398.0,0,751802
1564163,8,2024-02-06,371,293,49,373,0,0,0,0.0,0.0,378418.0,4270125475.0,0,1381555
1788628,8,2024-03-30,371,293,49,373,0,0,0,0.0,0.0,296475.0,3345468371.0,0,1564163
1893848,8,2024-05-12,371,293,49,373,0,0,0,1667.0,18810678.0,277601.0,3132491324.0,0,1788628
10166,8,2023-06-04,372,293,49,331,0,0,0,0.0,0.0,487279.0,5498529328.0,0,0
92660,8,2023-06-05,372,293,49,331,0,0,0,0.0,0.0,487279.0,5498529328.0,0,10166
175053,8,2023-06-06,372,293,49,331,0,0,0,0.0,0.0,487279.0,5498529328.0,0,92660
257446,8,2023-06-07,372,293,49,331,0,0,0,0.0,0.0,487279.0,5498529328.0,0,175053
339839,8,2023-06-08,372,293,49,331,0,0,0,0.0,0.0,487279.0,5498529328.0,0,257446
422232,8,2023-06-15,372,293,49,331,0,0,0,0.0,0.0,487279.0,5498529328.0,0,339839
504625,8,2023-06-16,372,293,49,331,0,0,0,0.0,0.0,487279.0,5498529328.0,0,422232
587018,8,2023-06-17,372,293,49,331,0,0,0,0.0,0.0,487279.0,5498529328.0,0,504625
669411,8,2023-06-18,372,293,49,331,0,0,0,0.0,0.0,487279.0,5498529328.0,0,587018
751803,8,2023-06-19,372,293,49,331,0,0,0,0.0,0.0,0.0,0.0,0,669411
1381556,8,2023-11-27,372,293,49,373,0,0,0,0.0,0.0,367691.0,4149080398.0,0,751803
1564164,8,2024-02-06,372,293,49,373,0,0,0,0.0,0.0,378418.0,4270125475.0,0,1381556
1788629,8,2024-03-30,372,293,49,373,0,0,0,0.0,0.0,296475.0,3345468371.0,0,1564164
1893849,8,2024-05-12,372,293,49,373,0,0,0,1667.0,18810678.0,277601.0,3132491324.0,0,1788629
10167,8,2023-06-04,373,293,49,331,0,0,0,0.0,0.0,705502.0,7960990393.0,0,0
92661,8,2023-06-05,373,293,49,331,0,0,0,0.0,0.0,705502.0,7960990393.0,0,10167
175054,8,2023-06-06,373,293,49,331,0,0,0,0.0,0.0,705502.0,7960990393.0,0,92661
257447,8,2023-06-07,373,293,49,331,0,0,0,0.0,0.0,705502.0,7960990393.0,0,175054
339840,8,2023-06-08,373,293,49,331,0,0,0,0.0,0.0,705502.0,7960990393.0,0,257447
422233,8,2023-06-15,373,293,49,331,0,0,0,0.0,0.0,705502.0,7960990393.0,0,339840
504626,8,2023-06-16,373,293,49,331,0,0,0,0.0,0.0,705502.0,7960990393.0,0,422233
587019,8,2023-06-17,373,293,49,331,0,0,0,0.0,0.0,705502.0,7960990393.0,0,504626
669412,8,2023-06-18,373,293,49,331,0,0,0,0.0,0.0,705502.0,7960990393.0,0,587019
751804,8,2023-06-19,373,293,49,331,0,0,0,0.0,0.0,0.0,0.0,0,669412
1381557,8,2023-11-27,373,293,49,331,0,0,0,0.0,0.0,687241.0,775493053.0,0,751804
1564165,8,2024-02-06,373,293,49,331,0,0,0,0.0,0.0,702155.0,7923222343.0,0,1381557
1788630,8,2024-03-30,373,344,49,373,0,0,0,0.0,0.0,673988.0,760538169.0,0,1564165
1893850,8,2024-05-12,373,344,49,373,0,0,0,2909.0,32825592.0,671616.0,7578615686.0,0,1788630
10168,8,2023-06-04,374,293,49,331,0,0,0,0.0,0.0,502145.0,5666279502.0,0,0
92662,8,2023-06-05,374,293,49,331,0,0,0,0.0,0.0,502145.0,5666279502.0,0,10168
175055,8,2023-06-06,374,293,49,331,0,0,0,0.0,0.0,502145.0,5666279502.0,0,92662
257448,8,2023-06-07,374,293,49,331,0,0,0,0.0,0.0,502145.0,5666279502.0,0,175055
339841,8,2023-06-08,374,293,49,331,0,0,0,0.0,0.0,502145.0,5666279502.0,0,257448
422234,8,2023-06-15,374,293,49,331,0,0,0,0.0,0.0,502145.0,5666279502.0,0,339841
504627,8,2023-06-16,374,293,49,331,0,0,0,0.0,0.0,502145.0,5666279502.0,0,422234
587020,8,2023-06-17,374,293,49,331,0,0,0,0.0,0.0,502145.0,5666279502.0,0,504627
669413,8,2023-06-18,374,293,49,331,0,0,0,0.0,0.0,502145.0,5666279502.0,0,587020
751805,8,2023-06-19,374,293,49,331,0,0,0,0.0,0.0,0.0,0.0,0,669413
1381558,8,2023-11-27,374,344,49,373,0,0,0,0.0,0.0,45522.0,5136770763.0,0,751805
1564166,8,2024-02-06,374,344,49,373,0,0,0,0.0,0.0,430735.0,486047835.0,0,1381558
1788631,8,2024-03-30,374,293,49,331,0,0,0,0.0,0.0,422677.0,476955067.0,0,1564166
1893851,8,2024-05-12,374,293,49,331,0,0,0,2622.0,29587041.0,409326.0,4618895983.0,0,1788631
10169,8,2023-06-04,375,293,49,331,0,0,0,0.0,0.0,502145.0,5666279502.0,0,0
92663,8,2023-06-05,375,293,49,331,0,0,0,0.0,0.0,502145.0,5666279502.0,0,10169
175056,8,2023-06-06,375,293,49,331,0,0,0,0.0,0.0,502145.0,5666279502.0,0,92663
257449,8,2023-06-07,375,293,49,331,0,0,0,0.0,0.0,502145.0,5666279502.0,0,175056
339842,8,2023-06-08,375,293,49,331,0,0,0,0.0,0.0,502145.0,5666279502.0,0,257449
422235,8,2023-06-15,375,293,49,331,0,0,0,0.0,0.0,502145.0,5666279502.0,0,339842
504628,8,2023-06-16,375,293,49,331,0,0,0,0.0,0.0,502145.0,5666279502.0,0,422235
587021,8,2023-06-17,375,293,49,331,0,0,0,0.0,0.0,502145.0,5666279502.0,0,504628
669414,8,2023-06-18,375,293,49,331,0,0,0,0.0,0.0,502145.0,5666279502.0,0,587021
751806,8,2023-06-19,375,293,49,331,0,0,0,0.0,0.0,0.0,0.0,0,669414
1381559,8,2023-11-27,375,344,49,373,0,0,0,0.0,0.0,45522.0,5136770763.0,0,751806
1564167,8,2024-02-06,375,344,49,373,0,0,0,0.0,0.0,430735.0,486047835.0,0,1381559
1788632,8,2024-03-30,375,293,49,331,0,0,0,0.0,0.0,422677.0,476955067.0,0,1564167
1893852,8,2024-05-12,375,293,49,331,0,0,0,2622.0,29587041.0,409326.0,4618895983.0,0,1788632
10170,8,2023-06-04,376,293,49,331,0,0,0,0.0,0.0,4996757.0,563841555.0,0,0
92664,8,2023-06-05,376,293,49,331,0,0,0,0.0,0.0,4996757.0,563841555.0,0,10170
175057,8,2023-06-06,376,293,49,331,0,0,0,0.0,0.0,4996757.0,563841555.0,0,92664
257450,8,2023-06-07,376,293,49,331,0,0,0,0.0,0.0,4996757.0,563841555.0,0,175057
339843,8,2023-06-08,376,293,49,331,0,0,0,0.0,0.0,4996757.0,563841555.0,0,257450
422236,8,2023-06-15,376,293,49,331,0,0,0,0.0,0.0,4996757.0,563841555.0,0,339843
504629,8,2023-06-16,376,293,49,331,0,0,0,0.0,0.0,4996757.0,563841555.0,0,422236
587022,8,2023-06-17,376,293,49,331,0,0,0,0.0,0.0,4996757.0,563841555.0,0,504629
669415,8,2023-06-18,376,293,49,331,0,0,0,0.0,0.0,4996757.0,563841555.0,0,587022
751807,8,2023-06-19,376,293,49,331,0,0,0,0.0,0.0,0.0,0.0,0,669415
1381560,8,2023-11-27,376,293,49,331,0,0,0,0.0,0.0,4808362.0,5425827806.0,0,751807
1564168,8,2024-02-06,376,293,49,331,0,0,0,0.0,0.0,4832391.0,545294249.0,0,1381560
1788633,8,2024-03-30,376,344,49,331,0,0,0,0.0,0.0,473695.0,5345245434.0,0,1564168
1893853,8,2024-05-12,376,344,49,331,0,0,0,21934.0,247506546.0,4667748.0,5267156859.0,0,1788633
10171,8,2023-06-04,377,293,49,331,0,0,0,0.0,0.0,4996757.0,563841555.0,0,0
92665,8,2023-06-05,377,293,49,331,0,0,0,0.0,0.0,4996757.0,563841555.0,0,10171
175058,8,2023-06-06,377,293,49,331,0,0,0,0.0,0.0,4996757.0,563841555.0,0,92665
257451,8,2023-06-07,377,293,49,331,0,0,0,0.0,0.0,4996757.0,563841555.0,0,175058
339844,8,2023-06-08,377,293,49,331,0,0,0,0.0,0.0,4996757.0,563841555.0,0,257451
422237,8,2023-06-15,377,293,49,331,0,0,0,0.0,0.0,4996757.0,563841555.0,0,339844
504630,8,2023-06-16,377,293,49,331,0,0,0,0.0,0.0,4996757.0,563841555.0,0,422237
587023,8,2023-06-17,377,293,49,331,0,0,0,0.0,0.0,4996757.0,563841555.0,0,504630
669416,8,2023-06-18,377,293,49,331,0,0,0,0.0,0.0,4996757.0,563841555.0,0,587023
751808,8,2023-06-19,377,293,49,331,0,0,0,0.0,0.0,0.0,0.0,0,669416
1381561,8,2023-11-27,377,293,49,331,0,0,0,0.0,0.0,4808362.0,5425827806.0,0,751808
1564169,8,2024-02-06,377,293,49,331,0,0,0,0.0,0.0,4832391.0,545294249.0,0,1381561
1788634,8,2024-03-30,377,344,49,331,0,0,0,0.0,0.0,473695.0,5345245434.0,0,1564169
1893854,8,2024-05-12,377,344,49,331,0,0,0,21934.0,247506546.0,4667748.0,5267156859.0,0,1788634
10172,8,2023-06-04,378,293,49,331,0,0,0,0.0,0.0,9358.0,105597076.0,0,0
92666,8,2023-06-05,378,293,49,331,0,0,0,0.0,0.0,9358.0,105597076.0,0,10172
175059,8,2023-06-06,378,293,49,331,0,0,0,0.0,0.0,9358.0,105597076.0,0,92666
257452,8,2023-06-07,378,293,49,331,0,0,0,0.0,0.0,9358.0,105597076.0,0,175059
339845,8,2023-06-08,378,293,49,331,0,0,0,0.0,0.0,9358.0,105597076.0,0,257452
422238,8,2023-06-15,378,293,49,331,0,0,0,0.0,0.0,9358.0,105597076.0,0,339845
504631,8,2023-06-16,378,293,49,331,0,0,0,0.0,0.0,9358.0,105597076.0,0,422238
587024,8,2023-06-17,378,293,49,331,0,0,0,0.0,0.0,9358.0,105597076.0,0,504631
669417,8,2023-06-18,378,293,49,331,0,0,0,0.0,0.0,9358.0,105597076.0,0,587024
751809,8,2023-06-19,378,293,49,331,0,0,0,0.0,0.0,0.0,0.0,0,669417
10173,8,2023-06-04,379,293,49,331,0,0,0,0.0,0.0,241322.0,2723113646.0,0,0
92667,8,2023-06-05,379,293,49,331,0,0,0,0.0,0.0,241322.0,2723113646.0,0,10173
175060,8,2023-06-06,379,293,49,331,0,0,0,0.0,0.0,241322.0,2723113646.0,0,92667
257453,8,2023-06-07,379,293,49,331,0,0,0,0.0,0.0,241322.0,2723113646.0,0,175060
339846,8,2023-06-08,379,293,49,331,0,0,0,0.0,0.0,241322.0,2723113646.0,0,257453
422239,8,2023-06-15,379,293,49,331,0,0,0,0.0,0.0,241322.0,2723113646.0,0,339846
504632,8,2023-06-16,379,293,49,331,0,0,0,0.0,0.0,241322.0,2723113646.0,0,422239
587025,8,2023-06-17,379,293,49,331,0,0,0,0.0,0.0,241322.0,2723113646.0,0,504632
669418,8,2023-06-18,379,293,49,331,0,0,0,0.0,0.0,241322.0,2723113646.0,0,587025
751810,8,2023-06-19,379,293,49,331,0,0,0,0.0,0.0,0.0,0.0,0,669418
1564170,8,2024-02-06,379,293,49,340,0,0,0,0.0,0.0,0.0,0.0,0,751810
10174,8,2023-06-04,380,293,49,331,0,0,0,0.0,0.0,241322.0,2723113646.0,0,0
92668,8,2023-06-05,380,293,49,331,0,0,0,0.0,0.0,241322.0,2723113646.0,0,10174
175061,8,2023-06-06,380,293,49,331,0,0,0,0.0,0.0,241322.0,2723113646.0,0,92668
257454,8,2023-06-07,380,293,49,331,0,0,0,0.0,0.0,241322.0,2723113646.0,0,175061
339847,8,2023-06-08,380,293,49,331,0,0,0,0.0,0.0,241322.0,2723113646.0,0,257454
422240,8,2023-06-15,380,293,49,331,0,0,0,0.0,0.0,241322.0,2723113646.0,0,339847
504633,8,2023-06-16,380,293,49,331,0,0,0,0.0,0.0,241322.0,2723113646.0,0,422240
587026,8,2023-06-17,380,293,49,331,0,0,0,0.0,0.0,241322.0,2723113646.0,0,504633
669419,8,2023-06-18,380,293,49,331,0,0,0,0.0,0.0,241322.0,2723113646.0,0,587026
751811,8,2023-06-19,380,293,49,331,0,0,0,0.0,0.0,0.0,0.0,0,669419
1564171,8,2024-02-06,380,293,49,340,0,0,0,0.0,0.0,0.0,0.0,0,751811
10175,8,2023-06-04,383,293,49,331,0,0,0,0.0,0.0,300391.0,3389657103.0,0,0
92669,8,2023-06-05,383,293,49,331,0,0,0,0.0,0.0,300391.0,3389657103.0,0,10175
175062,8,2023-06-06,383,293,49,331,0,0,0,0.0,0.0,300391.0,3389657103.0,0,92669
257455,8,2023-06-07,383,293,49,331,0,0,0,0.0,0.0,300391.0,3389657103.0,0,175062
339848,8,2023-06-08,383,293,49,331,0,0,0,0.0,0.0,300391.0,3389657103.0,0,257455
422241,8,2023-06-15,383,293,49,331,0,0,0,0.0,0.0,300391.0,3389657103.0,0,339848
504634,8,2023-06-16,383,293,49,331,0,0,0,0.0,0.0,300391.0,3389657103.0,0,422241
587027,8,2023-06-17,383,293,49,331,0,0,0,0.0,0.0,300391.0,3389657103.0,0,504634
669420,8,2023-06-18,383,293,49,331,0,0,0,0.0,0.0,300391.0,3389657103.0,0,587027
751812,8,2023-06-19,383,293,49,331,0,0,0,0.0,0.0,0.0,0.0,0,669420
1381562,8,2023-11-27,383,293,49,331,0,0,0,0.0,0.0,277878.0,3135617034.0,0,751812
1564172,8,2024-02-06,383,293,49,331,0,0,0,0.0,0.0,272636.0,3076465519.0,0,1381562
1788635,8,2024-03-30,383,344,49,331,0,0,0,0.0,0.0,27603.0,3114763925.0,0,1564172
1893855,8,2024-05-12,383,344,49,331,0,0,0,223.0,25163655.0,267958.0,3023678266.0,0,1788635
10176,8,2023-06-04,384,293,49,331,0,0,0,0.0,0.0,700436.0,7903824889.0,0,0
92670,8,2023-06-05,384,293,49,331,0,0,0,0.0,0.0,700436.0,7903824889.0,0,10176
175063,8,2023-06-06,384,293,49,331,0,0,0,0.0,0.0,700436.0,7903824889.0,0,92670
257456,8,2023-06-07,384,293,49,331,0,0,0,0.0,0.0,700436.0,7903824889.0,0,175063
339849,8,2023-06-08,384,293,49,331,0,0,0,0.0,0.0,700436.0,7903824889.0,0,257456
422242,8,2023-06-15,384,293,49,331,0,0,0,0.0,0.0,700436.0,7903824889.0,0,339849
504635,8,2023-06-16,384,293,49,331,0,0,0,0.0,0.0,700436.0,7903824889.0,0,422242
587028,8,2023-06-17,384,293,49,331,0,0,0,0.0,0.0,700436.0,7903824889.0,0,504635
669421,8,2023-06-18,384,293,49,331,0,0,0,0.0,0.0,700436.0,7903824889.0,0,587028
751813,8,2023-06-19,384,293,49,331,0,0,0,0.0,0.0,0.0,0.0,0,669421
10177,8,2023-06-04,385,293,49,331,0,0,0,0.0,0.0,405229.0,457266482.0,0,0
92671,8,2023-06-05,385,293,49,331,0,0,0,0.0,0.0,405229.0,457266482.0,0,10177
175064,8,2023-06-06,385,293,49,331,0,0,0,0.0,0.0,405229.0,457266482.0,0,92671
257457,8,2023-06-07,385,293,49,331,0,0,0,0.0,0.0,405229.0,457266482.0,0,175064
339850,8,2023-06-08,385,293,49,331,0,0,0,0.0,0.0,405229.0,457266482.0,0,257457
422243,8,2023-06-15,385,293,49,331,0,0,0,0.0,0.0,405229.0,457266482.0,0,339850
504636,8,2023-06-16,385,293,49,331,0,0,0,0.0,0.0,405229.0,457266482.0,0,422243
587029,8,2023-06-17,385,293,49,331,0,0,0,0.0,0.0,405229.0,457266482.0,0,504636
669422,8,2023-06-18,385,293,49,331,0,0,0,0.0,0.0,405229.0,457266482.0,0,587029
751814,8,2023-06-19,385,293,49,331,0,0,0,0.0,0.0,0.0,0.0,0,669422
10178,8,2023-06-04,386,293,49,331,0,0,0,0.0,0.0,405229.0,457266482.0,0,0
92672,8,2023-06-05,386,293,49,331,0,0,0,0.0,0.0,405229.0,457266482.0,0,10178
175065,8,2023-06-06,386,293,49,331,0,0,0,0.0,0.0,405229.0,457266482.0,0,92672
257458,8,2023-06-07,386,293,49,331,0,0,0,0.0,0.0,405229.0,457266482.0,0,175065
339851,8,2023-06-08,386,293,49,331,0,0,0,0.0,0.0,405229.0,457266482.0,0,257458
422244,8,2023-06-15,386,293,49,331,0,0,0,0.0,0.0,405229.0,457266482.0,0,339851
504637,8,2023-06-16,386,293,49,331,0,0,0,0.0,0.0,405229.0,457266482.0,0,422244
587030,8,2023-06-17,386,293,49,331,0,0,0,0.0,0.0,405229.0,457266482.0,0,504637
669423,8,2023-06-18,386,293,49,331,0,0,0,0.0,0.0,405229.0,457266482.0,0,587030
751815,8,2023-06-19,386,293,49,331,0,0,0,0.0,0.0,0.0,0.0,0,669423
10179,8,2023-06-04,387,293,49,331,0,0,0,0.0,0.0,825084.0,9310371619.0,0,0
92673,8,2023-06-05,387,293,49,331,0,0,0,0.0,0.0,825084.0,9310371619.0,0,10179
175066,8,2023-06-06,387,293,49,331,0,0,0,0.0,0.0,825084.0,9310371619.0,0,92673
257459,8,2023-06-07,387,293,49,331,0,0,0,0.0,0.0,825084.0,9310371619.0,0,175066
339852,8,2023-06-08,387,293,49,331,0,0,0,0.0,0.0,825084.0,9310371619.0,0,257459
422245,8,2023-06-15,387,293,49,331,0,0,0,0.0,0.0,825084.0,9310371619.0,0,339852
504638,8,2023-06-16,387,293,49,331,0,0,0,0.0,0.0,825084.0,9310371619.0,0,422245
587031,8,2023-06-17,387,293,49,331,0,0,0,0.0,0.0,825084.0,9310371619.0,0,504638
669424,8,2023-06-18,387,293,49,331,0,0,0,0.0,0.0,825084.0,9310371619.0,0,587031
751816,8,2023-06-19,387,293,49,331,0,0,0,0.0,0.0,0.0,0.0,0,669424
1381563,8,2023-11-27,387,293,49,331,0,0,0,0.0,0.0,140234.0,1582421491.0,0,751816
1564173,8,2024-02-06,387,293,49,331,0,0,0,0.0,0.0,1450904.0,1637221837.0,0,1381563
10180,8,2023-06-04,388,293,49,331,0,0,0,0.0,0.0,2013927.0,2272545436.0,0,0
92674,8,2023-06-05,388,293,49,331,0,0,0,0.0,0.0,2013927.0,2272545436.0,0,10180
175067,8,2023-06-06,388,293,49,331,0,0,0,0.0,0.0,2013927.0,2272545436.0,0,92674
257460,8,2023-06-07,388,293,49,331,0,0,0,0.0,0.0,2013927.0,2272545436.0,0,175067
339853,8,2023-06-08,388,293,49,331,0,0,0,0.0,0.0,2013927.0,2272545436.0,0,257460
422246,8,2023-06-15,388,293,49,331,0,0,0,0.0,0.0,2013927.0,2272545436.0,0,339853
504639,8,2023-06-16,388,293,49,331,0,0,0,0.0,0.0,2013927.0,2272545436.0,0,422246
587032,8,2023-06-17,388,293,49,331,0,0,0,0.0,0.0,2013927.0,2272545436.0,0,504639
669425,8,2023-06-18,388,293,49,331,0,0,0,0.0,0.0,2013927.0,2272545436.0,0,587032
751817,8,2023-06-19,388,293,49,331,0,0,0,0.0,0.0,0.0,0.0,0,669425
1381564,8,2023-11-27,388,293,49,331,0,0,0,0.0,0.0,2064267.0,2329349847.0,0,751817
1564174,8,2024-02-06,388,293,49,331,0,0,0,0.0,0.0,2116204.0,2387956337.0,0,1381564
1788636,8,2024-03-30,388,293,49,331,0,0,0,0.0,0.0,2051701.0,2315170184.0,0,1564174
1893856,8,2024-05-12,388,293,49,331,0,0,0,10541.0,118946225.0,2022899.0,2282669575.0,0,1788636
10181,8,2023-06-04,389,293,49,331,0,0,0,0.0,0.0,2013927.0,2272545436.0,0,0
92675,8,2023-06-05,389,293,49,331,0,0,0,0.0,0.0,2013927.0,2272545436.0,0,10181
175068,8,2023-06-06,389,293,49,331,0,0,0,0.0,0.0,2013927.0,2272545436.0,0,92675
257461,8,2023-06-07,389,293,49,331,0,0,0,0.0,0.0,2013927.0,2272545436.0,0,175068
339854,8,2023-06-08,389,293,49,331,0,0,0,0.0,0.0,2013927.0,2272545436.0,0,257461
422247,8,2023-06-15,389,293,49,331,0,0,0,0.0,0.0,2013927.0,2272545436.0,0,339854
504640,8,2023-06-16,389,293,49,331,0,0,0,0.0,0.0,2013927.0,2272545436.0,0,422247
587033,8,2023-06-17,389,293,49,331,0,0,0,0.0,0.0,2013927.0,2272545436.0,0,504640
669426,8,2023-06-18,389,293,49,331,0,0,0,0.0,0.0,2013927.0,2272545436.0,0,587033
751818,8,2023-06-19,389,293,49,331,0,0,0,0.0,0.0,0.0,0.0,0,669426
1381565,8,2023-11-27,389,293,49,331,0,0,0,0.0,0.0,2064267.0,2329349847.0,0,751818
1564175,8,2024-02-06,389,293,49,331,0,0,0,0.0,0.0,2116204.0,2387956337.0,0,1381565
1788637,8,2024-03-30,389,293,49,331,0,0,0,0.0,0.0,2051701.0,2315170184.0,0,1564175
1893857,8,2024-05-12,389,293,49,331,0,0,0,10541.0,118946225.0,2022899.0,2282669575.0,0,1788637
10182,8,2023-06-04,390,293,49,331,0,0,0,0.0,0.0,2028881.0,2289419754.0,0,0
92676,8,2023-06-05,390,293,49,331,0,0,0,0.0,0.0,2028881.0,2289419754.0,0,10182
175069,8,2023-06-06,390,293,49,331,0,0,0,0.0,0.0,2028881.0,2289419754.0,0,92676
257462,8,2023-06-07,390,293,49,331,0,0,0,0.0,0.0,2028881.0,2289419754.0,0,175069
339855,8,2023-06-08,390,293,49,331,0,0,0,0.0,0.0,2028881.0,2289419754.0,0,257462
422248,8,2023-06-15,390,293,49,331,0,0,0,0.0,0.0,2028881.0,2289419754.0,0,339855
504641,8,2023-06-16,390,293,49,331,0,0,0,0.0,0.0,2028881.0,2289419754.0,0,422248
587034,8,2023-06-17,390,293,49,331,0,0,0,0.0,0.0,2028881.0,2289419754.0,0,504641
669427,8,2023-06-18,390,293,49,331,0,0,0,0.0,0.0,2028881.0,2289419754.0,0,587034
751819,8,2023-06-19,390,293,49,331,0,0,0,0.0,0.0,0.0,0.0,0,669427
1381566,8,2023-11-27,390,293,49,331,0,0,0,0.0,0.0,2013549.0,2272118895.0,0,751819
1564176,8,2024-02-06,390,293,49,331,0,0,0,0.0,0.0,208126.0,2348525003.0,0,1381566
1788638,8,2024-03-30,390,293,49,373,0,0,0,0.0,0.0,2042272.0,2304530359.0,0,1564176
1893858,8,2024-05-12,390,293,49,331,0,0,0,15778.0,178041319.0,1972736.0,2226064893.0,0,1788638
10183,8,2023-06-04,391,293,49,331,0,0,0,0.0,0.0,2028881.0,2289419754.0,0,0
92677,8,2023-06-05,391,293,49,331,0,0,0,0.0,0.0,2028881.0,2289419754.0,0,10183
175070,8,2023-06-06,391,293,49,331,0,0,0,0.0,0.0,2028881.0,2289419754.0,0,92677
257463,8,2023-06-07,391,293,49,331,0,0,0,0.0,0.0,2028881.0,2289419754.0,0,175070
339856,8,2023-06-08,391,293,49,331,0,0,0,0.0,0.0,2028881.0,2289419754.0,0,257463
422249,8,2023-06-15,391,293,49,331,0,0,0,0.0,0.0,2028881.0,2289419754.0,0,339856
504642,8,2023-06-16,391,293,49,331,0,0,0,0.0,0.0,2028881.0,2289419754.0,0,422249
587035,8,2023-06-17,391,293,49,331,0,0,0,0.0,0.0,2028881.0,2289419754.0,0,504642
669428,8,2023-06-18,391,293,49,331,0,0,0,0.0,0.0,2028881.0,2289419754.0,0,587035
751820,8,2023-06-19,391,293,49,331,0,0,0,0.0,0.0,0.0,0.0,0,669428
1381567,8,2023-11-27,391,293,49,331,0,0,0,0.0,0.0,2013549.0,2272118895.0,0,751820
1564177,8,2024-02-06,391,293,49,331,0,0,0,0.0,0.0,208126.0,2348525003.0,0,1381567
1788639,8,2024-03-30,391,293,49,373,0,0,0,0.0,0.0,2042272.0,2304530359.0,0,1564177
1893859,8,2024-05-12,391,293,49,331,0,0,0,15778.0,178041319.0,1972736.0,2226064893.0,0,1788639
10184,8,2023-06-04,392,293,49,331,0,0,0,0.0,0.0,122038.0,1377095098.0,0,0
92678,8,2023-06-05,392,293,49,331,0,0,0,0.0,0.0,122038.0,1377095098.0,0,10184
175071,8,2023-06-06,392,293,49,331,0,0,0,0.0,0.0,122038.0,1377095098.0,0,92678
257464,8,2023-06-07,392,293,49,331,0,0,0,0.0,0.0,122038.0,1377095098.0,0,175071
339857,8,2023-06-08,392,293,49,331,0,0,0,0.0,0.0,122038.0,1377095098.0,0,257464
422250,8,2023-06-15,392,293,49,331,0,0,0,0.0,0.0,122038.0,1377095098.0,0,339857
504643,8,2023-06-16,392,293,49,331,0,0,0,0.0,0.0,122038.0,1377095098.0,0,422250
587036,8,2023-06-17,392,293,49,331,0,0,0,0.0,0.0,122038.0,1377095098.0,0,504643
669429,8,2023-06-18,392,293,49,331,0,0,0,0.0,0.0,122038.0,1377095098.0,0,587036
751821,8,2023-06-19,392,293,49,331,0,0,0,0.0,0.0,0.0,0.0,0,669429
1381568,8,2023-11-27,392,293,49,331,0,0,0,0.0,0.0,1272774.0,1436217273.0,0,751821
1564178,8,2024-02-06,392,293,49,331,0,0,0,0.0,0.0,1316498.0,1485556091.0,0,1381568
1788640,8,2024-03-30,392,293,49,331,0,0,0,0.0,0.0,1267643.0,1430427376.0,0,1564178
1893860,8,2024-05-12,392,293,49,331,0,0,0,9815.0,110753932.0,1245325.0,140524341.0,0,1788640
10185,8,2023-06-04,393,293,49,331,0,0,0,0.0,0.0,1178378.0,1329699411.0,0,0
92679,8,2023-06-05,393,293,49,331,0,0,0,0.0,0.0,1178378.0,1329699411.0,0,10185
175072,8,2023-06-06,393,293,49,331,0,0,0,0.0,0.0,1178378.0,1329699411.0,0,92679
257465,8,2023-06-07,393,293,49,331,0,0,0,0.0,0.0,1178378.0,1329699411.0,0,175072
339858,8,2023-06-08,393,293,49,331,0,0,0,0.0,0.0,1178378.0,1329699411.0,0,257465
422251,8,2023-06-15,393,293,49,331,0,0,0,0.0,0.0,1178378.0,1329699411.0,0,339858
504644,8,2023-06-16,393,293,49,331,0,0,0,0.0,0.0,1178378.0,1329699411.0,0,422251
587037,8,2023-06-17,393,293,49,331,0,0,0,0.0,0.0,1178378.0,1329699411.0,0,504644
669430,8,2023-06-18,393,293,49,331,0,0,0,0.0,0.0,1178378.0,1329699411.0,0,587037
751822,8,2023-06-19,393,293,49,331,0,0,0,0.0,0.0,0.0,0.0,0,669430
1381569,8,2023-11-27,393,293,49,331,0,0,0,0.0,0.0,2870534.0,3239153624.0,0,751822
1564179,8,2024-02-06,393,293,49,331,0,0,0,0.0,0.0,2856449.0,3223259898.0,0,1381569
1788641,8,2024-03-30,393,344,49,331,0,0,0,0.0,0.0,2848295.0,3214058802.0,0,1564179
1893861,8,2024-05-12,393,344,49,373,0,0,0,15586.0,175874762.0,2848295.0,3214058802.0,0,1788641
10186,8,2023-06-04,394,293,49,331,0,0,0,0.0,0.0,1008412.0,1137907227.0,0,0
92680,8,2023-06-05,394,293,49,331,0,0,0,0.0,0.0,1008412.0,1137907227.0,0,10186
175073,8,2023-06-06,394,293,49,331,0,0,0,0.0,0.0,1008412.0,1137907227.0,0,92680
257466,8,2023-06-07,394,293,49,331,0,0,0,0.0,0.0,1008412.0,1137907227.0,0,175073
339859,8,2023-06-08,394,293,49,331,0,0,0,0.0,0.0,1008412.0,1137907227.0,0,257466
422252,8,2023-06-15,394,293,49,331,0,0,0,0.0,0.0,1008412.0,1137907227.0,0,339859
504645,8,2023-06-16,394,293,49,331,0,0,0,0.0,0.0,1008412.0,1137907227.0,0,422252
587038,8,2023-06-17,394,293,49,331,0,0,0,0.0,0.0,1008412.0,1137907227.0,0,504645
669431,8,2023-06-18,394,293,49,331,0,0,0,0.0,0.0,1008412.0,1137907227.0,0,587038
751823,8,2023-06-19,394,293,49,331,0,0,0,0.0,0.0,0.0,0.0,0,669431
1381570,8,2023-11-27,394,293,49,373,0,0,0,0.0,0.0,990628.0,1117839495.0,0,751823
1564180,8,2024-02-06,394,293,49,373,0,0,0,0.0,0.0,1016418.0,1146941318.0,0,1381570
1788642,8,2024-03-30,394,293,49,331,0,0,0,0.0,0.0,959799.0,1083051589.0,0,1564180
1893862,8,2024-05-12,394,293,49,331,0,0,0,5524.0,62333645.0,943613.0,1064787063.0,0,1788642
10187,8,2023-06-04,395,293,49,331,0,0,0,0.0,0.0,988281.0,1115191105.0,0,0
92681,8,2023-06-05,395,293,49,331,0,0,0,0.0,0.0,988281.0,1115191105.0,0,10187
175074,8,2023-06-06,395,293,49,331,0,0,0,0.0,0.0,988281.0,1115191105.0,0,92681
257467,8,2023-06-07,395,293,49,331,0,0,0,0.0,0.0,988281.0,1115191105.0,0,175074
339860,8,2023-06-08,395,293,49,331,0,0,0,0.0,0.0,988281.0,1115191105.0,0,257467
422253,8,2023-06-15,395,293,49,331,0,0,0,0.0,0.0,988281.0,1115191105.0,0,339860
504646,8,2023-06-16,395,293,49,331,0,0,0,0.0,0.0,988281.0,1115191105.0,0,422253
587039,8,2023-06-17,395,293,49,331,0,0,0,0.0,0.0,988281.0,1115191105.0,0,504646
669432,8,2023-06-18,395,293,49,331,0,0,0,0.0,0.0,988281.0,1115191105.0,0,587039
751824,8,2023-06-19,395,293,49,331,0,0,0,0.0,0.0,0.0,0.0,0,669432
1564181,8,2024-02-06,395,293,49,340,0,0,0,0.0,0.0,0.0,0.0,0,751824
10188,8,2023-06-04,396,293,49,331,0,0,0,0.0,0.0,988281.0,1115191105.0,0,0
92682,8,2023-06-05,396,293,49,331,0,0,0,0.0,0.0,988281.0,1115191105.0,0,10188
175075,8,2023-06-06,396,293,49,331,0,0,0,0.0,0.0,988281.0,1115191105.0,0,92682
257468,8,2023-06-07,396,293,49,331,0,0,0,0.0,0.0,988281.0,1115191105.0,0,175075
339861,8,2023-06-08,396,293,49,331,0,0,0,0.0,0.0,988281.0,1115191105.0,0,257468
422254,8,2023-06-15,396,293,49,331,0,0,0,0.0,0.0,988281.0,1115191105.0,0,339861
504647,8,2023-06-16,396,293,49,331,0,0,0,0.0,0.0,988281.0,1115191105.0,0,422254
587040,8,2023-06-17,396,293,49,331,0,0,0,0.0,0.0,988281.0,1115191105.0,0,504647
669433,8,2023-06-18,396,293,49,331,0,0,0,0.0,0.0,988281.0,1115191105.0,0,587040
751825,8,2023-06-19,396,293,49,331,0,0,0,0.0,0.0,0.0,0.0,0,669433
1564182,8,2024-02-06,396,293,49,340,0,0,0,0.0,0.0,0.0,0.0,0,751825
10189,8,2023-06-04,397,293,49,331,0,0,0,0.0,0.0,807929.0,9116792025.0,0,0
92683,8,2023-06-05,397,293,49,331,0,0,0,0.0,0.0,807929.0,9116792025.0,0,10189
175076,8,2023-06-06,397,293,49,331,0,0,0,0.0,0.0,807929.0,9116792025.0,0,92683
257469,8,2023-06-07,397,293,49,331,0,0,0,0.0,0.0,807929.0,9116792025.0,0,175076
339862,8,2023-06-08,397,293,49,331,0,0,0,0.0,0.0,807929.0,9116792025.0,0,257469
422255,8,2023-06-15,397,293,49,331,0,0,0,0.0,0.0,807929.0,9116792025.0,0,339862
504648,8,2023-06-16,397,293,49,331,0,0,0,0.0,0.0,807929.0,9116792025.0,0,422255
587041,8,2023-06-17,397,293,49,331,0,0,0,0.0,0.0,807929.0,9116792025.0,0,504648
669434,8,2023-06-18,397,293,49,331,0,0,0,0.0,0.0,807929.0,9116792025.0,0,587041
751826,8,2023-06-19,397,293,49,331,0,0,0,0.0,0.0,0.0,0.0,0,669434
1381571,8,2023-11-27,397,293,49,331,0,0,0,0.0,0.0,1757593.0,1983294305.0,0,751826
1564183,8,2024-02-06,397,293,49,331,0,0,0,0.0,0.0,1770071.0,1997374668.0,0,1381571
1788643,8,2024-03-30,397,293,49,331,0,0,0,0.0,0.0,1766484.0,1993327043.0,0,1564183
1893863,8,2024-05-12,397,293,49,331,0,0,0,13721.0,154829822.0,173522.0,1958048276.0,0,1788643
10190,8,2023-06-04,398,293,49,331,0,0,0,0.0,0.0,295895.0,3338923564.0,0,0
92684,8,2023-06-05,398,293,49,331,0,0,0,0.0,0.0,295895.0,3338923564.0,0,10190
175077,8,2023-06-06,398,293,49,331,0,0,0,0.0,0.0,295895.0,3338923564.0,0,92684
257470,8,2023-06-07,398,293,49,331,0,0,0,0.0,0.0,295895.0,3338923564.0,0,175077
339863,8,2023-06-08,398,293,49,331,0,0,0,0.0,0.0,295895.0,3338923564.0,0,257470
422256,8,2023-06-15,398,293,49,331,0,0,0,0.0,0.0,295895.0,3338923564.0,0,339863
504649,8,2023-06-16,398,293,49,331,0,0,0,0.0,0.0,295895.0,3338923564.0,0,422256
587042,8,2023-06-17,398,293,49,331,0,0,0,0.0,0.0,295895.0,3338923564.0,0,504649
669435,8,2023-06-18,398,293,49,331,0,0,0,0.0,0.0,295895.0,3338923564.0,0,587042
751827,8,2023-06-19,398,293,49,331,0,0,0,0.0,0.0,0.0,0.0,0,669435
1381572,8,2023-11-27,398,293,49,331,0,0,0,0.0,0.0,282537.0,3188189889.0,0,751827
1564184,8,2024-02-06,398,293,49,331,0,0,0,0.0,0.0,265571.0,2996743.0,0,1381572
1788644,8,2024-03-30,398,344,49,373,0,0,0,0.0,0.0,281266.0,3173847734.0,0,1564184
1893864,8,2024-05-12,398,344,49,331,0,0,0,16.0,1805464.0,269654.0,3042816184.0,0,1788644
10191,8,2023-06-04,399,293,49,331,0,0,0,0.0,0.0,295895.0,3338923564.0,0,0
92685,8,2023-06-05,399,293,49,331,0,0,0,0.0,0.0,295895.0,3338923564.0,0,10191
175078,8,2023-06-06,399,293,49,331,0,0,0,0.0,0.0,295895.0,3338923564.0,0,92685
257471,8,2023-06-07,399,293,49,331,0,0,0,0.0,0.0,295895.0,3338923564.0,0,175078
339864,8,2023-06-08,399,293,49,331,0,0,0,0.0,0.0,295895.0,3338923564.0,0,257471
422257,8,2023-06-15,399,293,49,331,0,0,0,0.0,0.0,295895.0,3338923564.0,0,339864
504650,8,2023-06-16,399,293,49,331,0,0,0,0.0,0.0,295895.0,3338923564.0,0,422257
587043,8,2023-06-17,399,293,49,331,0,0,0,0.0,0.0,295895.0,3338923564.0,0,504650
669436,8,2023-06-18,399,293,49,331,0,0,0,0.0,0.0,295895.0,3338923564.0,0,587043
751828,8,2023-06-19,399,293,49,331,0,0,0,0.0,0.0,0.0,0.0,0,669436
1381573,8,2023-11-27,399,293,49,331,0,0,0,0.0,0.0,282537.0,3188189889.0,0,751828
1564185,8,2024-02-06,399,293,49,331,0,0,0,0.0,0.0,265571.0,2996743.0,0,1381573
1788645,8,2024-03-30,399,344,49,373,0,0,0,0.0,0.0,281266.0,3173847734.0,0,1564185
1893865,8,2024-05-12,399,344,49,331,0,0,0,16.0,1805464.0,269654.0,3042816184.0,0,1788645
10192,8,2023-06-04,400,293,49,331,0,0,0,0.0,0.0,986095.0,1112724389.0,0,0
92686,8,2023-06-05,400,293,49,331,0,0,0,0.0,0.0,986095.0,1112724389.0,0,10192
175079,8,2023-06-06,400,293,49,331,0,0,0,0.0,0.0,986095.0,1112724389.0,0,92686
257472,8,2023-06-07,400,293,49,331,0,0,0,0.0,0.0,986095.0,1112724389.0,0,175079
339865,8,2023-06-08,400,293,49,331,0,0,0,0.0,0.0,986095.0,1112724389.0,0,257472
422258,8,2023-06-15,400,293,49,331,0,0,0,0.0,0.0,986095.0,1112724389.0,0,339865
504651,8,2023-06-16,400,293,49,331,0,0,0,0.0,0.0,986095.0,1112724389.0,0,422258
587044,8,2023-06-17,400,293,49,331,0,0,0,0.0,0.0,986095.0,1112724389.0,0,504651
669437,8,2023-06-18,400,293,49,331,0,0,0,0.0,0.0,986095.0,1112724389.0,0,587044
751829,8,2023-06-19,400,293,49,331,0,0,0,0.0,0.0,0.0,0.0,0,669437
1381574,8,2023-11-27,400,293,49,331,0,0,0,0.0,0.0,9606.0,1083955449.0,0,751829
1564186,8,2024-02-06,400,293,49,331,0,0,0,0.0,0.0,0.0,0.0,0,1381574
1788646,8,2024-03-30,400,344,49,331,0,0,0,0.0,0.0,962837.0,1086479713.0,0,1564186
1893866,8,2024-05-12,400,344,49,331,0,0,0,5978.0,67456649.0,944773.0,1066096025.0,0,1788646
10193,8,2023-06-04,403,293,49,331,0,0,0,0.0,0.0,5972073.0,6738976754.0,0,0
92687,8,2023-06-05,403,293,49,331,0,0,0,0.0,0.0,5972073.0,6738976754.0,0,10193
175080,8,2023-06-06,403,293,49,331,0,0,0,0.0,0.0,5972073.0,6738976754.0,0,92687
257473,8,2023-06-07,403,293,49,331,0,0,0,0.0,0.0,5972073.0,6738976754.0,0,175080
339866,8,2023-06-08,403,293,49,331,0,0,0,0.0,0.0,5972073.0,6738976754.0,0,257473
422259,8,2023-06-15,403,293,49,331,0,0,0,0.0,0.0,5972073.0,6738976754.0,0,339866
504652,8,2023-06-16,403,293,49,331,0,0,0,0.0,0.0,5972073.0,6738976754.0,0,422259
587045,8,2023-06-17,403,293,49,331,0,0,0,0.0,0.0,5972073.0,6738976754.0,0,504652
669438,8,2023-06-18,403,293,49,331,0,0,0,0.0,0.0,5972073.0,6738976754.0,0,587045
751830,8,2023-06-19,403,293,49,331,0,0,0,0.0,0.0,0.0,0.0,0,669438
1381575,8,2023-11-27,403,293,49,331,0,0,0,0.0,0.0,5860165.0,6612698089.0,0,751830
1564187,8,2024-02-06,403,293,49,331,0,0,0,0.0,0.0,5959224.0,672447775.0,0,1381575
1788647,8,2024-03-30,403,344,49,331,0,0,0,0.0,0.0,5811448.0,6557725095.0,0,1564187
1893867,8,2024-05-12,403,344,49,373,0,0,0,22901.0,258418319.0,5811448.0,6557725095.0,0,1788647
10194,8,2023-06-04,404,293,49,331,0,0,0,0.0,0.0,5972073.0,6738976754.0,0,0
92688,8,2023-06-05,404,293,49,331,0,0,0,0.0,0.0,5972073.0,6738976754.0,0,10194
175081,8,2023-06-06,404,293,49,331,0,0,0,0.0,0.0,5972073.0,6738976754.0,0,92688
257474,8,2023-06-07,404,293,49,331,0,0,0,0.0,0.0,5972073.0,6738976754.0,0,175081
339867,8,2023-06-08,404,293,49,331,0,0,0,0.0,0.0,5972073.0,6738976754.0,0,257474
422260,8,2023-06-15,404,293,49,331,0,0,0,0.0,0.0,5972073.0,6738976754.0,0,339867
504653,8,2023-06-16,404,293,49,331,0,0,0,0.0,0.0,5972073.0,6738976754.0,0,422260
587046,8,2023-06-17,404,293,49,331,0,0,0,0.0,0.0,5972073.0,6738976754.0,0,504653
669439,8,2023-06-18,404,293,49,331,0,0,0,0.0,0.0,5972073.0,6738976754.0,0,587046
751831,8,2023-06-19,404,293,49,331,0,0,0,0.0,0.0,0.0,0.0,0,669439
1381576,8,2023-11-27,404,293,49,331,0,0,0,0.0,0.0,5860165.0,6612698089.0,0,751831
1564188,8,2024-02-06,404,293,49,331,0,0,0,0.0,0.0,5959224.0,672447775.0,0,1381576
1788648,8,2024-03-30,404,344,49,331,0,0,0,0.0,0.0,5811448.0,6557725095.0,0,1564188
1893868,8,2024-05-12,404,344,49,373,0,0,0,22901.0,258418319.0,5811448.0,6557725095.0,0,1788648
10195,8,2023-06-04,405,293,49,331,0,0,0,0.0,0.0,93983.0,1060518269.0,0,0
92689,8,2023-06-05,405,293,49,331,0,0,0,0.0,0.0,93983.0,1060518269.0,0,10195
175082,8,2023-06-06,405,293,49,331,0,0,0,0.0,0.0,93983.0,1060518269.0,0,92689
257475,8,2023-06-07,405,293,49,331,0,0,0,0.0,0.0,93983.0,1060518269.0,0,175082
339868,8,2023-06-08,405,293,49,331,0,0,0,0.0,0.0,93983.0,1060518269.0,0,257475
422261,8,2023-06-15,405,293,49,331,0,0,0,0.0,0.0,93983.0,1060518269.0,0,339868
504654,8,2023-06-16,405,293,49,331,0,0,0,0.0,0.0,93983.0,1060518269.0,0,422261
587047,8,2023-06-17,405,293,49,331,0,0,0,0.0,0.0,93983.0,1060518269.0,0,504654
669440,8,2023-06-18,405,293,49,331,0,0,0,0.0,0.0,93983.0,1060518269.0,0,587047
751832,8,2023-06-19,405,293,49,331,0,0,0,0.0,0.0,0.0,0.0,0,669440
1381577,8,2023-11-27,405,293,49,331,0,0,0,0.0,0.0,56595.0,638626469.0,0,751832
1564189,8,2024-02-06,405,293,49,331,0,0,0,0.0,0.0,49811.0,562074796.0,0,1381577
1788649,8,2024-03-30,405,293,49,331,0,0,0,0.0,0.0,45628.0,514873196.0,0,1564189
1893869,8,2024-05-12,405,293,49,331,0,0,0,312.0,3520655.0,4132.0,466261078.0,0,1788649
10196,8,2023-06-04,406,293,49,331,0,0,0,0.0,0.0,3375333.0,3808776387.0,0,0
92690,8,2023-06-05,406,293,49,331,0,0,0,0.0,0.0,3375333.0,3808776387.0,0,10196
175083,8,2023-06-06,406,293,49,331,0,0,0,0.0,0.0,3375333.0,3808776387.0,0,92690
257476,8,2023-06-07,406,293,49,331,0,0,0,0.0,0.0,3375333.0,3808776387.0,0,175083
339869,8,2023-06-08,406,293,49,331,0,0,0,0.0,0.0,3375333.0,3808776387.0,0,257476
422262,8,2023-06-15,406,293,49,331,0,0,0,0.0,0.0,3375333.0,3808776387.0,0,339869
504655,8,2023-06-16,406,293,49,331,0,0,0,0.0,0.0,3375333.0,3808776387.0,0,422262
587048,8,2023-06-17,406,293,49,331,0,0,0,0.0,0.0,3375333.0,3808776387.0,0,504655
669441,8,2023-06-18,406,293,49,331,0,0,0,0.0,0.0,3375333.0,3808776387.0,0,587048
751833,8,2023-06-19,406,293,49,331,0,0,0,0.0,0.0,0.0,0.0,0,669441
1381578,8,2023-11-27,406,293,49,373,0,0,0,0.0,0.0,3235468.0,3650950623.0,0,751833
1564190,8,2024-02-06,406,293,49,373,0,0,0,0.0,0.0,3189743.0,3599353847.0,0,1381578
10197,8,2023-06-04,407,293,49,331,0,0,0,0.0,0.0,3375333.0,3808776387.0,0,0
92691,8,2023-06-05,407,293,49,331,0,0,0,0.0,0.0,3375333.0,3808776387.0,0,10197
175084,8,2023-06-06,407,293,49,331,0,0,0,0.0,0.0,3375333.0,3808776387.0,0,92691
257477,8,2023-06-07,407,293,49,331,0,0,0,0.0,0.0,3375333.0,3808776387.0,0,175084
339870,8,2023-06-08,407,293,49,331,0,0,0,0.0,0.0,3375333.0,3808776387.0,0,257477
422263,8,2023-06-15,407,293,49,331,0,0,0,0.0,0.0,3375333.0,3808776387.0,0,339870
504656,8,2023-06-16,407,293,49,331,0,0,0,0.0,0.0,3375333.0,3808776387.0,0,422263
587049,8,2023-06-17,407,293,49,331,0,0,0,0.0,0.0,3375333.0,3808776387.0,0,504656
669442,8,2023-06-18,407,293,49,331,0,0,0,0.0,0.0,3375333.0,3808776387.0,0,587049
751834,8,2023-06-19,407,293,49,331,0,0,0,0.0,0.0,0.0,0.0,0,669442
1381579,8,2023-11-27,407,293,49,373,0,0,0,0.0,0.0,3235468.0,3650950623.0,0,751834
1564191,8,2024-02-06,407,293,49,373,0,0,0,0.0,0.0,3189743.0,3599353847.0,0,1381579
10198,8,2023-06-04,408,293,49,331,0,0,0,0.0,0.0,53853.0,60768533.0,0,0
92692,8,2023-06-05,408,293,49,331,0,0,0,0.0,0.0,53853.0,60768533.0,0,10198
175085,8,2023-06-06,408,293,49,331,0,0,0,0.0,0.0,53853.0,60768533.0,0,92692
257478,8,2023-06-07,408,293,49,331,0,0,0,0.0,0.0,53853.0,60768533.0,0,175085
339871,8,2023-06-08,408,293,49,331,0,0,0,0.0,0.0,53853.0,60768533.0,0,257478
422264,8,2023-06-15,408,293,49,331,0,0,0,0.0,0.0,53853.0,60768533.0,0,339871
504657,8,2023-06-16,408,293,49,331,0,0,0,0.0,0.0,53853.0,60768533.0,0,422264
587050,8,2023-06-17,408,293,49,331,0,0,0,0.0,0.0,53853.0,60768533.0,0,504657
669443,8,2023-06-18,408,293,49,331,0,0,0,0.0,0.0,53853.0,60768533.0,0,587050
751835,8,2023-06-19,408,293,49,331,0,0,0,0.0,0.0,0.0,0.0,0,669443
10199,8,2023-06-04,409,293,49,331,0,0,0,0.0,0.0,197998.0,2234239132.0,0,0
92693,8,2023-06-05,409,293,49,331,0,0,0,0.0,0.0,197998.0,2234239132.0,0,10199
175086,8,2023-06-06,409,293,49,331,0,0,0,0.0,0.0,197998.0,2234239132.0,0,92693
257479,8,2023-06-07,409,293,49,331,0,0,0,0.0,0.0,197998.0,2234239132.0,0,175086
339872,8,2023-06-08,409,293,49,331,0,0,0,0.0,0.0,197998.0,2234239132.0,0,257479
422265,8,2023-06-15,409,293,49,331,0,0,0,0.0,0.0,197998.0,2234239132.0,0,339872
504658,8,2023-06-16,409,293,49,331,0,0,0,0.0,0.0,197998.0,2234239132.0,0,422265
587051,8,2023-06-17,409,293,49,331,0,0,0,0.0,0.0,197998.0,2234239132.0,0,504658
669444,8,2023-06-18,409,293,49,331,0,0,0,0.0,0.0,197998.0,2234239132.0,0,587051
751836,8,2023-06-19,409,293,49,331,0,0,0,0.0,0.0,0.0,0.0,0,669444
1381580,8,2023-11-27,409,293,49,331,0,0,0,0.0,0.0,184886.0,2086281357.0,0,751836
1564192,8,2024-02-06,409,293,49,331,0,0,0,0.0,0.0,185991.0,2098750343.0,0,1381580
1788650,8,2024-03-30,409,293,49,331,0,0,0,0.0,0.0,18276.0,2062291254.0,0,1564192
1893870,8,2024-05-12,409,293,49,331,0,0,0,1264.0,14263166.0,176962.0,1996865752.0,0,1788650
10200,8,2023-06-04,410,293,49,331,0,0,0,0.0,0.0,197998.0,2234239132.0,0,0
92694,8,2023-06-05,410,293,49,331,0,0,0,0.0,0.0,197998.0,2234239132.0,0,10200
175087,8,2023-06-06,410,293,49,331,0,0,0,0.0,0.0,197998.0,2234239132.0,0,92694
257480,8,2023-06-07,410,293,49,331,0,0,0,0.0,0.0,197998.0,2234239132.0,0,175087
339873,8,2023-06-08,410,293,49,331,0,0,0,0.0,0.0,197998.0,2234239132.0,0,257480
422266,8,2023-06-15,410,293,49,331,0,0,0,0.0,0.0,197998.0,2234239132.0,0,339873
504659,8,2023-06-16,410,293,49,331,0,0,0,0.0,0.0,197998.0,2234239132.0,0,422266
587052,8,2023-06-17,410,293,49,331,0,0,0,0.0,0.0,197998.0,2234239132.0,0,504659
669445,8,2023-06-18,410,293,49,331,0,0,0,0.0,0.0,197998.0,2234239132.0,0,587052
751837,8,2023-06-19,410,293,49,331,0,0,0,0.0,0.0,0.0,0.0,0,669445
1381581,8,2023-11-27,410,293,49,331,0,0,0,0.0,0.0,184886.0,2086281357.0,0,751837
1564193,8,2024-02-06,410,293,49,331,0,0,0,0.0,0.0,185991.0,2098750343.0,0,1381581
1788651,8,2024-03-30,410,293,49,331,0,0,0,0.0,0.0,18276.0,2062291254.0,0,1564193
1893871,8,2024-05-12,410,293,49,331,0,0,0,1264.0,14263166.0,176962.0,1996865752.0,0,1788651
10201,8,2023-06-04,411,293,49,331,0,0,0,0.0,0.0,2803668.0,3163701026.0,0,0
92695,8,2023-06-05,411,293,49,331,0,0,0,0.0,0.0,2803668.0,3163701026.0,0,10201
175088,8,2023-06-06,411,293,49,331,0,0,0,0.0,0.0,2803668.0,3163701026.0,0,92695
257481,8,2023-06-07,411,293,49,331,0,0,0,0.0,0.0,2803668.0,3163701026.0,0,175088
339874,8,2023-06-08,411,293,49,331,0,0,0,0.0,0.0,2803668.0,3163701026.0,0,257481
422267,8,2023-06-15,411,293,49,331,0,0,0,0.0,0.0,2803668.0,3163701026.0,0,339874
504660,8,2023-06-16,411,293,49,331,0,0,0,0.0,0.0,2803668.0,3163701026.0,0,422267
587053,8,2023-06-17,411,293,49,331,0,0,0,0.0,0.0,2803668.0,3163701026.0,0,504660
669446,8,2023-06-18,411,293,49,331,0,0,0,0.0,0.0,2803668.0,3163701026.0,0,587053
751838,8,2023-06-19,411,293,49,331,0,0,0,0.0,0.0,0.0,0.0,0,669446
1381582,8,2023-11-27,411,293,49,331,0,0,0,0.0,0.0,2776467.0,313300701.0,0,751838
1564194,8,2024-02-06,411,293,49,331,0,0,0,0.0,0.0,2766517.0,3121779281.0,0,1381582
1788652,8,2024-03-30,411,293,49,331,0,0,0,0.0,0.0,2798208.0,315753988.0,0,1564194
1893872,8,2024-05-12,411,293,49,331,0,0,0,16083.0,181482984.0,2762505.0,311725208.0,0,1788652
10202,8,2023-06-04,412,293,49,331,0,0,0,0.0,0.0,2803668.0,3163701026.0,0,0
92696,8,2023-06-05,412,293,49,331,0,0,0,0.0,0.0,2803668.0,3163701026.0,0,10202
175089,8,2023-06-06,412,293,49,331,0,0,0,0.0,0.0,2803668.0,3163701026.0,0,92696
257482,8,2023-06-07,412,293,49,331,0,0,0,0.0,0.0,2803668.0,3163701026.0,0,175089
339875,8,2023-06-08,412,293,49,331,0,0,0,0.0,0.0,2803668.0,3163701026.0,0,257482
422268,8,2023-06-15,412,293,49,331,0,0,0,0.0,0.0,2803668.0,3163701026.0,0,339875
504661,8,2023-06-16,412,293,49,331,0,0,0,0.0,0.0,2803668.0,3163701026.0,0,422268
587054,8,2023-06-17,412,293,49,331,0,0,0,0.0,0.0,2803668.0,3163701026.0,0,504661
669447,8,2023-06-18,412,293,49,331,0,0,0,0.0,0.0,2803668.0,3163701026.0,0,587054
751839,8,2023-06-19,412,293,49,331,0,0,0,0.0,0.0,0.0,0.0,0,669447
1381583,8,2023-11-27,412,293,49,331,0,0,0,0.0,0.0,2776467.0,313300701.0,0,751839
1564195,8,2024-02-06,412,293,49,331,0,0,0,0.0,0.0,2766517.0,3121779281.0,0,1381583
1788653,8,2024-03-30,412,293,49,331,0,0,0,0.0,0.0,2798208.0,315753988.0,0,1564195
1893873,8,2024-05-12,412,293,49,331,0,0,0,16083.0,181482984.0,2762505.0,311725208.0,0,1788653
10203,8,2023-06-04,413,293,49,331,0,0,0,0.0,0.0,94147.0,106236887.0,0,0
92697,8,2023-06-05,413,293,49,331,0,0,0,0.0,0.0,94147.0,106236887.0,0,10203
175090,8,2023-06-06,413,293,49,331,0,0,0,0.0,0.0,94147.0,106236887.0,0,92697
257483,8,2023-06-07,413,293,49,331,0,0,0,0.0,0.0,94147.0,106236887.0,0,175090
339876,8,2023-06-08,413,293,49,331,0,0,0,0.0,0.0,94147.0,106236887.0,0,257483
422269,8,2023-06-15,413,293,49,331,0,0,0,0.0,0.0,94147.0,106236887.0,0,339876
504662,8,2023-06-16,413,293,49,331,0,0,0,0.0,0.0,94147.0,106236887.0,0,422269
587055,8,2023-06-17,413,293,49,331,0,0,0,0.0,0.0,94147.0,106236887.0,0,504662
669448,8,2023-06-18,413,293,49,331,0,0,0,0.0,0.0,94147.0,106236887.0,0,587055
751840,8,2023-06-19,413,293,49,331,0,0,0,0.0,0.0,0.0,0.0,0,669448
1381584,8,2023-11-27,413,293,49,331,0,0,0,0.0,0.0,60113.0,678324109.0,0,751840
1564196,8,2024-02-06,413,293,49,331,0,0,0,0.0,0.0,45353.0,511770055.0,0,1381584
1788654,8,2024-03-30,413,293,49,331,0,0,0,0.0,0.0,48382.0,545949745.0,0,1564196
1893874,8,2024-05-12,413,293,49,331,0,0,0,369.0,4163851.0,43421.0,489969077.0,0,1788654
10204,8,2023-06-04,414,293,49,331,0,0,0,0.0,0.0,1096436.0,1237234829.0,0,0
92698,8,2023-06-05,414,293,49,331,0,0,0,0.0,0.0,1096436.0,1237234829.0,0,10204
175091,8,2023-06-06,414,293,49,331,0,0,0,0.0,0.0,1096436.0,1237234829.0,0,92698
257484,8,2023-06-07,414,293,49,331,0,0,0,0.0,0.0,1096436.0,1237234829.0,0,175091
339877,8,2023-06-08,414,293,49,331,0,0,0,0.0,0.0,1096436.0,1237234829.0,0,257484
422270,8,2023-06-15,414,293,49,331,0,0,0,0.0,0.0,1096436.0,1237234829.0,0,339877
504663,8,2023-06-16,414,293,49,331,0,0,0,0.0,0.0,1096436.0,1237234829.0,0,422270
587056,8,2023-06-17,414,293,49,331,0,0,0,0.0,0.0,1096436.0,1237234829.0,0,504663
669449,8,2023-06-18,414,293,49,331,0,0,0,0.0,0.0,1096436.0,1237234829.0,0,587056
751841,8,2023-06-19,414,293,49,331,0,0,0,0.0,0.0,0.0,0.0,0,669449
1381585,8,2023-11-27,414,293,49,331,0,0,0,0.0,0.0,2126041.0,2399056555.0,0,751841
1564197,8,2024-02-06,414,293,49,331,0,0,0,0.0,0.0,218836.0,2469378249.0,0,1381585
1788655,8,2024-03-30,414,344,49,331,0,0,0,0.0,0.0,9073.0,102381093.0,0,1564197
10205,8,2023-06-04,415,293,49,331,0,0,0,0.0,0.0,300603.0,3392049342.0,0,0
92699,8,2023-06-05,415,293,49,331,0,0,0,0.0,0.0,300603.0,3392049342.0,0,10205
175092,8,2023-06-06,415,293,49,331,0,0,0,0.0,0.0,300603.0,3392049342.0,0,92699
257485,8,2023-06-07,415,293,49,331,0,0,0,0.0,0.0,300603.0,3392049342.0,0,175092
339878,8,2023-06-08,415,293,49,331,0,0,0,0.0,0.0,300603.0,3392049342.0,0,257485
422271,8,2023-06-15,415,293,49,331,0,0,0,0.0,0.0,300603.0,3392049342.0,0,339878
504664,8,2023-06-16,415,293,49,331,0,0,0,0.0,0.0,300603.0,3392049342.0,0,422271
587057,8,2023-06-17,415,293,49,331,0,0,0,0.0,0.0,300603.0,3392049342.0,0,504664
669450,8,2023-06-18,415,293,49,331,0,0,0,0.0,0.0,300603.0,3392049342.0,0,587057
751842,8,2023-06-19,415,293,49,331,0,0,0,0.0,0.0,0.0,0.0,0,669450
1564198,8,2024-02-06,415,293,49,340,0,0,0,0.0,0.0,0.0,0.0,0,751842
10206,8,2023-06-04,416,293,49,331,0,0,0,0.0,0.0,1003599.0,1132476166.0,0,0
92700,8,2023-06-05,416,293,49,331,0,0,0,0.0,0.0,1003599.0,1132476166.0,0,10206
175093,8,2023-06-06,416,293,49,331,0,0,0,0.0,0.0,1003599.0,1132476166.0,0,92700
257486,8,2023-06-07,416,293,49,331,0,0,0,0.0,0.0,1003599.0,1132476166.0,0,175093
339879,8,2023-06-08,416,293,49,331,0,0,0,0.0,0.0,1003599.0,1132476166.0,0,257486
422272,8,2023-06-15,416,293,49,331,0,0,0,0.0,0.0,1003599.0,1132476166.0,0,339879
504665,8,2023-06-16,416,293,49,331,0,0,0,0.0,0.0,1003599.0,1132476166.0,0,422272
587058,8,2023-06-17,416,293,49,331,0,0,0,0.0,0.0,1003599.0,1132476166.0,0,504665
669451,8,2023-06-18,416,293,49,331,0,0,0,0.0,0.0,1003599.0,1132476166.0,0,587058
751843,8,2023-06-19,416,293,49,331,0,0,0,0.0,0.0,0.0,0.0,0,669451
1381586,8,2023-11-27,416,293,49,331,0,0,0,0.0,0.0,1267302.0,1430042586.0,0,751843
1564199,8,2024-02-06,416,293,49,331,0,0,0,0.0,0.0,1265712.0,1428248407.0,0,1381586
1788656,8,2024-03-30,416,293,49,331,0,0,0,0.0,0.0,1279104.0,144336014.0,0,1564199
1893875,8,2024-05-12,416,293,49,373,0,0,0,671.0,75716647.0,1279104.0,144336014.0,0,1788656
10207,8,2023-06-04,417,293,49,331,0,0,0,0.0,0.0,1003599.0,1132476166.0,0,0
92701,8,2023-06-05,417,293,49,331,0,0,0,0.0,0.0,1003599.0,1132476166.0,0,10207
175094,8,2023-06-06,417,293,49,331,0,0,0,0.0,0.0,1003599.0,1132476166.0,0,92701
257487,8,2023-06-07,417,293,49,331,0,0,0,0.0,0.0,1003599.0,1132476166.0,0,175094
339880,8,2023-06-08,417,293,49,331,0,0,0,0.0,0.0,1003599.0,1132476166.0,0,257487
422273,8,2023-06-15,417,293,49,331,0,0,0,0.0,0.0,1003599.0,1132476166.0,0,339880
504666,8,2023-06-16,417,293,49,331,0,0,0,0.0,0.0,1003599.0,1132476166.0,0,422273
587059,8,2023-06-17,417,293,49,331,0,0,0,0.0,0.0,1003599.0,1132476166.0,0,504666
669452,8,2023-06-18,417,293,49,331,0,0,0,0.0,0.0,1003599.0,1132476166.0,0,587059
751844,8,2023-06-19,417,293,49,331,0,0,0,0.0,0.0,0.0,0.0,0,669452
1381587,8,2023-11-27,417,293,49,331,0,0,0,0.0,0.0,1267302.0,1430042586.0,0,751844
1564200,8,2024-02-06,417,293,49,331,0,0,0,0.0,0.0,1265712.0,1428248407.0,0,1381587
1788657,8,2024-03-30,417,293,49,331,0,0,0,0.0,0.0,1279104.0,144336014.0,0,1564200
1893876,8,2024-05-12,417,293,49,373,0,0,0,671.0,75716647.0,1279104.0,144336014.0,0,1788657
10208,8,2023-06-04,418,293,49,331,0,0,0,0.0,0.0,1221315.0,1378150166.0,0,0
92702,8,2023-06-05,418,293,49,331,0,0,0,0.0,0.0,1221315.0,1378150166.0,0,10208
175095,8,2023-06-06,418,293,49,331,0,0,0,0.0,0.0,1221315.0,1378150166.0,0,92702
257488,8,2023-06-07,418,293,49,331,0,0,0,0.0,0.0,1221315.0,1378150166.0,0,175095
339881,8,2023-06-08,418,293,49,331,0,0,0,0.0,0.0,1221315.0,1378150166.0,0,257488
422274,8,2023-06-15,418,293,49,331,0,0,0,0.0,0.0,1221315.0,1378150166.0,0,339881
504667,8,2023-06-16,418,293,49,331,0,0,0,0.0,0.0,1221315.0,1378150166.0,0,422274
587060,8,2023-06-17,418,293,49,331,0,0,0,0.0,0.0,1221315.0,1378150166.0,0,504667
669453,8,2023-06-18,418,293,49,331,0,0,0,0.0,0.0,1221315.0,1378150166.0,0,587060
751845,8,2023-06-19,418,293,49,331,0,0,0,0.0,0.0,0.0,0.0,0,669453
1381588,8,2023-11-27,418,344,49,331,0,0,0,0.0,0.0,1189109.0,1341808432.0,0,751845
1564201,8,2024-02-06,418,344,49,331,0,0,0,0.0,0.0,1186097.0,1338409646.0,0,1381588
1788658,8,2024-03-30,418,344,49,331,0,0,0,0.0,0.0,5858.0,66102551.0,0,1564201
1893877,8,2024-05-12,418,344,49,373,0,0,0,6.0,67705.0,5858.0,66102551.0,0,1788658
10209,8,2023-06-04,419,293,49,331,0,0,0,0.0,0.0,1473369.0,166257168.0,0,0
92703,8,2023-06-05,419,293,49,331,0,0,0,0.0,0.0,1473369.0,166257168.0,0,10209
175096,8,2023-06-06,419,293,49,331,0,0,0,0.0,0.0,1473369.0,166257168.0,0,92703
257489,8,2023-06-07,419,293,49,331,0,0,0,0.0,0.0,1473369.0,166257168.0,0,175096
339882,8,2023-06-08,419,293,49,331,0,0,0,0.0,0.0,1473369.0,166257168.0,0,257489
422275,8,2023-06-15,419,293,49,331,0,0,0,0.0,0.0,1473369.0,166257168.0,0,339882
504668,8,2023-06-16,419,293,49,331,0,0,0,0.0,0.0,1473369.0,166257168.0,0,422275
587061,8,2023-06-17,419,293,49,331,0,0,0,0.0,0.0,1473369.0,166257168.0,0,504668
669454,8,2023-06-18,419,293,49,331,0,0,0,0.0,0.0,1473369.0,166257168.0,0,587061
751846,8,2023-06-19,419,293,49,331,0,0,0,0.0,0.0,0.0,0.0,0,669454
1381589,8,2023-11-27,419,293,49,331,0,0,0,0.0,0.0,1414391.0,159602002.0,0,751846
1564202,8,2024-02-06,419,293,49,331,0,0,0,0.0,0.0,1418759.0,1600948937.0,0,1381589
1788659,8,2024-03-30,419,344,49,373,0,0,0,0.0,0.0,140716.0,1587860451.0,0,1564202
1893878,8,2024-05-12,419,344,49,374,0,0,0,5762.0,65019272.0,140716.0,1587860451.0,0,1788659
10210,8,2023-06-04,420,293,49,331,0,0,0,0.0,0.0,1473369.0,166257168.0,0,0
92704,8,2023-06-05,420,293,49,331,0,0,0,0.0,0.0,1473369.0,166257168.0,0,10210
175097,8,2023-06-06,420,293,49,331,0,0,0,0.0,0.0,1473369.0,166257168.0,0,92704
257490,8,2023-06-07,420,293,49,331,0,0,0,0.0,0.0,1473369.0,166257168.0,0,175097
339883,8,2023-06-08,420,293,49,331,0,0,0,0.0,0.0,1473369.0,166257168.0,0,257490
422276,8,2023-06-15,420,293,49,331,0,0,0,0.0,0.0,1473369.0,166257168.0,0,339883
504669,8,2023-06-16,420,293,49,331,0,0,0,0.0,0.0,1473369.0,166257168.0,0,422276
587062,8,2023-06-17,420,293,49,331,0,0,0,0.0,0.0,1473369.0,166257168.0,0,504669
669455,8,2023-06-18,420,293,49,331,0,0,0,0.0,0.0,1473369.0,166257168.0,0,587062
751847,8,2023-06-19,420,293,49,331,0,0,0,0.0,0.0,0.0,0.0,0,669455
1381590,8,2023-11-27,420,293,49,331,0,0,0,0.0,0.0,1414391.0,159602002.0,0,751847
1564203,8,2024-02-06,420,293,49,331,0,0,0,0.0,0.0,1418759.0,1600948937.0,0,1381590
1788660,8,2024-03-30,420,344,49,373,0,0,0,0.0,0.0,140716.0,1587860451.0,0,1564203
1893879,8,2024-05-12,420,344,49,374,0,0,0,5762.0,65019272.0,140716.0,1587860451.0,0,1788660
10211,8,2023-06-04,421,293,49,331,0,0,0,0.0,0.0,2987306.0,33709209.0,0,0
92705,8,2023-06-05,421,293,49,331,0,0,0,0.0,0.0,2987306.0,33709209.0,0,10211
175098,8,2023-06-06,421,293,49,331,0,0,0,0.0,0.0,2987306.0,33709209.0,0,92705
257491,8,2023-06-07,421,293,49,331,0,0,0,0.0,0.0,2987306.0,33709209.0,0,175098
339884,8,2023-06-08,421,293,49,331,0,0,0,0.0,0.0,2987306.0,33709209.0,0,257491
422277,8,2023-06-15,421,293,49,331,0,0,0,0.0,0.0,2987306.0,33709209.0,0,339884
504670,8,2023-06-16,421,293,49,331,0,0,0,0.0,0.0,2987306.0,33709209.0,0,422277
587063,8,2023-06-17,421,293,49,331,0,0,0,0.0,0.0,2987306.0,33709209.0,0,504670
669456,8,2023-06-18,421,293,49,331,0,0,0,0.0,0.0,2987306.0,33709209.0,0,587063
751848,8,2023-06-19,421,293,49,331,0,0,0,0.0,0.0,0.0,0.0,0,669456
1381591,8,2023-11-27,421,293,49,331,0,0,0,0.0,0.0,2854703.0,3221289686.0,0,751848
1564204,8,2024-02-06,421,293,49,331,0,0,0,0.0,0.0,2899942.0,3272338052.0,0,1381591
1788661,8,2024-03-30,421,293,49,331,0,0,0,0.0,0.0,3218388.0,3631677295.0,0,1564204
1893880,8,2024-05-12,421,293,49,331,0,0,0,15416.0,173956456.0,3179996.0,3588355186.0,0,1788661
10212,8,2023-06-04,422,293,49,331,0,0,0,0.0,0.0,2987306.0,33709209.0,0,0
92706,8,2023-06-05,422,293,49,331,0,0,0,0.0,0.0,2987306.0,33709209.0,0,10212
175099,8,2023-06-06,422,293,49,331,0,0,0,0.0,0.0,2987306.0,33709209.0,0,92706
257492,8,2023-06-07,422,293,49,331,0,0,0,0.0,0.0,2987306.0,33709209.0,0,175099
339885,8,2023-06-08,422,293,49,331,0,0,0,0.0,0.0,2987306.0,33709209.0,0,257492
422278,8,2023-06-15,422,293,49,331,0,0,0,0.0,0.0,2987306.0,33709209.0,0,339885
504671,8,2023-06-16,422,293,49,331,0,0,0,0.0,0.0,2987306.0,33709209.0,0,422278
587064,8,2023-06-17,422,293,49,331,0,0,0,0.0,0.0,2987306.0,33709209.0,0,504671
669457,8,2023-06-18,422,293,49,331,0,0,0,0.0,0.0,2987306.0,33709209.0,0,587064
751849,8,2023-06-19,422,293,49,331,0,0,0,0.0,0.0,0.0,0.0,0,669457
1381592,8,2023-11-27,422,293,49,331,0,0,0,0.0,0.0,2854703.0,3221289686.0,0,751849
1564205,8,2024-02-06,422,293,49,331,0,0,0,0.0,0.0,2899942.0,3272338052.0,0,1381592
1788662,8,2024-03-30,422,293,49,331,0,0,0,0.0,0.0,3218388.0,3631677295.0,0,1564205
1893881,8,2024-05-12,422,293,49,331,0,0,0,15416.0,173956456.0,3179996.0,3588355186.0,0,1788662
10213,8,2023-06-04,423,293,49,331,0,0,0,0.0,0.0,140403.0,1584328512.0,0,0
92707,8,2023-06-05,423,293,49,331,0,0,0,0.0,0.0,140403.0,1584328512.0,0,10213
175100,8,2023-06-06,423,293,49,331,0,0,0,0.0,0.0,140403.0,1584328512.0,0,92707
257493,8,2023-06-07,423,293,49,331,0,0,0,0.0,0.0,140403.0,1584328512.0,0,175100
339886,8,2023-06-08,423,293,49,331,0,0,0,0.0,0.0,140403.0,1584328512.0,0,257493
422279,8,2023-06-15,423,293,49,331,0,0,0,0.0,0.0,140403.0,1584328512.0,0,339886
504672,8,2023-06-16,423,293,49,331,0,0,0,0.0,0.0,140403.0,1584328512.0,0,422279
587065,8,2023-06-17,423,293,49,331,0,0,0,0.0,0.0,140403.0,1584328512.0,0,504672
669458,8,2023-06-18,423,293,49,331,0,0,0,0.0,0.0,140403.0,1584328512.0,0,587065
751850,8,2023-06-19,423,293,49,331,0,0,0,0.0,0.0,0.0,0.0,0,669458
1381593,8,2023-11-27,423,293,49,331,0,0,0,0.0,0.0,95238.0,1074679878.0,0,751850
1564206,8,2024-02-06,423,293,49,331,0,0,0,0.0,0.0,93885.0,1059412423.0,0,1381593
1788663,8,2024-03-30,423,293,49,331,0,0,0,0.0,0.0,77672.0,876462499.0,0,1564206
1893882,8,2024-05-12,423,293,49,373,0,0,0,477.0,538254.0,77672.0,876462499.0,0,1788663
10214,8,2023-06-04,424,293,49,331,0,0,0,0.0,0.0,140403.0,1584328512.0,0,0
92708,8,2023-06-05,424,293,49,331,0,0,0,0.0,0.0,140403.0,1584328512.0,0,10214
175101,8,2023-06-06,424,293,49,331,0,0,0,0.0,0.0,140403.0,1584328512.0,0,92708
257494,8,2023-06-07,424,293,49,331,0,0,0,0.0,0.0,140403.0,1584328512.0,0,175101
339887,8,2023-06-08,424,293,49,331,0,0,0,0.0,0.0,140403.0,1584328512.0,0,257494
422280,8,2023-06-15,424,293,49,331,0,0,0,0.0,0.0,140403.0,1584328512.0,0,339887
504673,8,2023-06-16,424,293,49,331,0,0,0,0.0,0.0,140403.0,1584328512.0,0,422280
587066,8,2023-06-17,424,293,49,331,0,0,0,0.0,0.0,140403.0,1584328512.0,0,504673
669459,8,2023-06-18,424,293,49,331,0,0,0,0.0,0.0,140403.0,1584328512.0,0,587066
751851,8,2023-06-19,424,293,49,331,0,0,0,0.0,0.0,0.0,0.0,0,669459
1381594,8,2023-11-27,424,293,49,331,0,0,0,0.0,0.0,95238.0,1074679878.0,0,751851
1564207,8,2024-02-06,424,293,49,331,0,0,0,0.0,0.0,93885.0,1059412423.0,0,1381594
1788664,8,2024-03-30,424,293,49,331,0,0,0,0.0,0.0,77672.0,876462499.0,0,1564207
1893883,8,2024-05-12,424,293,49,373,0,0,0,477.0,538254.0,77672.0,876462499.0,0,1788664
10215,8,2023-06-04,425,293,49,331,0,0,0,0.0,0.0,809593.0,9135568851.0,0,0
92709,8,2023-06-05,425,293,49,331,0,0,0,0.0,0.0,809593.0,9135568851.0,0,10215
175102,8,2023-06-06,425,293,49,331,0,0,0,0.0,0.0,809593.0,9135568851.0,0,92709
257495,8,2023-06-07,425,293,49,331,0,0,0,0.0,0.0,809593.0,9135568851.0,0,175102
339888,8,2023-06-08,425,293,49,331,0,0,0,0.0,0.0,809593.0,9135568851.0,0,257495
422281,8,2023-06-15,425,293,49,331,0,0,0,0.0,0.0,809593.0,9135568851.0,0,339888
504674,8,2023-06-16,425,293,49,331,0,0,0,0.0,0.0,809593.0,9135568851.0,0,422281
587067,8,2023-06-17,425,293,49,331,0,0,0,0.0,0.0,809593.0,9135568851.0,0,504674
669460,8,2023-06-18,425,293,49,331,0,0,0,0.0,0.0,809593.0,9135568851.0,0,587067
751852,8,2023-06-19,425,293,49,331,0,0,0,0.0,0.0,0.0,0.0,0,669460
1381595,8,2023-11-27,425,293,49,373,0,0,0,0.0,0.0,78633.0,887306567.0,0,751852
1564208,8,2024-02-06,425,293,49,373,0,0,0,0.0,0.0,744225.0,8397946534.0,0,1381595
1788665,8,2024-03-30,425,293,49,331,0,0,0,0.0,0.0,766404.0,8648217697.0,0,1564208
1893884,8,2024-05-12,425,293,49,331,0,0,0,3845.0,43387557.0,751432.0,8479271403.0,0,1788665
10216,8,2023-06-04,426,293,49,331,0,0,0,0.0,0.0,809593.0,9135568851.0,0,0
92710,8,2023-06-05,426,293,49,331,0,0,0,0.0,0.0,809593.0,9135568851.0,0,10216
175103,8,2023-06-06,426,293,49,331,0,0,0,0.0,0.0,809593.0,9135568851.0,0,92710
257496,8,2023-06-07,426,293,49,331,0,0,0,0.0,0.0,809593.0,9135568851.0,0,175103
339889,8,2023-06-08,426,293,49,331,0,0,0,0.0,0.0,809593.0,9135568851.0,0,257496
422282,8,2023-06-15,426,293,49,331,0,0,0,0.0,0.0,809593.0,9135568851.0,0,339889
504675,8,2023-06-16,426,293,49,331,0,0,0,0.0,0.0,809593.0,9135568851.0,0,422282
587068,8,2023-06-17,426,293,49,331,0,0,0,0.0,0.0,809593.0,9135568851.0,0,504675
669461,8,2023-06-18,426,293,49,331,0,0,0,0.0,0.0,809593.0,9135568851.0,0,587068
751853,8,2023-06-19,426,293,49,331,0,0,0,0.0,0.0,0.0,0.0,0,669461
1381596,8,2023-11-27,426,293,49,373,0,0,0,0.0,0.0,78633.0,887306567.0,0,751853
1564209,8,2024-02-06,426,293,49,373,0,0,0,0.0,0.0,744225.0,8397946534.0,0,1381596
1788666,8,2024-03-30,426,293,49,331,0,0,0,0.0,0.0,766404.0,8648217697.0,0,1564209
1893885,8,2024-05-12,426,293,49,331,0,0,0,3845.0,43387557.0,751432.0,8479271403.0,0,1788666
10217,8,2023-06-04,427,293,49,331,0,0,0,0.0,0.0,1964096.0,2216315388.0,0,0
92711,8,2023-06-05,427,293,49,331,0,0,0,0.0,0.0,1964096.0,2216315388.0,0,10217
175104,8,2023-06-06,427,293,49,331,0,0,0,0.0,0.0,1964096.0,2216315388.0,0,92711
257497,8,2023-06-07,427,293,49,331,0,0,0,0.0,0.0,1964096.0,2216315388.0,0,175104
339890,8,2023-06-08,427,293,49,331,0,0,0,0.0,0.0,1964096.0,2216315388.0,0,257497
422283,8,2023-06-15,427,293,49,331,0,0,0,0.0,0.0,1964096.0,2216315388.0,0,339890
504676,8,2023-06-16,427,293,49,331,0,0,0,0.0,0.0,1964096.0,2216315388.0,0,422283
587069,8,2023-06-17,427,293,49,331,0,0,0,0.0,0.0,1964096.0,2216315388.0,0,504676
669462,8,2023-06-18,427,293,49,331,0,0,0,0.0,0.0,1964096.0,2216315388.0,0,587069
751854,8,2023-06-19,427,293,49,331,0,0,0,0.0,0.0,0.0,0.0,0,669462
1381597,8,2023-11-27,427,293,49,331,0,0,0,0.0,0.0,1743099.0,1966939058.0,0,751854
1564210,8,2024-02-06,427,293,49,331,0,0,0,0.0,0.0,1687184.0,1903843733.0,0,1381597
1788667,8,2024-03-30,427,344,49,331,0,0,0,0.0,0.0,1808622.0,2040876194.0,0,1564210
1893886,8,2024-05-12,427,344,49,373,0,0,0,932.0,105168278.0,1808622.0,2040876194.0,0,1788667
10218,8,2023-06-04,428,293,49,331,0,0,0,0.0,0.0,1964096.0,2216315388.0,0,0
92712,8,2023-06-05,428,293,49,331,0,0,0,0.0,0.0,1964096.0,2216315388.0,0,10218
175105,8,2023-06-06,428,293,49,331,0,0,0,0.0,0.0,1964096.0,2216315388.0,0,92712
257498,8,2023-06-07,428,293,49,331,0,0,0,0.0,0.0,1964096.0,2216315388.0,0,175105
339891,8,2023-06-08,428,293,49,331,0,0,0,0.0,0.0,1964096.0,2216315388.0,0,257498
422284,8,2023-06-15,428,293,49,331,0,0,0,0.0,0.0,1964096.0,2216315388.0,0,339891
504677,8,2023-06-16,428,293,49,331,0,0,0,0.0,0.0,1964096.0,2216315388.0,0,422284
587070,8,2023-06-17,428,293,49,331,0,0,0,0.0,0.0,1964096.0,2216315388.0,0,504677
669463,8,2023-06-18,428,293,49,331,0,0,0,0.0,0.0,1964096.0,2216315388.0,0,587070
751855,8,2023-06-19,428,293,49,331,0,0,0,0.0,0.0,0.0,0.0,0,669463
1381598,8,2023-11-27,428,293,49,331,0,0,0,0.0,0.0,1743099.0,1966939058.0,0,751855
1564211,8,2024-02-06,428,293,49,331,0,0,0,0.0,0.0,1687184.0,1903843733.0,0,1381598
1788668,8,2024-03-30,428,344,49,331,0,0,0,0.0,0.0,1808622.0,2040876194.0,0,1564211
1893887,8,2024-05-12,428,344,49,373,0,0,0,932.0,105168278.0,1808622.0,2040876194.0,0,1788668
10219,8,2023-06-04,429,293,49,331,0,0,0,0.0,0.0,1171075.0,1321458596.0,0,0
92713,8,2023-06-05,429,293,49,331,0,0,0,0.0,0.0,1171075.0,1321458596.0,0,10219
175106,8,2023-06-06,429,293,49,331,0,0,0,0.0,0.0,1171075.0,1321458596.0,0,92713
257499,8,2023-06-07,429,293,49,331,0,0,0,0.0,0.0,1171075.0,1321458596.0,0,175106
339892,8,2023-06-08,429,293,49,331,0,0,0,0.0,0.0,1171075.0,1321458596.0,0,257499
422285,8,2023-06-15,429,293,49,331,0,0,0,0.0,0.0,1171075.0,1321458596.0,0,339892
504678,8,2023-06-16,429,293,49,331,0,0,0,0.0,0.0,1171075.0,1321458596.0,0,422285
587071,8,2023-06-17,429,293,49,331,0,0,0,0.0,0.0,1171075.0,1321458596.0,0,504678
669464,8,2023-06-18,429,293,49,331,0,0,0,0.0,0.0,1171075.0,1321458596.0,0,587071
751856,8,2023-06-19,429,293,49,331,0,0,0,0.0,0.0,0.0,0.0,0,669464
1381599,8,2023-11-27,429,293,49,331,0,0,0,0.0,0.0,115805.0,1306760991.0,0,751856
1564212,8,2024-02-06,429,293,49,331,0,0,0,0.0,0.0,1171003.0,132137735.0,0,1381599
1788669,8,2024-03-30,429,293,49,373,0,0,0,0.0,0.0,1187561.0,1340061646.0,0,1564212
1893888,8,2024-05-12,429,293,49,331,0,0,0,8034.0,90656861.0,1144464.0,1291430345.0,0,1788669
10220,8,2023-06-04,430,293,49,331,0,0,0,0.0,0.0,1171075.0,1321458596.0,0,0
92714,8,2023-06-05,430,293,49,331,0,0,0,0.0,0.0,1171075.0,1321458596.0,0,10220
175107,8,2023-06-06,430,293,49,331,0,0,0,0.0,0.0,1171075.0,1321458596.0,0,92714
257500,8,2023-06-07,430,293,49,331,0,0,0,0.0,0.0,1171075.0,1321458596.0,0,175107
339893,8,2023-06-08,430,293,49,331,0,0,0,0.0,0.0,1171075.0,1321458596.0,0,257500
422286,8,2023-06-15,430,293,49,331,0,0,0,0.0,0.0,1171075.0,1321458596.0,0,339893
504679,8,2023-06-16,430,293,49,331,0,0,0,0.0,0.0,1171075.0,1321458596.0,0,422286
587072,8,2023-06-17,430,293,49,331,0,0,0,0.0,0.0,1171075.0,1321458596.0,0,504679
669465,8,2023-06-18,430,293,49,331,0,0,0,0.0,0.0,1171075.0,1321458596.0,0,587072
751857,8,2023-06-19,430,293,49,331,0,0,0,0.0,0.0,0.0,0.0,0,669465
1381600,8,2023-11-27,430,293,49,331,0,0,0,0.0,0.0,115805.0,1306760991.0,0,751857
1564213,8,2024-02-06,430,293,49,331,0,0,0,0.0,0.0,1171003.0,132137735.0,0,1381600
1788670,8,2024-03-30,430,293,49,373,0,0,0,0.0,0.0,1187561.0,1340061646.0,0,1564213
1893889,8,2024-05-12,430,293,49,331,0,0,0,8034.0,90656861.0,1144464.0,1291430345.0,0,1788670
10221,8,2023-06-04,431,293,49,331,0,0,0,0.0,0.0,193468.0,2183121932.0,0,0
92715,8,2023-06-05,431,293,49,331,0,0,0,0.0,0.0,193468.0,2183121932.0,0,10221
175108,8,2023-06-06,431,293,49,331,0,0,0,0.0,0.0,193468.0,2183121932.0,0,92715
257501,8,2023-06-07,431,293,49,331,0,0,0,0.0,0.0,193468.0,2183121932.0,0,175108
339894,8,2023-06-08,431,293,49,331,0,0,0,0.0,0.0,193468.0,2183121932.0,0,257501
422287,8,2023-06-15,431,293,49,331,0,0,0,0.0,0.0,193468.0,2183121932.0,0,339894
504680,8,2023-06-16,431,293,49,331,0,0,0,0.0,0.0,193468.0,2183121932.0,0,422287
587073,8,2023-06-17,431,293,49,331,0,0,0,0.0,0.0,193468.0,2183121932.0,0,504680
669466,8,2023-06-18,431,293,49,331,0,0,0,0.0,0.0,193468.0,2183121932.0,0,587073
751858,8,2023-06-19,431,293,49,331,0,0,0,0.0,0.0,0.0,0.0,0,669466
1381601,8,2023-11-27,431,293,49,375,0,0,0,0.0,0.0,189861.0,2142420003.0,0,751858
1564214,8,2024-02-06,431,293,49,375,0,0,0,0.0,0.0,154804.0,1746831557.0,0,1381601
1788671,8,2024-03-30,431,293,49,331,0,0,0,0.0,0.0,156781.0,1769140321.0,0,1564214
1893890,8,2024-05-12,431,293,49,331,0,0,0,1113.0,12559259.0,149498.0,1686957857.0,0,1788671
10222,8,2023-06-04,432,293,49,331,0,0,0,0.0,0.0,193468.0,2183121932.0,0,0
92716,8,2023-06-05,432,293,49,331,0,0,0,0.0,0.0,193468.0,2183121932.0,0,10222
175109,8,2023-06-06,432,293,49,331,0,0,0,0.0,0.0,193468.0,2183121932.0,0,92716
257502,8,2023-06-07,432,293,49,331,0,0,0,0.0,0.0,193468.0,2183121932.0,0,175109
339895,8,2023-06-08,432,293,49,331,0,0,0,0.0,0.0,193468.0,2183121932.0,0,257502
422288,8,2023-06-15,432,293,49,331,0,0,0,0.0,0.0,193468.0,2183121932.0,0,339895
504681,8,2023-06-16,432,293,49,331,0,0,0,0.0,0.0,193468.0,2183121932.0,0,422288
587074,8,2023-06-17,432,293,49,331,0,0,0,0.0,0.0,193468.0,2183121932.0,0,504681
669467,8,2023-06-18,432,293,49,331,0,0,0,0.0,0.0,193468.0,2183121932.0,0,587074
751859,8,2023-06-19,432,293,49,331,0,0,0,0.0,0.0,0.0,0.0,0,669467
1381602,8,2023-11-27,432,293,49,375,0,0,0,0.0,0.0,189861.0,2142420003.0,0,751859
1564215,8,2024-02-06,432,293,49,375,0,0,0,0.0,0.0,154804.0,1746831557.0,0,1381602
1788672,8,2024-03-30,432,293,49,331,0,0,0,0.0,0.0,156781.0,1769140321.0,0,1564215
1893891,8,2024-05-12,432,293,49,331,0,0,0,1113.0,12559259.0,149498.0,1686957857.0,0,1788672
10223,8,2023-06-04,433,293,49,331,0,0,0,0.0,0.0,509735.0,57519262.0,0,0
92717,8,2023-06-05,433,293,49,331,0,0,0,0.0,0.0,509735.0,57519262.0,0,10223
175110,8,2023-06-06,433,293,49,331,0,0,0,0.0,0.0,509735.0,57519262.0,0,92717
257503,8,2023-06-07,433,293,49,331,0,0,0,0.0,0.0,509735.0,57519262.0,0,175110
339896,8,2023-06-08,433,293,49,331,0,0,0,0.0,0.0,509735.0,57519262.0,0,257503
422289,8,2023-06-15,433,293,49,331,0,0,0,0.0,0.0,509735.0,57519262.0,0,339896
504682,8,2023-06-16,433,293,49,331,0,0,0,0.0,0.0,509735.0,57519262.0,0,422289
587075,8,2023-06-17,433,293,49,331,0,0,0,0.0,0.0,509735.0,57519262.0,0,504682
669468,8,2023-06-18,433,293,49,331,0,0,0,0.0,0.0,509735.0,57519262.0,0,587075
751860,8,2023-06-19,433,293,49,331,0,0,0,0.0,0.0,0.0,0.0,0,669468
1381603,8,2023-11-27,433,293,49,331,0,0,0,0.0,0.0,51682.0,5831874403.0,0,751860
1564216,8,2024-02-06,433,293,49,331,0,0,0,0.0,0.0,511548.0,5772384364.0,0,1381603
1788673,8,2024-03-30,433,344,49,373,0,0,0,0.0,0.0,1365858.0,1541254655.0,0,1564216
1893892,8,2024-05-12,433,344,49,374,0,0,0,10353.0,116824805.0,1365858.0,1541254655.0,0,1788673
10224,8,2023-06-04,434,293,49,331,0,0,0,0.0,0.0,97854.0,1104199214.0,0,0
92718,8,2023-06-05,434,293,49,331,0,0,0,0.0,0.0,97854.0,1104199214.0,0,10224
175111,8,2023-06-06,434,293,49,331,0,0,0,0.0,0.0,97854.0,1104199214.0,0,92718
257504,8,2023-06-07,434,293,49,331,0,0,0,0.0,0.0,97854.0,1104199214.0,0,175111
339897,8,2023-06-08,434,293,49,331,0,0,0,0.0,0.0,97854.0,1104199214.0,0,257504
422290,8,2023-06-15,434,293,49,331,0,0,0,0.0,0.0,97854.0,1104199214.0,0,339897
504683,8,2023-06-16,434,293,49,331,0,0,0,0.0,0.0,97854.0,1104199214.0,0,422290
587076,8,2023-06-17,434,293,49,331,0,0,0,0.0,0.0,97854.0,1104199214.0,0,504683
669469,8,2023-06-18,434,293,49,331,0,0,0,0.0,0.0,97854.0,1104199214.0,0,587076
751861,8,2023-06-19,434,293,49,331,0,0,0,0.0,0.0,0.0,0.0,0,669469
1381604,8,2023-11-27,434,293,49,373,0,0,0,0.0,0.0,82217.0,927748961.0,0,751861
1564217,8,2024-02-06,434,293,49,373,0,0,0,0.0,0.0,85872.0,968992529.0,0,1381604
1788674,8,2024-03-30,434,293,49,331,0,0,0,0.0,0.0,73551.0,829960517.0,0,1564217
1893893,8,2024-05-12,434,293,49,373,0,0,0,481.0,5427676.0,73551.0,829960517.0,0,1788674
10225,8,2023-06-04,435,293,49,331,0,0,0,0.0,0.0,97854.0,1104199214.0,0,0
92719,8,2023-06-05,435,293,49,331,0,0,0,0.0,0.0,97854.0,1104199214.0,0,10225
175112,8,2023-06-06,435,293,49,331,0,0,0,0.0,0.0,97854.0,1104199214.0,0,92719
257505,8,2023-06-07,435,293,49,331,0,0,0,0.0,0.0,97854.0,1104199214.0,0,175112
339898,8,2023-06-08,435,293,49,331,0,0,0,0.0,0.0,97854.0,1104199214.0,0,257505
422291,8,2023-06-15,435,293,49,331,0,0,0,0.0,0.0,97854.0,1104199214.0,0,339898
504684,8,2023-06-16,435,293,49,331,0,0,0,0.0,0.0,97854.0,1104199214.0,0,422291
587077,8,2023-06-17,435,293,49,331,0,0,0,0.0,0.0,97854.0,1104199214.0,0,504684
669470,8,2023-06-18,435,293,49,331,0,0,0,0.0,0.0,97854.0,1104199214.0,0,587077
751862,8,2023-06-19,435,293,49,331,0,0,0,0.0,0.0,0.0,0.0,0,669470
1381605,8,2023-11-27,435,293,49,373,0,0,0,0.0,0.0,82217.0,927748961.0,0,751862
1564218,8,2024-02-06,435,293,49,373,0,0,0,0.0,0.0,85872.0,968992529.0,0,1381605
1788675,8,2024-03-30,435,293,49,331,0,0,0,0.0,0.0,73551.0,829960517.0,0,1564218
1893894,8,2024-05-12,435,293,49,373,0,0,0,481.0,5427676.0,73551.0,829960517.0,0,1788675
10226,8,2023-06-04,436,293,49,331,0,0,0,0.0,0.0,3785152.0,4271222294.0,0,0
92720,8,2023-06-05,436,293,49,331,0,0,0,0.0,0.0,3785152.0,4271222294.0,0,10226
175113,8,2023-06-06,436,293,49,331,0,0,0,0.0,0.0,3785152.0,4271222294.0,0,92720
257506,8,2023-06-07,436,293,49,331,0,0,0,0.0,0.0,3785152.0,4271222294.0,0,175113
339899,8,2023-06-08,436,293,49,331,0,0,0,0.0,0.0,3785152.0,4271222294.0,0,257506
422292,8,2023-06-15,436,293,49,331,0,0,0,0.0,0.0,3785152.0,4271222294.0,0,339899
504685,8,2023-06-16,436,293,49,331,0,0,0,0.0,0.0,3785152.0,4271222294.0,0,422292
587078,8,2023-06-17,436,293,49,331,0,0,0,0.0,0.0,3785152.0,4271222294.0,0,504685
669471,8,2023-06-18,436,293,49,331,0,0,0,0.0,0.0,3785152.0,4271222294.0,0,587078
751863,8,2023-06-19,436,293,49,331,0,0,0,0.0,0.0,0.0,0.0,0,669471
1381606,8,2023-11-27,436,293,49,331,0,0,0,0.0,0.0,3738771.0,4218885278.0,0,751863
1564219,8,2024-02-06,436,293,49,331,0,0,0,0.0,0.0,3750396.0,4232003102.0,0,1381606
1788676,8,2024-03-30,436,344,49,331,0,0,0,0.0,0.0,3775709.0,4260566671.0,0,1564219
1893895,8,2024-05-12,436,344,49,331,0,0,0,13021.0,146930917.0,37312.0,4210342048.0,0,1788676
10227,8,2023-06-04,437,293,49,331,0,0,0,0.0,0.0,3785152.0,4271222294.0,0,0
92721,8,2023-06-05,437,293,49,331,0,0,0,0.0,0.0,3785152.0,4271222294.0,0,10227
175114,8,2023-06-06,437,293,49,331,0,0,0,0.0,0.0,3785152.0,4271222294.0,0,92721
257507,8,2023-06-07,437,293,49,331,0,0,0,0.0,0.0,3785152.0,4271222294.0,0,175114
339900,8,2023-06-08,437,293,49,331,0,0,0,0.0,0.0,3785152.0,4271222294.0,0,257507
422293,8,2023-06-15,437,293,49,331,0,0,0,0.0,0.0,3785152.0,4271222294.0,0,339900
504686,8,2023-06-16,437,293,49,331,0,0,0,0.0,0.0,3785152.0,4271222294.0,0,422293
587079,8,2023-06-17,437,293,49,331,0,0,0,0.0,0.0,3785152.0,4271222294.0,0,504686
669472,8,2023-06-18,437,293,49,331,0,0,0,0.0,0.0,3785152.0,4271222294.0,0,587079
751864,8,2023-06-19,437,293,49,331,0,0,0,0.0,0.0,0.0,0.0,0,669472
1381607,8,2023-11-27,437,293,49,331,0,0,0,0.0,0.0,3738771.0,4218885278.0,0,751864
1564220,8,2024-02-06,437,293,49,331,0,0,0,0.0,0.0,3750396.0,4232003102.0,0,1381607
1788677,8,2024-03-30,437,344,49,331,0,0,0,0.0,0.0,3775709.0,4260566671.0,0,1564220
1893896,8,2024-05-12,437,344,49,331,0,0,0,13021.0,146930917.0,37312.0,4210342048.0,0,1788677
10228,8,2023-06-04,438,293,49,331,0,0,0,0.0,0.0,4623902.0,5217680375.0,0,0
92722,8,2023-06-05,438,293,49,331,0,0,0,0.0,0.0,4623902.0,5217680375.0,0,10228
175115,8,2023-06-06,438,293,49,331,0,0,0,0.0,0.0,4623902.0,5217680375.0,0,92722
257508,8,2023-06-07,438,293,49,331,0,0,0,0.0,0.0,4623902.0,5217680375.0,0,175115
339901,8,2023-06-08,438,293,49,331,0,0,0,0.0,0.0,4623902.0,5217680375.0,0,257508
422294,8,2023-06-15,438,293,49,331,0,0,0,0.0,0.0,4623902.0,5217680375.0,0,339901
504687,8,2023-06-16,438,293,49,331,0,0,0,0.0,0.0,4623902.0,5217680375.0,0,422294
587080,8,2023-06-17,438,293,49,331,0,0,0,0.0,0.0,4623902.0,5217680375.0,0,504687
669473,8,2023-06-18,438,293,49,331,0,0,0,0.0,0.0,4623902.0,5217680375.0,0,587080
751865,8,2023-06-19,438,293,49,331,0,0,0,0.0,0.0,0.0,0.0,0,669473
1381608,8,2023-11-27,438,293,49,331,0,0,0,0.0,0.0,4740832.0,5349625941.0,0,751865
1564221,8,2024-02-06,438,293,49,331,0,0,0,0.0,0.0,485477.0,547819529.0,0,1381608
1788678,8,2024-03-30,438,293,49,378,0,0,0,31464.0,355044496.0,492354.0,5555796389.0,0,1564221
1893897,8,2024-05-12,438,293,49,378,0,0,0,31464.0,355044496.0,492354.0,5555796389.0,0,1788678
10229,8,2023-06-04,439,293,49,331,0,0,0,0.0,0.0,297665.0,335889651.0,0,0
92723,8,2023-06-05,439,293,49,331,0,0,0,0.0,0.0,297665.0,335889651.0,0,10229
175116,8,2023-06-06,439,293,49,331,0,0,0,0.0,0.0,297665.0,335889651.0,0,92723
257509,8,2023-06-07,439,293,49,331,0,0,0,0.0,0.0,297665.0,335889651.0,0,175116
339902,8,2023-06-08,439,293,49,331,0,0,0,0.0,0.0,297665.0,335889651.0,0,257509
422295,8,2023-06-15,439,293,49,331,0,0,0,0.0,0.0,297665.0,335889651.0,0,339902
504688,8,2023-06-16,439,293,49,331,0,0,0,0.0,0.0,297665.0,335889651.0,0,422295
587081,8,2023-06-17,439,293,49,331,0,0,0,0.0,0.0,297665.0,335889651.0,0,504688
669474,8,2023-06-18,439,293,49,331,0,0,0,0.0,0.0,297665.0,335889651.0,0,587081
751866,8,2023-06-19,439,293,49,331,0,0,0,0.0,0.0,0.0,0.0,0,669474
1564222,8,2024-02-06,439,293,49,340,0,0,0,0.0,0.0,0.0,0.0,0,751866
10230,8,2023-06-04,440,293,49,331,0,0,0,0.0,0.0,297665.0,335889651.0,0,0
92724,8,2023-06-05,440,293,49,331,0,0,0,0.0,0.0,297665.0,335889651.0,0,10230
175117,8,2023-06-06,440,293,49,331,0,0,0,0.0,0.0,297665.0,335889651.0,0,92724
257510,8,2023-06-07,440,293,49,331,0,0,0,0.0,0.0,297665.0,335889651.0,0,175117
339903,8,2023-06-08,440,293,49,331,0,0,0,0.0,0.0,297665.0,335889651.0,0,257510
422296,8,2023-06-15,440,293,49,331,0,0,0,0.0,0.0,297665.0,335889651.0,0,339903
504689,8,2023-06-16,440,293,49,331,0,0,0,0.0,0.0,297665.0,335889651.0,0,422296
587082,8,2023-06-17,440,293,49,331,0,0,0,0.0,0.0,297665.0,335889651.0,0,504689
669475,8,2023-06-18,440,293,49,331,0,0,0,0.0,0.0,297665.0,335889651.0,0,587082
751867,8,2023-06-19,440,293,49,331,0,0,0,0.0,0.0,0.0,0.0,0,669475
1564223,8,2024-02-06,440,293,49,340,0,0,0,0.0,0.0,0.0,0.0,0,751867
10231,8,2023-06-04,441,293,49,331,0,0,0,0.0,0.0,1147798.0,129519248.0,0,0
92725,8,2023-06-05,441,293,49,331,0,0,0,0.0,0.0,1147798.0,129519248.0,0,10231
175118,8,2023-06-06,441,293,49,331,0,0,0,0.0,0.0,1147798.0,129519248.0,0,92725
257511,8,2023-06-07,441,293,49,331,0,0,0,0.0,0.0,1147798.0,129519248.0,0,175118
339904,8,2023-06-08,441,293,49,331,0,0,0,0.0,0.0,1147798.0,129519248.0,0,257511
422297,8,2023-06-15,441,293,49,331,0,0,0,0.0,0.0,1147798.0,129519248.0,0,339904
504690,8,2023-06-16,441,293,49,331,0,0,0,0.0,0.0,1147798.0,129519248.0,0,422297
587083,8,2023-06-17,441,293,49,331,0,0,0,0.0,0.0,1147798.0,129519248.0,0,504690
669476,8,2023-06-18,441,293,49,331,0,0,0,0.0,0.0,1147798.0,129519248.0,0,587083
751868,8,2023-06-19,441,293,49,331,0,0,0,0.0,0.0,0.0,0.0,0,669476
1381609,8,2023-11-27,441,293,49,331,0,0,0,0.0,0.0,113712.0,1283143265.0,0,751868
1564224,8,2024-02-06,441,293,49,331,0,0,0,0.0,0.0,1153145.0,1301226115.0,0,1381609
1788679,8,2024-03-30,441,293,49,331,0,0,0,0.0,0.0,1133529.0,1279091127.0,0,1564224
1893898,8,2024-05-12,441,293,49,331,0,0,0,789.0,89031944.0,1114647.0,1257784395.0,0,1788679
10232,8,2023-06-04,442,293,49,331,0,0,0,0.0,0.0,1147798.0,129519248.0,0,0
92726,8,2023-06-05,442,293,49,331,0,0,0,0.0,0.0,1147798.0,129519248.0,0,10232
175119,8,2023-06-06,442,293,49,331,0,0,0,0.0,0.0,1147798.0,129519248.0,0,92726
257512,8,2023-06-07,442,293,49,331,0,0,0,0.0,0.0,1147798.0,129519248.0,0,175119
339905,8,2023-06-08,442,293,49,331,0,0,0,0.0,0.0,1147798.0,129519248.0,0,257512
422298,8,2023-06-15,442,293,49,331,0,0,0,0.0,0.0,1147798.0,129519248.0,0,339905
504691,8,2023-06-16,442,293,49,331,0,0,0,0.0,0.0,1147798.0,129519248.0,0,422298
587084,8,2023-06-17,442,293,49,331,0,0,0,0.0,0.0,1147798.0,129519248.0,0,504691
669477,8,2023-06-18,442,293,49,331,0,0,0,0.0,0.0,1147798.0,129519248.0,0,587084
751869,8,2023-06-19,442,293,49,331,0,0,0,0.0,0.0,0.0,0.0,0,669477
1381610,8,2023-11-27,442,293,49,331,0,0,0,0.0,0.0,113712.0,1283143265.0,0,751869
1564225,8,2024-02-06,442,293,49,331,0,0,0,0.0,0.0,1153145.0,1301226115.0,0,1381610
1788680,8,2024-03-30,442,293,49,331,0,0,0,0.0,0.0,1133529.0,1279091127.0,0,1564225
1893899,8,2024-05-12,442,293,49,331,0,0,0,789.0,89031944.0,1114647.0,1257784395.0,0,1788680
10233,8,2023-06-04,443,293,49,331,0,0,0,0.0,0.0,144446.0,1629950331.0,0,0
92727,8,2023-06-05,443,293,49,331,0,0,0,0.0,0.0,144446.0,1629950331.0,0,10233
175120,8,2023-06-06,443,293,49,331,0,0,0,0.0,0.0,144446.0,1629950331.0,0,92727
257513,8,2023-06-07,443,293,49,331,0,0,0,0.0,0.0,144446.0,1629950331.0,0,175120
339906,8,2023-06-08,443,293,49,331,0,0,0,0.0,0.0,144446.0,1629950331.0,0,257513
422299,8,2023-06-15,443,293,49,331,0,0,0,0.0,0.0,144446.0,1629950331.0,0,339906
504692,8,2023-06-16,443,293,49,331,0,0,0,0.0,0.0,144446.0,1629950331.0,0,422299
587085,8,2023-06-17,443,293,49,331,0,0,0,0.0,0.0,144446.0,1629950331.0,0,504692
669478,8,2023-06-18,443,293,49,331,0,0,0,0.0,0.0,144446.0,1629950331.0,0,587085
751870,8,2023-06-19,443,293,49,331,0,0,0,0.0,0.0,0.0,0.0,0,669478
1381611,8,2023-11-27,443,293,49,331,0,0,0,0.0,0.0,121325.0,1369049499.0,0,751870
1564226,8,2024-02-06,443,293,49,331,0,0,0,0.0,0.0,0.0,0.0,0,1381611
10234,8,2023-06-04,444,293,49,331,0,0,0,0.0,0.0,144446.0,1629950331.0,0,0
92728,8,2023-06-05,444,293,49,331,0,0,0,0.0,0.0,144446.0,1629950331.0,0,10234
175121,8,2023-06-06,444,293,49,331,0,0,0,0.0,0.0,144446.0,1629950331.0,0,92728
257514,8,2023-06-07,444,293,49,331,0,0,0,0.0,0.0,144446.0,1629950331.0,0,175121
339907,8,2023-06-08,444,293,49,331,0,0,0,0.0,0.0,144446.0,1629950331.0,0,257514
422300,8,2023-06-15,444,293,49,331,0,0,0,0.0,0.0,144446.0,1629950331.0,0,339907
504693,8,2023-06-16,444,293,49,331,0,0,0,0.0,0.0,144446.0,1629950331.0,0,422300
587086,8,2023-06-17,444,293,49,331,0,0,0,0.0,0.0,144446.0,1629950331.0,0,504693
669479,8,2023-06-18,444,293,49,331,0,0,0,0.0,0.0,144446.0,1629950331.0,0,587086
751871,8,2023-06-19,444,293,49,331,0,0,0,0.0,0.0,0.0,0.0,0,669479
1381612,8,2023-11-27,444,293,49,331,0,0,0,0.0,0.0,121325.0,1369049499.0,0,751871
1564227,8,2024-02-06,444,293,49,331,0,0,0,0.0,0.0,0.0,0.0,0,1381612
10235,8,2023-06-04,445,293,49,331,0,0,0,0.0,0.0,511724.0,5774370375.0,0,0
92729,8,2023-06-05,445,293,49,331,0,0,0,0.0,0.0,511724.0,5774370375.0,0,10235
175122,8,2023-06-06,445,293,49,331,0,0,0,0.0,0.0,511724.0,5774370375.0,0,92729
257515,8,2023-06-07,445,293,49,331,0,0,0,0.0,0.0,511724.0,5774370375.0,0,175122
339908,8,2023-06-08,445,293,49,331,0,0,0,0.0,0.0,511724.0,5774370375.0,0,257515
422301,8,2023-06-15,445,293,49,331,0,0,0,0.0,0.0,511724.0,5774370375.0,0,339908
504694,8,2023-06-16,445,293,49,331,0,0,0,0.0,0.0,511724.0,5774370375.0,0,422301
587087,8,2023-06-17,445,293,49,331,0,0,0,0.0,0.0,511724.0,5774370375.0,0,504694
669480,8,2023-06-18,445,293,49,331,0,0,0,0.0,0.0,511724.0,5774370375.0,0,587087
751872,8,2023-06-19,445,293,49,331,0,0,0,0.0,0.0,0.0,0.0,0,669480
1381613,8,2023-11-27,445,293,49,377,0,0,0,3851.0,43455262.0,535781.0,6045833171.0,0,751872
1564228,8,2024-02-06,445,293,49,377,0,0,0,3851.0,43455262.0,535781.0,6045833171.0,0,1381613
1788681,8,2024-03-30,445,293,49,377,0,0,0,3851.0,43455262.0,535781.0,6045833171.0,0,1564228
1893900,8,2024-05-12,445,293,49,377,0,0,0,3851.0,43455262.0,535781.0,6045833171.0,0,1788681
10236,8,2023-06-04,446,293,49,331,0,0,0,0.0,0.0,511724.0,5774370375.0,0,0
92730,8,2023-06-05,446,293,49,331,0,0,0,0.0,0.0,511724.0,5774370375.0,0,10236
175123,8,2023-06-06,446,293,49,331,0,0,0,0.0,0.0,511724.0,5774370375.0,0,92730
257516,8,2023-06-07,446,293,49,331,0,0,0,0.0,0.0,511724.0,5774370375.0,0,175123
339909,8,2023-06-08,446,293,49,331,0,0,0,0.0,0.0,511724.0,5774370375.0,0,257516
422302,8,2023-06-15,446,293,49,331,0,0,0,0.0,0.0,511724.0,5774370375.0,0,339909
504695,8,2023-06-16,446,293,49,331,0,0,0,0.0,0.0,511724.0,5774370375.0,0,422302
587088,8,2023-06-17,446,293,49,331,0,0,0,0.0,0.0,511724.0,5774370375.0,0,504695
669481,8,2023-06-18,446,293,49,331,0,0,0,0.0,0.0,511724.0,5774370375.0,0,587088
751873,8,2023-06-19,446,293,49,331,0,0,0,0.0,0.0,0.0,0.0,0,669481
1381614,8,2023-11-27,446,293,49,377,0,0,0,3851.0,43455262.0,535781.0,6045833171.0,0,751873
1564229,8,2024-02-06,446,293,49,377,0,0,0,3851.0,43455262.0,535781.0,6045833171.0,0,1381614
1788682,8,2024-03-30,446,293,49,377,0,0,0,3851.0,43455262.0,535781.0,6045833171.0,0,1564229
1893901,8,2024-05-12,446,293,49,377,0,0,0,3851.0,43455262.0,535781.0,6045833171.0,0,1788682
10237,8,2023-06-04,447,293,49,331,0,0,0,0.0,0.0,1994885.0,2251058157.0,0,0
92731,8,2023-06-05,447,293,49,331,0,0,0,0.0,0.0,1994885.0,2251058157.0,0,10237
175124,8,2023-06-06,447,293,49,331,0,0,0,0.0,0.0,1994885.0,2251058157.0,0,92731
257517,8,2023-06-07,447,293,49,331,0,0,0,0.0,0.0,1994885.0,2251058157.0,0,175124
339910,8,2023-06-08,447,293,49,331,0,0,0,0.0,0.0,1994885.0,2251058157.0,0,257517
422303,8,2023-06-15,447,293,49,331,0,0,0,0.0,0.0,1994885.0,2251058157.0,0,339910
504696,8,2023-06-16,447,293,49,331,0,0,0,0.0,0.0,1994885.0,2251058157.0,0,422303
587089,8,2023-06-17,447,293,49,331,0,0,0,0.0,0.0,1994885.0,2251058157.0,0,504696
669482,8,2023-06-18,447,293,49,331,0,0,0,0.0,0.0,1994885.0,2251058157.0,0,587089
751874,8,2023-06-19,447,293,49,331,0,0,0,0.0,0.0,0.0,0.0,0,669482
1381615,8,2023-11-27,447,293,49,331,0,0,0,0.0,0.0,1938249.0,2187149245.0,0,751874
1564230,8,2024-02-06,447,293,49,331,0,0,0,0.0,0.0,189011.0,2132828476.0,0,1381615
1788683,8,2024-03-30,447,344,49,373,0,0,0,0.0,0.0,1933869.0,2182206788.0,0,1564230
1893902,8,2024-05-12,447,344,49,331,0,0,0,7901.0,89156069.0,1878638.0,2119883299.0,0,1788683
10238,8,2023-06-04,448,293,49,331,0,0,0,0.0,0.0,1994885.0,2251058157.0,0,0
92732,8,2023-06-05,448,293,49,331,0,0,0,0.0,0.0,1994885.0,2251058157.0,0,10238
175125,8,2023-06-06,448,293,49,331,0,0,0,0.0,0.0,1994885.0,2251058157.0,0,92732
257518,8,2023-06-07,448,293,49,331,0,0,0,0.0,0.0,1994885.0,2251058157.0,0,175125
339911,8,2023-06-08,448,293,49,331,0,0,0,0.0,0.0,1994885.0,2251058157.0,0,257518
422304,8,2023-06-15,448,293,49,331,0,0,0,0.0,0.0,1994885.0,2251058157.0,0,339911
504697,8,2023-06-16,448,293,49,331,0,0,0,0.0,0.0,1994885.0,2251058157.0,0,422304
587090,8,2023-06-17,448,293,49,331,0,0,0,0.0,0.0,1994885.0,2251058157.0,0,504697
669483,8,2023-06-18,448,293,49,331,0,0,0,0.0,0.0,1994885.0,2251058157.0,0,587090
751875,8,2023-06-19,448,293,49,331,0,0,0,0.0,0.0,0.0,0.0,0,669483
1381616,8,2023-11-27,448,293,49,331,0,0,0,0.0,0.0,1938249.0,2187149245.0,0,751875
1564231,8,2024-02-06,448,293,49,331,0,0,0,0.0,0.0,189011.0,2132828476.0,0,1381616
1788684,8,2024-03-30,448,344,49,373,0,0,0,0.0,0.0,1933869.0,2182206788.0,0,1564231
1893903,8,2024-05-12,448,344,49,331,0,0,0,7901.0,89156069.0,1878638.0,2119883299.0,0,1788684
10239,8,2023-06-04,450,293,49,373,0,0,0,0.0,0.0,1029319.0,1161498999.0,0,0
92733,8,2023-06-05,450,293,49,373,0,0,0,0.0,0.0,1029319.0,1161498999.0,0,10239
175126,8,2023-06-06,450,293,49,373,0,0,0,0.0,0.0,1029319.0,1161498999.0,0,92733
257519,8,2023-06-07,450,293,49,373,0,0,0,0.0,0.0,1029319.0,1161498999.0,0,175126
339912,8,2023-06-08,450,293,49,373,0,0,0,0.0,0.0,1029319.0,1161498999.0,0,257519
422305,8,2023-06-15,450,293,49,373,0,0,0,0.0,0.0,1029319.0,1161498999.0,0,339912
504698,8,2023-06-16,450,293,49,373,0,0,0,0.0,0.0,1029319.0,1161498999.0,0,422305
587091,8,2023-06-17,450,293,49,373,0,0,0,0.0,0.0,1029319.0,1161498999.0,0,504698
669484,8,2023-06-18,450,293,49,373,0,0,0,0.0,0.0,1029319.0,1161498999.0,0,587091
751876,8,2023-06-19,450,293,49,373,0,0,0,0.0,0.0,0.0,0.0,0,669484
1381617,8,2023-11-27,450,293,49,378,0,0,0,8026.0,90566588.0,1060403.0,1196574651.0,0,751876
1564232,8,2024-02-06,450,293,49,378,0,0,0,8026.0,90566588.0,1060403.0,1196574651.0,0,1381617
1788685,8,2024-03-30,450,293,49,378,0,0,0,8026.0,90566588.0,1060403.0,1196574651.0,0,1564232
1893904,8,2024-05-12,450,293,49,378,0,0,0,8026.0,90566588.0,1060403.0,1196574651.0,0,1788685
10240,8,2023-06-04,451,293,49,331,0,0,0,0.0,0.0,1392092.0,1570857494.0,0,0
92734,8,2023-06-05,451,293,49,331,0,0,0,0.0,0.0,1392092.0,1570857494.0,0,10240
175127,8,2023-06-06,451,293,49,331,0,0,0,0.0,0.0,1392092.0,1570857494.0,0,92734
257520,8,2023-06-07,451,293,49,331,0,0,0,0.0,0.0,1392092.0,1570857494.0,0,175127
339913,8,2023-06-08,451,293,49,331,0,0,0,0.0,0.0,1392092.0,1570857494.0,0,257520
422306,8,2023-06-15,451,293,49,331,0,0,0,0.0,0.0,1392092.0,1570857494.0,0,339913
504699,8,2023-06-16,451,293,49,331,0,0,0,0.0,0.0,1392092.0,1570857494.0,0,422306
587092,8,2023-06-17,451,293,49,331,0,0,0,0.0,0.0,1392092.0,1570857494.0,0,504699
669485,8,2023-06-18,451,293,49,331,0,0,0,0.0,0.0,1392092.0,1570857494.0,0,587092
751877,8,2023-06-19,451,293,49,331,0,0,0,0.0,0.0,0.0,0.0,0,669485
1381618,8,2023-11-27,451,293,49,331,0,0,0,0.0,0.0,130765.0,1475571875.0,0,751877
1564233,8,2024-02-06,451,293,49,331,0,0,0,0.0,0.0,1307738.0,1475671175.0,0,1381618
1788686,8,2024-03-30,451,344,49,331,0,0,0,0.0,0.0,1275146.0,1438893874.0,0,1564233
1893905,8,2024-05-12,451,344,49,331,0,0,0,4549.0,51331598.0,1254397.0,1415480391.0,0,1788686
10241,8,2023-06-04,452,293,49,331,0,0,0,0.0,0.0,1151784.0,1299690342.0,0,0
92735,8,2023-06-05,452,293,49,331,0,0,0,0.0,0.0,1151784.0,1299690342.0,0,10241
175128,8,2023-06-06,452,293,49,331,0,0,0,0.0,0.0,1151784.0,1299690342.0,0,92735
257521,8,2023-06-07,452,293,49,331,0,0,0,0.0,0.0,1151784.0,1299690342.0,0,175128
339914,8,2023-06-08,452,293,49,331,0,0,0,0.0,0.0,1151784.0,1299690342.0,0,257521
422307,8,2023-06-15,452,293,49,331,0,0,0,0.0,0.0,1151784.0,1299690342.0,0,339914
504700,8,2023-06-16,452,293,49,331,0,0,0,0.0,0.0,1151784.0,1299690342.0,0,422307
587093,8,2023-06-17,452,293,49,331,0,0,0,0.0,0.0,1151784.0,1299690342.0,0,504700
669486,8,2023-06-18,452,293,49,331,0,0,0,0.0,0.0,1151784.0,1299690342.0,0,587093
751878,8,2023-06-19,452,293,49,331,0,0,0,0.0,0.0,0.0,0.0,0,669486
1381619,8,2023-11-27,452,293,49,331,0,0,0,0.0,0.0,904073.0,1020169534.0,0,751878
1564234,8,2024-02-06,452,293,49,331,0,0,0,0.0,0.0,185.0,20875678.0,0,1381619
1788687,8,2024-03-30,452,344,49,373,0,0,0,0.0,0.0,273137.0,3082118879.0,0,1564234
1893906,8,2024-05-12,452,344,49,374,0,0,0,9332.0,105303688.0,273137.0,3082118879.0,0,1788687
10242,8,2023-06-04,453,293,49,331,0,0,0,0.0,0.0,1979325.0,223350002.0,0,0
92736,8,2023-06-05,453,293,49,331,0,0,0,0.0,0.0,1979325.0,223350002.0,0,10242
175129,8,2023-06-06,453,293,49,331,0,0,0,0.0,0.0,1979325.0,223350002.0,0,92736
257522,8,2023-06-07,453,293,49,331,0,0,0,0.0,0.0,1979325.0,223350002.0,0,175129
339915,8,2023-06-08,453,293,49,331,0,0,0,0.0,0.0,1979325.0,223350002.0,0,257522
422308,8,2023-06-15,453,293,49,331,0,0,0,0.0,0.0,1979325.0,223350002.0,0,339915
504701,8,2023-06-16,453,293,49,331,0,0,0,0.0,0.0,1979325.0,223350002.0,0,422308
587094,8,2023-06-17,453,293,49,331,0,0,0,0.0,0.0,1979325.0,223350002.0,0,504701
669487,8,2023-06-18,453,293,49,331,0,0,0,0.0,0.0,1979325.0,223350002.0,0,587094
751879,8,2023-06-19,453,293,49,331,0,0,0,0.0,0.0,0.0,0.0,0,669487
1564235,8,2024-02-06,453,293,49,340,0,0,0,0.0,0.0,0.0,0.0,0,751879
10243,8,2023-06-04,454,293,49,331,0,0,0,0.0,0.0,1979325.0,223350002.0,0,0
92737,8,2023-06-05,454,293,49,331,0,0,0,0.0,0.0,1979325.0,223350002.0,0,10243
175130,8,2023-06-06,454,293,49,331,0,0,0,0.0,0.0,1979325.0,223350002.0,0,92737
257523,8,2023-06-07,454,293,49,331,0,0,0,0.0,0.0,1979325.0,223350002.0,0,175130
339916,8,2023-06-08,454,293,49,331,0,0,0,0.0,0.0,1979325.0,223350002.0,0,257523
422309,8,2023-06-15,454,293,49,331,0,0,0,0.0,0.0,1979325.0,223350002.0,0,339916
504702,8,2023-06-16,454,293,49,331,0,0,0,0.0,0.0,1979325.0,223350002.0,0,422309
587095,8,2023-06-17,454,293,49,331,0,0,0,0.0,0.0,1979325.0,223350002.0,0,504702
669488,8,2023-06-18,454,293,49,331,0,0,0,0.0,0.0,1979325.0,223350002.0,0,587095
751880,8,2023-06-19,454,293,49,331,0,0,0,0.0,0.0,0.0,0.0,0,669488
1564236,8,2024-02-06,454,293,49,340,0,0,0,0.0,0.0,0.0,0.0,0,751880
10244,8,2023-06-04,455,293,49,373,0,0,0,0.0,0.0,600657.0,6777903687.0,0,0
92738,8,2023-06-05,455,293,49,373,0,0,0,0.0,0.0,600657.0,6777903687.0,0,10244
175131,8,2023-06-06,455,293,49,373,0,0,0,0.0,0.0,600657.0,6777903687.0,0,92738
257524,8,2023-06-07,455,293,49,373,0,0,0,0.0,0.0,600657.0,6777903687.0,0,175131
339917,8,2023-06-08,455,293,49,373,0,0,0,0.0,0.0,600657.0,6777903687.0,0,257524
422310,8,2023-06-15,455,293,49,373,0,0,0,0.0,0.0,600657.0,6777903687.0,0,339917
504703,8,2023-06-16,455,293,49,373,0,0,0,0.0,0.0,600657.0,6777903687.0,0,422310
587096,8,2023-06-17,455,293,49,373,0,0,0,0.0,0.0,600657.0,6777903687.0,0,504703
669489,8,2023-06-18,455,293,49,373,0,0,0,0.0,0.0,600657.0,6777903687.0,0,587096
751881,8,2023-06-19,455,293,49,373,0,0,0,0.0,0.0,0.0,0.0,0,669489
1381620,8,2023-11-27,455,293,49,331,0,0,0,0.0,0.0,470883.0,5313514404.0,0,751881
1564237,8,2024-02-06,455,293,49,331,0,0,0,0.0,0.0,464067.0,5236601638.0,0,1381620
1788688,8,2024-03-30,455,344,49,331,0,0,0,0.0,0.0,435037.0,4909022764.0,0,1564237
1893907,8,2024-05-12,455,344,49,331,0,0,0,1582.0,17851525.0,419704.0,4736002892.0,0,1788688
10245,8,2023-06-04,456,293,49,373,0,0,0,0.0,0.0,600657.0,6777903687.0,0,0
92739,8,2023-06-05,456,293,49,373,0,0,0,0.0,0.0,600657.0,6777903687.0,0,10245
175132,8,2023-06-06,456,293,49,373,0,0,0,0.0,0.0,600657.0,6777903687.0,0,92739
257525,8,2023-06-07,456,293,49,373,0,0,0,0.0,0.0,600657.0,6777903687.0,0,175132
339918,8,2023-06-08,456,293,49,373,0,0,0,0.0,0.0,600657.0,6777903687.0,0,257525
422311,8,2023-06-15,456,293,49,373,0,0,0,0.0,0.0,600657.0,6777903687.0,0,339918
504704,8,2023-06-16,456,293,49,373,0,0,0,0.0,0.0,600657.0,6777903687.0,0,422311
587097,8,2023-06-17,456,293,49,373,0,0,0,0.0,0.0,600657.0,6777903687.0,0,504704
669490,8,2023-06-18,456,293,49,373,0,0,0,0.0,0.0,600657.0,6777903687.0,0,587097
751882,8,2023-06-19,456,293,49,373,0,0,0,0.0,0.0,0.0,0.0,0,669490
1381621,8,2023-11-27,456,293,49,331,0,0,0,0.0,0.0,470883.0,5313514404.0,0,751882
1564238,8,2024-02-06,456,293,49,331,0,0,0,0.0,0.0,464067.0,5236601638.0,0,1381621
1788689,8,2024-03-30,456,344,49,331,0,0,0,0.0,0.0,435037.0,4909022764.0,0,1564238
1893908,8,2024-05-12,456,344,49,331,0,0,0,1582.0,17851525.0,419704.0,4736002892.0,0,1788689
10246,8,2023-06-04,457,293,49,331,0,0,0,0.0,0.0,6013499.0,6785722474.0,0,0
92740,8,2023-06-05,457,293,49,331,0,0,0,0.0,0.0,6013499.0,6785722474.0,0,10246
175133,8,2023-06-06,457,293,49,331,0,0,0,0.0,0.0,6013499.0,6785722474.0,0,92740
257526,8,2023-06-07,457,293,49,331,0,0,0,0.0,0.0,6013499.0,6785722474.0,0,175133
339919,8,2023-06-08,457,293,49,331,0,0,0,0.0,0.0,6013499.0,6785722474.0,0,257526
422312,8,2023-06-15,457,293,49,331,0,0,0,0.0,0.0,6013499.0,6785722474.0,0,339919
504705,8,2023-06-16,457,293,49,331,0,0,0,0.0,0.0,6013499.0,6785722474.0,0,422312
587098,8,2023-06-17,457,293,49,331,0,0,0,0.0,0.0,6013499.0,6785722474.0,0,504705
669491,8,2023-06-18,457,293,49,331,0,0,0,0.0,0.0,6013499.0,6785722474.0,0,587098
751883,8,2023-06-19,457,293,49,331,0,0,0,0.0,0.0,0.0,0.0,0,669491
1381622,8,2023-11-27,457,293,49,331,0,0,0,0.0,0.0,5924892.0,6685737006.0,0,751883
1564239,8,2024-02-06,457,293,49,331,0,0,0,0.0,0.0,24067.0,271575638.0,0,1381622
1788690,8,2024-03-30,457,344,49,331,0,0,0,0.0,0.0,5966806.0,6733033393.0,0,1564239
1893909,8,2024-05-12,457,344,49,331,0,0,0,31899.0,359953101.0,5888965.0,6645196441.0,0,1788690
10247,8,2023-06-04,460,293,49,373,0,0,0,0.0,0.0,380196.0,4290188693.0,0,0
92741,8,2023-06-05,460,293,49,373,0,0,0,0.0,0.0,380196.0,4290188693.0,0,10247
175134,8,2023-06-06,460,293,49,373,0,0,0,0.0,0.0,380196.0,4290188693.0,0,92741
257527,8,2023-06-07,460,293,49,373,0,0,0,0.0,0.0,380196.0,4290188693.0,0,175134
339920,8,2023-06-08,460,293,49,373,0,0,0,0.0,0.0,380196.0,4290188693.0,0,257527
422313,8,2023-06-15,460,293,49,373,0,0,0,0.0,0.0,380196.0,4290188693.0,0,339920
504706,8,2023-06-16,460,293,49,373,0,0,0,0.0,0.0,380196.0,4290188693.0,0,422313
587099,8,2023-06-17,460,293,49,373,0,0,0,0.0,0.0,380196.0,4290188693.0,0,504706
669492,8,2023-06-18,460,293,49,373,0,0,0,0.0,0.0,380196.0,4290188693.0,0,587099
751884,8,2023-06-19,460,293,49,373,0,0,0,0.0,0.0,0.0,0.0,0,669492
1381623,8,2023-11-27,460,293,49,331,0,0,0,0.0,0.0,30268.0,341548652.0,0,751884
1564240,8,2024-02-06,460,293,49,331,0,0,0,0.0,0.0,0.0,0.0,0,1381623
1788691,8,2024-03-30,460,293,49,331,0,0,0,0.0,0.0,3693568.0,4167877535.0,0,1564240
1893910,8,2024-05-12,460,293,49,331,0,0,0,19777.0,223166635.0,0.0,0.0,0,1788691
10248,8,2023-06-04,461,293,49,373,0,0,0,0.0,0.0,380196.0,4290188693.0,0,0
92742,8,2023-06-05,461,293,49,373,0,0,0,0.0,0.0,380196.0,4290188693.0,0,10248
175135,8,2023-06-06,461,293,49,373,0,0,0,0.0,0.0,380196.0,4290188693.0,0,92742
257528,8,2023-06-07,461,293,49,373,0,0,0,0.0,0.0,380196.0,4290188693.0,0,175135
339921,8,2023-06-08,461,293,49,373,0,0,0,0.0,0.0,380196.0,4290188693.0,0,257528
422314,8,2023-06-15,461,293,49,373,0,0,0,0.0,0.0,380196.0,4290188693.0,0,339921
504707,8,2023-06-16,461,293,49,373,0,0,0,0.0,0.0,380196.0,4290188693.0,0,422314
587100,8,2023-06-17,461,293,49,373,0,0,0,0.0,0.0,380196.0,4290188693.0,0,504707
669493,8,2023-06-18,461,293,49,373,0,0,0,0.0,0.0,380196.0,4290188693.0,0,587100
751885,8,2023-06-19,461,293,49,373,0,0,0,0.0,0.0,0.0,0.0,0,669493
1381624,8,2023-11-27,461,293,49,331,0,0,0,0.0,0.0,30268.0,341548652.0,0,751885
1564241,8,2024-02-06,461,293,49,331,0,0,0,0.0,0.0,0.0,0.0,0,1381624
1788692,8,2024-03-30,461,293,49,331,0,0,0,0.0,0.0,3693568.0,4167877535.0,0,1564241
1893911,8,2024-05-12,461,293,49,331,0,0,0,19777.0,223166635.0,0.0,0.0,0,1788692
10249,8,2023-06-04,462,293,49,331,0,0,0,0.0,0.0,3404122.0,3841262327.0,0,0
92743,8,2023-06-05,462,293,49,331,0,0,0,0.0,0.0,3404122.0,3841262327.0,0,10249
175136,8,2023-06-06,462,293,49,331,0,0,0,0.0,0.0,3404122.0,3841262327.0,0,92743
257529,8,2023-06-07,462,293,49,331,0,0,0,0.0,0.0,3404122.0,3841262327.0,0,175136
339922,8,2023-06-08,462,293,49,331,0,0,0,0.0,0.0,3404122.0,3841262327.0,0,257529
422315,8,2023-06-15,462,293,49,331,0,0,0,0.0,0.0,3404122.0,3841262327.0,0,339922
504708,8,2023-06-16,462,293,49,331,0,0,0,0.0,0.0,3404122.0,3841262327.0,0,422315
587101,8,2023-06-17,462,293,49,331,0,0,0,0.0,0.0,3404122.0,3841262327.0,0,504708
669494,8,2023-06-18,462,293,49,331,0,0,0,0.0,0.0,3404122.0,3841262327.0,0,587101
751886,8,2023-06-19,462,293,49,331,0,0,0,0.0,0.0,0.0,0.0,0,669494
1381625,8,2023-11-27,462,293,49,331,0,0,0,0.0,0.0,494171.0,557629969.0,0,751886
1564242,8,2024-02-06,462,293,49,331,0,0,0,0.0,0.0,4987441.0,5627903236.0,0,1381625
1788693,8,2024-03-30,462,344,49,331,0,0,0,0.0,0.0,4913992.0,5545022283.0,0,1564242
1893912,8,2024-05-12,462,344,49,373,0,0,0,2525.0,284924788.0,4913992.0,5545022283.0,0,1788693
10250,8,2023-06-04,463,293,49,331,0,0,0,0.0,0.0,3404122.0,3841262327.0,0,0
92744,8,2023-06-05,463,293,49,331,0,0,0,0.0,0.0,3404122.0,3841262327.0,0,10250
175137,8,2023-06-06,463,293,49,331,0,0,0,0.0,0.0,3404122.0,3841262327.0,0,92744
257530,8,2023-06-07,463,293,49,331,0,0,0,0.0,0.0,3404122.0,3841262327.0,0,175137
339923,8,2023-06-08,463,293,49,331,0,0,0,0.0,0.0,3404122.0,3841262327.0,0,257530
422316,8,2023-06-15,463,293,49,331,0,0,0,0.0,0.0,3404122.0,3841262327.0,0,339923
504709,8,2023-06-16,463,293,49,331,0,0,0,0.0,0.0,3404122.0,3841262327.0,0,422316
587102,8,2023-06-17,463,293,49,331,0,0,0,0.0,0.0,3404122.0,3841262327.0,0,504709
669495,8,2023-06-18,463,293,49,331,0,0,0,0.0,0.0,3404122.0,3841262327.0,0,587102
751887,8,2023-06-19,463,293,49,331,0,0,0,0.0,0.0,0.0,0.0,0,669495
1381626,8,2023-11-27,463,293,49,331,0,0,0,0.0,0.0,494171.0,557629969.0,0,751887
1564243,8,2024-02-06,463,293,49,331,0,0,0,0.0,0.0,4987441.0,5627903236.0,0,1381626
1788694,8,2024-03-30,463,344,49,331,0,0,0,0.0,0.0,4913992.0,5545022283.0,0,1564243
1893913,8,2024-05-12,463,344,49,373,0,0,0,2525.0,284924788.0,4913992.0,5545022283.0,0,1788694
10251,8,2023-06-04,464,293,49,331,0,0,0,0.0,0.0,1848789.0,2086201239.0,0,0
92745,8,2023-06-05,464,293,49,331,0,0,0,0.0,0.0,1848789.0,2086201239.0,0,10251
175138,8,2023-06-06,464,293,49,331,0,0,0,0.0,0.0,1848789.0,2086201239.0,0,92745
257531,8,2023-06-07,464,293,49,331,0,0,0,0.0,0.0,1848789.0,2086201239.0,0,175138
339924,8,2023-06-08,464,293,49,331,0,0,0,0.0,0.0,1848789.0,2086201239.0,0,257531
422317,8,2023-06-15,464,293,49,331,0,0,0,0.0,0.0,1848789.0,2086201239.0,0,339924
504710,8,2023-06-16,464,293,49,331,0,0,0,0.0,0.0,1848789.0,2086201239.0,0,422317
587103,8,2023-06-17,464,293,49,331,0,0,0,0.0,0.0,1848789.0,2086201239.0,0,504710
669496,8,2023-06-18,464,293,49,331,0,0,0,0.0,0.0,1848789.0,2086201239.0,0,587103
751888,8,2023-06-19,464,293,49,331,0,0,0,0.0,0.0,0.0,0.0,0,669496
1381627,8,2023-11-27,464,293,49,331,0,0,0,0.0,0.0,1575072.0,1777334871.0,0,751888
1564244,8,2024-02-06,464,293,49,331,0,0,0,0.0,0.0,0.0,0.0,0,1381627
1788695,8,2024-03-30,464,344,49,373,0,0,0,0.0,0.0,1517839.0,1712752295.0,0,1564244
1893914,8,2024-05-12,464,344,49,374,0,0,0,6224.0,7023255.0,1517839.0,1712752295.0,0,1788695
10252,8,2023-06-04,465,293,49,331,0,0,0,0.0,0.0,1848789.0,2086201239.0,0,0
92746,8,2023-06-05,465,293,49,331,0,0,0,0.0,0.0,1848789.0,2086201239.0,0,10252
175139,8,2023-06-06,465,293,49,331,0,0,0,0.0,0.0,1848789.0,2086201239.0,0,92746
257532,8,2023-06-07,465,293,49,331,0,0,0,0.0,0.0,1848789.0,2086201239.0,0,175139
339925,8,2023-06-08,465,293,49,331,0,0,0,0.0,0.0,1848789.0,2086201239.0,0,257532
422318,8,2023-06-15,465,293,49,331,0,0,0,0.0,0.0,1848789.0,2086201239.0,0,339925
504711,8,2023-06-16,465,293,49,331,0,0,0,0.0,0.0,1848789.0,2086201239.0,0,422318
587104,8,2023-06-17,465,293,49,331,0,0,0,0.0,0.0,1848789.0,2086201239.0,0,504711
669497,8,2023-06-18,465,293,49,331,0,0,0,0.0,0.0,1848789.0,2086201239.0,0,587104
751889,8,2023-06-19,465,293,49,331,0,0,0,0.0,0.0,0.0,0.0,0,669497
1381628,8,2023-11-27,465,293,49,331,0,0,0,0.0,0.0,1575072.0,1777334871.0,0,751889
1564245,8,2024-02-06,465,293,49,331,0,0,0,0.0,0.0,0.0,0.0,0,1381628
1788696,8,2024-03-30,465,344,49,373,0,0,0,0.0,0.0,1517839.0,1712752295.0,0,1564245
1893915,8,2024-05-12,465,344,49,374,0,0,0,6224.0,7023255.0,1517839.0,1712752295.0,0,1788696
10253,8,2023-06-04,466,293,49,331,0,0,0,0.0,0.0,198937.0,2244834949.0,0,0
92747,8,2023-06-05,466,293,49,331,0,0,0,0.0,0.0,198937.0,2244834949.0,0,10253
175140,8,2023-06-06,466,293,49,331,0,0,0,0.0,0.0,198937.0,2244834949.0,0,92747
257533,8,2023-06-07,466,293,49,331,0,0,0,0.0,0.0,198937.0,2244834949.0,0,175140
339926,8,2023-06-08,466,293,49,331,0,0,0,0.0,0.0,198937.0,2244834949.0,0,257533
422319,8,2023-06-15,466,293,49,331,0,0,0,0.0,0.0,198937.0,2244834949.0,0,339926
504712,8,2023-06-16,466,293,49,331,0,0,0,0.0,0.0,198937.0,2244834949.0,0,422319
587105,8,2023-06-17,466,293,49,331,0,0,0,0.0,0.0,198937.0,2244834949.0,0,504712
669498,8,2023-06-18,466,293,49,331,0,0,0,0.0,0.0,198937.0,2244834949.0,0,587105
751890,8,2023-06-19,466,293,49,331,0,0,0,0.0,0.0,0.0,0.0,0,669498
1381629,8,2023-11-27,466,293,49,331,0,0,0,0.0,0.0,189958.0,2143514566.0,0,751890
1564246,8,2024-02-06,466,293,49,331,0,0,0,0.0,0.0,192313.0,2170088739.0,0,1381629
1788697,8,2024-03-30,466,293,49,331,0,0,0,0.0,0.0,1698792.0,1916942375.0,0,1564246
1893916,8,2024-05-12,466,293,49,331,0,0,0,12845.0,144944907.0,1661173.0,1874492531.0,0,1788697
10254,8,2023-06-04,471,293,49,331,0,0,0,0.0,0.0,691498.0,7802967157.0,0,0
92748,8,2023-06-05,471,293,49,331,0,0,0,0.0,0.0,691498.0,7802967157.0,0,10254
175141,8,2023-06-06,471,293,49,331,0,0,0,0.0,0.0,691498.0,7802967157.0,0,92748
257534,8,2023-06-07,471,293,49,331,0,0,0,0.0,0.0,691498.0,7802967157.0,0,175141
339927,8,2023-06-08,471,293,49,331,0,0,0,0.0,0.0,691498.0,7802967157.0,0,257534
422320,8,2023-06-15,471,293,49,331,0,0,0,0.0,0.0,691498.0,7802967157.0,0,339927
504713,8,2023-06-16,471,293,49,331,0,0,0,0.0,0.0,691498.0,7802967157.0,0,422320
587106,8,2023-06-17,471,293,49,331,0,0,0,0.0,0.0,691498.0,7802967157.0,0,504713
669499,8,2023-06-18,471,293,49,331,0,0,0,0.0,0.0,691498.0,7802967157.0,0,587106
751891,8,2023-06-19,471,293,49,331,0,0,0,0.0,0.0,0.0,0.0,0,669499
1381630,8,2023-11-27,471,293,49,331,0,0,0,0.0,0.0,630281.0,7112185346.0,0,751891
1564247,8,2024-02-06,471,293,49,331,0,0,0,0.0,0.0,643169.0,7257615471.0,0,1381630
1788698,8,2024-03-30,471,344,49,331,0,0,0,0.0,0.0,632268.0,7134606952.0,0,1564247
10255,8,2023-06-04,472,293,49,331,0,0,0,0.0,0.0,691498.0,7802967157.0,0,0
92749,8,2023-06-05,472,293,49,331,0,0,0,0.0,0.0,691498.0,7802967157.0,0,10255
175142,8,2023-06-06,472,293,49,331,0,0,0,0.0,0.0,691498.0,7802967157.0,0,92749
257535,8,2023-06-07,472,293,49,331,0,0,0,0.0,0.0,691498.0,7802967157.0,0,175142
339928,8,2023-06-08,472,293,49,331,0,0,0,0.0,0.0,691498.0,7802967157.0,0,257535
422321,8,2023-06-15,472,293,49,331,0,0,0,0.0,0.0,691498.0,7802967157.0,0,339928
504714,8,2023-06-16,472,293,49,331,0,0,0,0.0,0.0,691498.0,7802967157.0,0,422321
587107,8,2023-06-17,472,293,49,331,0,0,0,0.0,0.0,691498.0,7802967157.0,0,504714
669500,8,2023-06-18,472,293,49,331,0,0,0,0.0,0.0,691498.0,7802967157.0,0,587107
751892,8,2023-06-19,472,293,49,331,0,0,0,0.0,0.0,0.0,0.0,0,669500
1381631,8,2023-11-27,472,293,49,331,0,0,0,0.0,0.0,630281.0,7112185346.0,0,751892
1564248,8,2024-02-06,472,293,49,331,0,0,0,0.0,0.0,643169.0,7257615471.0,0,1381631
1788699,8,2024-03-30,472,344,49,331,0,0,0,0.0,0.0,632268.0,7134606952.0,0,1564248
10256,8,2023-06-04,473,293,49,331,0,0,0,0.0,0.0,1000889.0,1129418161.0,0,0
92750,8,2023-06-05,473,293,49,331,0,0,0,0.0,0.0,1000889.0,1129418161.0,0,10256
175143,8,2023-06-06,473,293,49,331,0,0,0,0.0,0.0,1000889.0,1129418161.0,0,92750
257536,8,2023-06-07,473,293,49,331,0,0,0,0.0,0.0,1000889.0,1129418161.0,0,175143
339929,8,2023-06-08,473,293,49,331,0,0,0,0.0,0.0,1000889.0,1129418161.0,0,257536
422322,8,2023-06-15,473,293,49,331,0,0,0,0.0,0.0,1000889.0,1129418161.0,0,339929
504715,8,2023-06-16,473,293,49,331,0,0,0,0.0,0.0,1000889.0,1129418161.0,0,422322
587108,8,2023-06-17,473,293,49,331,0,0,0,0.0,0.0,1000889.0,1129418161.0,0,504715
669501,8,2023-06-18,473,293,49,331,0,0,0,0.0,0.0,1000889.0,1129418161.0,0,587108
751893,8,2023-06-19,473,293,49,331,0,0,0,0.0,0.0,0.0,0.0,0,669501
1381632,8,2023-11-27,473,293,49,373,0,0,0,0.0,0.0,963401.0,1087116139.0,0,751893
1564249,8,2024-02-06,473,293,49,373,0,0,0,0.0,0.0,981883.0,1107971505.0,0,1381632
1788700,8,2024-03-30,473,344,49,331,0,0,0,0.0,0.0,973237.0,1098215229.0,0,1564249
1893917,8,2024-05-12,473,344,49,331,0,0,0,3821.0,43116737.0,95791.0,1080920013.0,0,1788700
10257,8,2023-06-04,474,293,49,331,0,0,0,0.0,0.0,1000889.0,1129418161.0,0,0
92751,8,2023-06-05,474,293,49,331,0,0,0,0.0,0.0,1000889.0,1129418161.0,0,10257
175144,8,2023-06-06,474,293,49,331,0,0,0,0.0,0.0,1000889.0,1129418161.0,0,92751
257537,8,2023-06-07,474,293,49,331,0,0,0,0.0,0.0,1000889.0,1129418161.0,0,175144
339930,8,2023-06-08,474,293,49,331,0,0,0,0.0,0.0,1000889.0,1129418161.0,0,257537
422323,8,2023-06-15,474,293,49,331,0,0,0,0.0,0.0,1000889.0,1129418161.0,0,339930
504716,8,2023-06-16,474,293,49,331,0,0,0,0.0,0.0,1000889.0,1129418161.0,0,422323
587109,8,2023-06-17,474,293,49,331,0,0,0,0.0,0.0,1000889.0,1129418161.0,0,504716
669502,8,2023-06-18,474,293,49,331,0,0,0,0.0,0.0,1000889.0,1129418161.0,0,587109
751894,8,2023-06-19,474,293,49,331,0,0,0,0.0,0.0,0.0,0.0,0,669502
1381633,8,2023-11-27,474,293,49,373,0,0,0,0.0,0.0,963401.0,1087116139.0,0,751894
1564250,8,2024-02-06,474,293,49,373,0,0,0,0.0,0.0,981883.0,1107971505.0,0,1381633
1788701,8,2024-03-30,474,344,49,331,0,0,0,0.0,0.0,973237.0,1098215229.0,0,1564250
1893918,8,2024-05-12,474,344,49,331,0,0,0,3821.0,43116737.0,95791.0,1080920013.0,0,1788701
10258,8,2023-06-04,475,293,49,331,0,0,0,0.0,0.0,672549.0,7589143798.0,0,0
92752,8,2023-06-05,475,293,49,331,0,0,0,0.0,0.0,672549.0,7589143798.0,0,10258
175145,8,2023-06-06,475,293,49,331,0,0,0,0.0,0.0,672549.0,7589143798.0,0,92752
257538,8,2023-06-07,475,293,49,331,0,0,0,0.0,0.0,672549.0,7589143798.0,0,175145
339931,8,2023-06-08,475,293,49,331,0,0,0,0.0,0.0,672549.0,7589143798.0,0,257538
422324,8,2023-06-15,475,293,49,331,0,0,0,0.0,0.0,672549.0,7589143798.0,0,339931
504717,8,2023-06-16,475,293,49,331,0,0,0,0.0,0.0,672549.0,7589143798.0,0,422324
587110,8,2023-06-17,475,293,49,331,0,0,0,0.0,0.0,672549.0,7589143798.0,0,504717
669503,8,2023-06-18,475,293,49,331,0,0,0,0.0,0.0,672549.0,7589143798.0,0,587110
751895,8,2023-06-19,475,293,49,331,0,0,0,0.0,0.0,0.0,0.0,0,669503
1381634,8,2023-11-27,475,293,49,331,0,0,0,0.0,0.0,596802.0,6734403288.0,0,751895
1564251,8,2024-02-06,475,293,49,331,0,0,0,0.0,0.0,593265.0,669449125.0,0,1381634
1788702,8,2024-03-30,475,293,49,331,0,0,0,0.0,0.0,885452.0,9991573186.0,0,1564251
1893919,8,2024-05-12,475,293,49,373,0,0,0,4701.0,53046789.0,880602.0,9936845058.0,0,1788702
10259,8,2023-06-04,476,293,49,331,0,0,0,0.0,0.0,672549.0,7589143798.0,0,0
92753,8,2023-06-05,476,293,49,331,0,0,0,0.0,0.0,672549.0,7589143798.0,0,10259
175146,8,2023-06-06,476,293,49,331,0,0,0,0.0,0.0,672549.0,7589143798.0,0,92753
257539,8,2023-06-07,476,293,49,331,0,0,0,0.0,0.0,672549.0,7589143798.0,0,175146
339932,8,2023-06-08,476,293,49,331,0,0,0,0.0,0.0,672549.0,7589143798.0,0,257539
422325,8,2023-06-15,476,293,49,331,0,0,0,0.0,0.0,672549.0,7589143798.0,0,339932
504718,8,2023-06-16,476,293,49,331,0,0,0,0.0,0.0,672549.0,7589143798.0,0,422325
587111,8,2023-06-17,476,293,49,331,0,0,0,0.0,0.0,672549.0,7589143798.0,0,504718
669504,8,2023-06-18,476,293,49,331,0,0,0,0.0,0.0,672549.0,7589143798.0,0,587111
751896,8,2023-06-19,476,293,49,331,0,0,0,0.0,0.0,0.0,0.0,0,669504
1381635,8,2023-11-27,476,293,49,331,0,0,0,0.0,0.0,596802.0,6734403288.0,0,751896
1564252,8,2024-02-06,476,293,49,331,0,0,0,0.0,0.0,593265.0,669449125.0,0,1381635
1788703,8,2024-03-30,476,293,49,331,0,0,0,0.0,0.0,885452.0,9991573186.0,0,1564252
1893920,8,2024-05-12,476,293,49,373,0,0,0,4701.0,53046789.0,880602.0,9936845058.0,0,1788703
10260,8,2023-06-04,477,293,49,331,0,0,0,0.0,0.0,148279.0,1673202478.0,0,0
92754,8,2023-06-05,477,293,49,331,0,0,0,0.0,0.0,148279.0,1673202478.0,0,10260
175147,8,2023-06-06,477,293,49,331,0,0,0,0.0,0.0,148279.0,1673202478.0,0,92754
257540,8,2023-06-07,477,293,49,331,0,0,0,0.0,0.0,148279.0,1673202478.0,0,175147
339933,8,2023-06-08,477,293,49,331,0,0,0,0.0,0.0,148279.0,1673202478.0,0,257540
422326,8,2023-06-15,477,293,49,331,0,0,0,0.0,0.0,148279.0,1673202478.0,0,339933
504719,8,2023-06-16,477,293,49,331,0,0,0,0.0,0.0,148279.0,1673202478.0,0,422326
587112,8,2023-06-17,477,293,49,331,0,0,0,0.0,0.0,148279.0,1673202478.0,0,504719
669505,8,2023-06-18,477,293,49,331,0,0,0,0.0,0.0,148279.0,1673202478.0,0,587112
751897,8,2023-06-19,477,293,49,331,0,0,0,0.0,0.0,0.0,0.0,0,669505
1381636,8,2023-11-27,477,293,49,331,0,0,0,0.0,0.0,1421977.0,1604580177.0,0,751897
1564253,8,2024-02-06,477,293,49,331,0,0,0,0.0,0.0,1382488.0,1560020197.0,0,1381636
1788704,8,2024-03-30,477,344,49,331,0,0,0,0.0,0.0,1372468.0,1548713478.0,0,1564253
1893921,8,2024-05-12,477,344,49,331,0,0,0,6484.0,73166429.0,1339452.0,1511457729.0,0,1788704
10261,8,2023-06-04,478,293,49,331,0,0,0,0.0,0.0,148279.0,1673202478.0,0,0
92755,8,2023-06-05,478,293,49,331,0,0,0,0.0,0.0,148279.0,1673202478.0,0,10261
175148,8,2023-06-06,478,293,49,331,0,0,0,0.0,0.0,148279.0,1673202478.0,0,92755
257541,8,2023-06-07,478,293,49,331,0,0,0,0.0,0.0,148279.0,1673202478.0,0,175148
339934,8,2023-06-08,478,293,49,331,0,0,0,0.0,0.0,148279.0,1673202478.0,0,257541
422327,8,2023-06-15,478,293,49,331,0,0,0,0.0,0.0,148279.0,1673202478.0,0,339934
504720,8,2023-06-16,478,293,49,331,0,0,0,0.0,0.0,148279.0,1673202478.0,0,422327
587113,8,2023-06-17,478,293,49,331,0,0,0,0.0,0.0,148279.0,1673202478.0,0,504720
669506,8,2023-06-18,478,293,49,331,0,0,0,0.0,0.0,148279.0,1673202478.0,0,587113
751898,8,2023-06-19,478,293,49,331,0,0,0,0.0,0.0,0.0,0.0,0,669506
1381637,8,2023-11-27,478,293,49,331,0,0,0,0.0,0.0,1421977.0,1604580177.0,0,751898
1564254,8,2024-02-06,478,293,49,331,0,0,0,0.0,0.0,1382488.0,1560020197.0,0,1381637
1788705,8,2024-03-30,478,344,49,331,0,0,0,0.0,0.0,1372468.0,1548713478.0,0,1564254
1893922,8,2024-05-12,478,344,49,331,0,0,0,6484.0,73166429.0,1339452.0,1511457729.0,0,1788705
10262,8,2023-06-04,479,293,49,331,0,0,0,0.0,0.0,3327997.0,3755361735.0,0,0
92756,8,2023-06-05,479,293,49,331,0,0,0,0.0,0.0,3327997.0,3755361735.0,0,10262
175149,8,2023-06-06,479,293,49,331,0,0,0,0.0,0.0,3327997.0,3755361735.0,0,92756
257542,8,2023-06-07,479,293,49,331,0,0,0,0.0,0.0,3327997.0,3755361735.0,0,175149
339935,8,2023-06-08,479,293,49,331,0,0,0,0.0,0.0,3327997.0,3755361735.0,0,257542
422328,8,2023-06-15,479,293,49,331,0,0,0,0.0,0.0,3327997.0,3755361735.0,0,339935
504721,8,2023-06-16,479,293,49,331,0,0,0,0.0,0.0,3327997.0,3755361735.0,0,422328
587114,8,2023-06-17,479,293,49,331,0,0,0,0.0,0.0,3327997.0,3755361735.0,0,504721
669507,8,2023-06-18,479,293,49,331,0,0,0,0.0,0.0,3327997.0,3755361735.0,0,587114
751899,8,2023-06-19,479,293,49,331,0,0,0,0.0,0.0,0.0,0.0,0,669507
1381638,8,2023-11-27,479,293,49,373,0,0,0,0.0,0.0,3400995.0,3837733773.0,0,751899
1564255,8,2024-02-06,479,293,49,373,0,0,0,0.0,0.0,3387852.0,3822903015.0,0,1381638
1788706,8,2024-03-30,479,293,49,331,0,0,0,0.0,0.0,3334031.0,3762170591.0,0,1564255
1893923,8,2024-05-12,479,293,49,331,0,0,0,17811.0,200981996.0,3275167.0,369574757.0,0,1788706
10263,8,2023-06-04,480,293,49,331,0,0,0,0.0,0.0,3327997.0,3755361735.0,0,0
92757,8,2023-06-05,480,293,49,331,0,0,0,0.0,0.0,3327997.0,3755361735.0,0,10263
175150,8,2023-06-06,480,293,49,331,0,0,0,0.0,0.0,3327997.0,3755361735.0,0,92757
257543,8,2023-06-07,480,293,49,331,0,0,0,0.0,0.0,3327997.0,3755361735.0,0,175150
339936,8,2023-06-08,480,293,49,331,0,0,0,0.0,0.0,3327997.0,3755361735.0,0,257543
422329,8,2023-06-15,480,293,49,331,0,0,0,0.0,0.0,3327997.0,3755361735.0,0,339936
504722,8,2023-06-16,480,293,49,331,0,0,0,0.0,0.0,3327997.0,3755361735.0,0,422329
587115,8,2023-06-17,480,293,49,331,0,0,0,0.0,0.0,3327997.0,3755361735.0,0,504722
669508,8,2023-06-18,480,293,49,331,0,0,0,0.0,0.0,3327997.0,3755361735.0,0,587115
751900,8,2023-06-19,480,293,49,331,0,0,0,0.0,0.0,0.0,0.0,0,669508
1381639,8,2023-11-27,480,293,49,373,0,0,0,0.0,0.0,3400995.0,3837733773.0,0,751900
1564256,8,2024-02-06,480,293,49,373,0,0,0,0.0,0.0,3387852.0,3822903015.0,0,1381639
1788707,8,2024-03-30,480,293,49,331,0,0,0,0.0,0.0,3334031.0,3762170591.0,0,1564256
1893924,8,2024-05-12,480,293,49,331,0,0,0,17811.0,200981996.0,3275167.0,369574757.0,0,1788707
42597,8,2023-06-04,481,293,49,331,0,0,0,0.0,0.0,148032.0,1670415293.0,0,0
125048,8,2023-06-05,481,293,49,331,0,0,0,0.0,0.0,148032.0,1670415293.0,0,42597
207441,8,2023-06-06,481,293,49,331,0,0,0,0.0,0.0,148032.0,1670415293.0,0,125048
289834,8,2023-06-07,481,293,49,331,0,0,0,0.0,0.0,148032.0,1670415293.0,0,207441
372227,8,2023-06-08,481,293,49,331,0,0,0,0.0,0.0,148032.0,1670415293.0,0,289834
454620,8,2023-06-15,481,293,49,331,0,0,0,0.0,0.0,148032.0,1670415293.0,0,372227
537013,8,2023-06-16,481,293,49,331,0,0,0,0.0,0.0,148032.0,1670415293.0,0,454620
619406,8,2023-06-17,481,293,49,331,0,0,0,0.0,0.0,148032.0,1670415293.0,0,537013
701799,8,2023-06-18,481,293,49,331,0,0,0,0.0,0.0,148032.0,1670415293.0,0,619406
784147,8,2023-06-19,481,293,49,331,0,0,0,0.0,0.0,0.0,0.0,0,701799
1381640,8,2023-11-27,481,293,49,331,0,0,0,0.0,0.0,95732.0,1080254248.0,0,784147
1564257,8,2024-02-06,481,293,49,331,0,0,0,0.0,0.0,0.0,0.0,0,1381640
1788708,8,2024-03-30,481,293,49,373,0,0,0,0.0,0.0,83224.0,9391121.0,0,1564257
1893925,8,2024-05-12,481,293,49,331,0,0,0,398.0,4491092.0,67727.0,764241627.0,0,1788708
42598,8,2023-06-04,482,293,49,331,0,0,0,0.0,0.0,148032.0,1670415293.0,0,0
125049,8,2023-06-05,482,293,49,331,0,0,0,0.0,0.0,148032.0,1670415293.0,0,42598
207442,8,2023-06-06,482,293,49,331,0,0,0,0.0,0.0,148032.0,1670415293.0,0,125049
289835,8,2023-06-07,482,293,49,331,0,0,0,0.0,0.0,148032.0,1670415293.0,0,207442
372228,8,2023-06-08,482,293,49,331,0,0,0,0.0,0.0,148032.0,1670415293.0,0,289835
454621,8,2023-06-15,482,293,49,331,0,0,0,0.0,0.0,148032.0,1670415293.0,0,372228
537014,8,2023-06-16,482,293,49,331,0,0,0,0.0,0.0,148032.0,1670415293.0,0,454621
619407,8,2023-06-17,482,293,49,331,0,0,0,0.0,0.0,148032.0,1670415293.0,0,537014
701800,8,2023-06-18,482,293,49,331,0,0,0,0.0,0.0,148032.0,1670415293.0,0,619407
784148,8,2023-06-19,482,293,49,331,0,0,0,0.0,0.0,0.0,0.0,0,701800
1381641,8,2023-11-27,482,293,49,331,0,0,0,0.0,0.0,95732.0,1080254248.0,0,784148
1564258,8,2024-02-06,482,293,49,331,0,0,0,0.0,0.0,0.0,0.0,0,1381641
1788709,8,2024-03-30,482,293,49,373,0,0,0,0.0,0.0,83224.0,9391121.0,0,1564258
1893926,8,2024-05-12,482,293,49,331,0,0,0,398.0,4491092.0,67727.0,764241627.0,0,1788709
42599,8,2023-06-04,483,293,49,331,0,0,0,0.0,0.0,401021.0,4525181117.0,0,0
125050,8,2023-06-05,483,293,49,331,0,0,0,0.0,0.0,401021.0,4525181117.0,0,42599
207443,8,2023-06-06,483,293,49,331,0,0,0,0.0,0.0,401021.0,4525181117.0,0,125050
289836,8,2023-06-07,483,293,49,331,0,0,0,0.0,0.0,401021.0,4525181117.0,0,207443
372229,8,2023-06-08,483,293,49,331,0,0,0,0.0,0.0,401021.0,4525181117.0,0,289836
454622,8,2023-06-15,483,293,49,331,0,0,0,0.0,0.0,401021.0,4525181117.0,0,372229
537015,8,2023-06-16,483,293,49,331,0,0,0,0.0,0.0,401021.0,4525181117.0,0,454622
619408,8,2023-06-17,483,293,49,331,0,0,0,0.0,0.0,401021.0,4525181117.0,0,537015
701801,8,2023-06-18,483,293,49,331,0,0,0,0.0,0.0,401021.0,4525181117.0,0,619408
784149,8,2023-06-19,483,293,49,331,0,0,0,0.0,0.0,0.0,0.0,0,701801
42600,8,2023-06-04,484,293,49,331,0,0,0,0.0,0.0,401021.0,4525181117.0,0,0
125051,8,2023-06-05,484,293,49,331,0,0,0,0.0,0.0,401021.0,4525181117.0,0,42600
207444,8,2023-06-06,484,293,49,331,0,0,0,0.0,0.0,401021.0,4525181117.0,0,125051
289837,8,2023-06-07,484,293,49,331,0,0,0,0.0,0.0,401021.0,4525181117.0,0,207444
372230,8,2023-06-08,484,293,49,331,0,0,0,0.0,0.0,401021.0,4525181117.0,0,289837
454623,8,2023-06-15,484,293,49,331,0,0,0,0.0,0.0,401021.0,4525181117.0,0,372230
537016,8,2023-06-16,484,293,49,331,0,0,0,0.0,0.0,401021.0,4525181117.0,0,454623
619409,8,2023-06-17,484,293,49,331,0,0,0,0.0,0.0,401021.0,4525181117.0,0,537016
701802,8,2023-06-18,484,293,49,331,0,0,0,0.0,0.0,401021.0,4525181117.0,0,619409
784150,8,2023-06-19,484,293,49,331,0,0,0,0.0,0.0,0.0,0.0,0,701802
42601,8,2023-06-04,485,293,49,331,0,0,0,0.0,0.0,2013165.0,2271685584.0,0,0
125052,8,2023-06-05,485,293,49,331,0,0,0,0.0,0.0,2013165.0,2271685584.0,0,42601
207445,8,2023-06-06,485,293,49,331,0,0,0,0.0,0.0,2013165.0,2271685584.0,0,125052
289838,8,2023-06-07,485,293,49,331,0,0,0,0.0,0.0,2013165.0,2271685584.0,0,207445
372231,8,2023-06-08,485,293,49,331,0,0,0,0.0,0.0,2013165.0,2271685584.0,0,289838
454624,8,2023-06-15,485,293,49,331,0,0,0,0.0,0.0,2013165.0,2271685584.0,0,372231
537017,8,2023-06-16,485,293,49,331,0,0,0,0.0,0.0,2013165.0,2271685584.0,0,454624
619410,8,2023-06-17,485,293,49,331,0,0,0,0.0,0.0,2013165.0,2271685584.0,0,537017
701803,8,2023-06-18,485,293,49,331,0,0,0,0.0,0.0,2013165.0,2271685584.0,0,619410
784151,8,2023-06-19,485,293,49,331,0,0,0,0.0,0.0,0.0,0.0,0,701803
1564259,8,2024-02-06,485,293,49,340,0,0,0,0.0,0.0,0.0,0.0,0,784151
42602,8,2023-06-04,486,293,49,331,0,0,0,0.0,0.0,2013165.0,2271685584.0,0,0
125053,8,2023-06-05,486,293,49,331,0,0,0,0.0,0.0,2013165.0,2271685584.0,0,42602
207446,8,2023-06-06,486,293,49,331,0,0,0,0.0,0.0,2013165.0,2271685584.0,0,125053
289839,8,2023-06-07,486,293,49,331,0,0,0,0.0,0.0,2013165.0,2271685584.0,0,207446
372232,8,2023-06-08,486,293,49,331,0,0,0,0.0,0.0,2013165.0,2271685584.0,0,289839
454625,8,2023-06-15,486,293,49,331,0,0,0,0.0,0.0,2013165.0,2271685584.0,0,372232
537018,8,2023-06-16,486,293,49,331,0,0,0,0.0,0.0,2013165.0,2271685584.0,0,454625
619411,8,2023-06-17,486,293,49,331,0,0,0,0.0,0.0,2013165.0,2271685584.0,0,537018
701804,8,2023-06-18,486,293,49,331,0,0,0,0.0,0.0,2013165.0,2271685584.0,0,619411
784152,8,2023-06-19,486,293,49,331,0,0,0,0.0,0.0,0.0,0.0,0,701804
1564260,8,2024-02-06,486,293,49,340,0,0,0,0.0,0.0,0.0,0.0,0,784152
42603,8,2023-06-04,487,293,49,373,0,0,0,0.0,0.0,20256.0,2285717424.0,0,0
125054,8,2023-06-05,487,293,49,373,0,0,0,0.0,0.0,20256.0,2285717424.0,0,42603
207447,8,2023-06-06,487,293,49,373,0,0,0,0.0,0.0,20256.0,2285717424.0,0,125054
289840,8,2023-06-07,487,293,49,373,0,0,0,0.0,0.0,20256.0,2285717424.0,0,207447
372233,8,2023-06-08,487,293,49,373,0,0,0,0.0,0.0,20256.0,2285717424.0,0,289840
454626,8,2023-06-15,487,293,49,373,0,0,0,0.0,0.0,20256.0,2285717424.0,0,372233
537019,8,2023-06-16,487,293,49,373,0,0,0,0.0,0.0,20256.0,2285717424.0,0,454626
619412,8,2023-06-17,487,293,49,373,0,0,0,0.0,0.0,20256.0,2285717424.0,0,537019
701805,8,2023-06-18,487,293,49,373,0,0,0,0.0,0.0,20256.0,2285717424.0,0,619412
784153,8,2023-06-19,487,293,49,373,0,0,0,0.0,0.0,0.0,0.0,0,701805
1381642,8,2023-11-27,487,293,49,377,0,0,0,25.0,282104.0,501.0,56533592.0,0,784153
1564261,8,2024-02-06,487,293,49,377,0,0,0,25.0,282104.0,501.0,56533592.0,0,1381642
1788710,8,2024-03-30,487,293,49,377,0,0,0,25.0,282104.0,501.0,56533592.0,0,1564261
1893927,8,2024-05-12,487,293,49,377,0,0,0,25.0,282104.0,501.0,56533592.0,0,1788710
42604,8,2023-06-04,488,293,49,373,0,0,0,0.0,0.0,20256.0,2285717424.0,0,0
125055,8,2023-06-05,488,293,49,373,0,0,0,0.0,0.0,20256.0,2285717424.0,0,42604
207448,8,2023-06-06,488,293,49,373,0,0,0,0.0,0.0,20256.0,2285717424.0,0,125055
289841,8,2023-06-07,488,293,49,373,0,0,0,0.0,0.0,20256.0,2285717424.0,0,207448
372234,8,2023-06-08,488,293,49,373,0,0,0,0.0,0.0,20256.0,2285717424.0,0,289841
454627,8,2023-06-15,488,293,49,373,0,0,0,0.0,0.0,20256.0,2285717424.0,0,372234
537020,8,2023-06-16,488,293,49,373,0,0,0,0.0,0.0,20256.0,2285717424.0,0,454627
619413,8,2023-06-17,488,293,49,373,0,0,0,0.0,0.0,20256.0,2285717424.0,0,537020
701806,8,2023-06-18,488,293,49,373,0,0,0,0.0,0.0,20256.0,2285717424.0,0,619413
784154,8,2023-06-19,488,293,49,373,0,0,0,0.0,0.0,0.0,0.0,0,701806
1381643,8,2023-11-27,488,293,49,377,0,0,0,25.0,282104.0,501.0,56533592.0,0,784154
1564262,8,2024-02-06,488,293,49,377,0,0,0,25.0,282104.0,501.0,56533592.0,0,1381643
1788711,8,2024-03-30,488,293,49,377,0,0,0,25.0,282104.0,501.0,56533592.0,0,1564262
1893928,8,2024-05-12,488,293,49,377,0,0,0,25.0,282104.0,501.0,56533592.0,0,1788711
42605,8,2023-06-04,489,293,49,331,0,0,0,0.0,0.0,1486422.0,1677300881.0,0,0
125056,8,2023-06-05,489,293,49,331,0,0,0,0.0,0.0,1486422.0,1677300881.0,0,42605
207449,8,2023-06-06,489,293,49,331,0,0,0,0.0,0.0,1486422.0,1677300881.0,0,125056
289842,8,2023-06-07,489,293,49,331,0,0,0,0.0,0.0,1486422.0,1677300881.0,0,207449
372235,8,2023-06-08,489,293,49,331,0,0,0,0.0,0.0,1486422.0,1677300881.0,0,289842
454628,8,2023-06-15,489,293,49,331,0,0,0,0.0,0.0,1486422.0,1677300881.0,0,372235
537021,8,2023-06-16,489,293,49,331,0,0,0,0.0,0.0,1486422.0,1677300881.0,0,454628
619414,8,2023-06-17,489,293,49,331,0,0,0,0.0,0.0,1486422.0,1677300881.0,0,537021
701807,8,2023-06-18,489,293,49,331,0,0,0,0.0,0.0,1486422.0,1677300881.0,0,619414
784155,8,2023-06-19,489,293,49,331,0,0,0,0.0,0.0,0.0,0.0,0,701807
42606,8,2023-06-04,490,293,49,331,0,0,0,0.0,0.0,1486422.0,1677300881.0,0,0
125057,8,2023-06-05,490,293,49,331,0,0,0,0.0,0.0,1486422.0,1677300881.0,0,42606
207450,8,2023-06-06,490,293,49,331,0,0,0,0.0,0.0,1486422.0,1677300881.0,0,125057
289843,8,2023-06-07,490,293,49,331,0,0,0,0.0,0.0,1486422.0,1677300881.0,0,207450
372236,8,2023-06-08,490,293,49,331,0,0,0,0.0,0.0,1486422.0,1677300881.0,0,289843
454629,8,2023-06-15,490,293,49,331,0,0,0,0.0,0.0,1486422.0,1677300881.0,0,372236
537022,8,2023-06-16,490,293,49,331,0,0,0,0.0,0.0,1486422.0,1677300881.0,0,454629
619415,8,2023-06-17,490,293,49,331,0,0,0,0.0,0.0,1486422.0,1677300881.0,0,537022
701808,8,2023-06-18,490,293,49,331,0,0,0,0.0,0.0,1486422.0,1677300881.0,0,619415
784156,8,2023-06-19,490,293,49,331,0,0,0,0.0,0.0,0.0,0.0,0,701808
42607,8,2023-06-04,491,293,49,331,0,0,0,0.0,0.0,771564.0,8706443911.0,0,0
125058,8,2023-06-05,491,293,49,331,0,0,0,0.0,0.0,771564.0,8706443911.0,0,42607
207451,8,2023-06-06,491,293,49,331,0,0,0,0.0,0.0,771564.0,8706443911.0,0,125058
289844,8,2023-06-07,491,293,49,331,0,0,0,0.0,0.0,771564.0,8706443911.0,0,207451
372237,8,2023-06-08,491,293,49,331,0,0,0,0.0,0.0,771564.0,8706443911.0,0,289844
454630,8,2023-06-15,491,293,49,331,0,0,0,0.0,0.0,771564.0,8706443911.0,0,372237
537023,8,2023-06-16,491,293,49,331,0,0,0,0.0,0.0,771564.0,8706443911.0,0,454630
619416,8,2023-06-17,491,293,49,331,0,0,0,0.0,0.0,771564.0,8706443911.0,0,537023
701809,8,2023-06-18,491,293,49,331,0,0,0,0.0,0.0,771564.0,8706443911.0,0,619416
784157,8,2023-06-19,491,293,49,331,0,0,0,0.0,0.0,0.0,0.0,0,701809
1381644,8,2023-11-27,491,293,49,331,0,0,0,0.0,0.0,618337.0,6977407459.0,0,784157
1564263,8,2024-02-06,491,293,49,331,0,0,0,0.0,0.0,579131.0,6535001074.0,0,1381644
1788712,8,2024-03-30,491,344,49,331,0,0,0,0.0,0.0,559215.0,6310265942.0,0,1564263
1893929,8,2024-05-12,491,344,49,331,0,0,0,2269.0,25603736.0,531702.0,5999805123.0,0,1788712
42608,8,2023-06-04,492,293,49,331,0,0,0,0.0,0.0,771564.0,8706443911.0,0,0
125059,8,2023-06-05,492,293,49,331,0,0,0,0.0,0.0,771564.0,8706443911.0,0,42608
207452,8,2023-06-06,492,293,49,331,0,0,0,0.0,0.0,771564.0,8706443911.0,0,125059
289845,8,2023-06-07,492,293,49,331,0,0,0,0.0,0.0,771564.0,8706443911.0,0,207452
372238,8,2023-06-08,492,293,49,331,0,0,0,0.0,0.0,771564.0,8706443911.0,0,289845
454631,8,2023-06-15,492,293,49,331,0,0,0,0.0,0.0,771564.0,8706443911.0,0,372238
537024,8,2023-06-16,492,293,49,331,0,0,0,0.0,0.0,771564.0,8706443911.0,0,454631
619417,8,2023-06-17,492,293,49,331,0,0,0,0.0,0.0,771564.0,8706443911.0,0,537024
701810,8,2023-06-18,492,293,49,331,0,0,0,0.0,0.0,771564.0,8706443911.0,0,619417
784158,8,2023-06-19,492,293,49,331,0,0,0,0.0,0.0,0.0,0.0,0,701810
1381645,8,2023-11-27,492,293,49,331,0,0,0,0.0,0.0,618337.0,6977407459.0,0,784158
1564264,8,2024-02-06,492,293,49,331,0,0,0,0.0,0.0,579131.0,6535001074.0,0,1381645
1788713,8,2024-03-30,492,344,49,331,0,0,0,0.0,0.0,559215.0,6310265942.0,0,1564264
1893930,8,2024-05-12,492,344,49,331,0,0,0,2269.0,25603736.0,531702.0,5999805123.0,0,1788713
42609,8,2023-06-04,493,293,49,331,0,0,0,0.0,0.0,301474.0,3401877837.0,0,0
125060,8,2023-06-05,493,293,49,331,0,0,0,0.0,0.0,301474.0,3401877837.0,0,42609
207453,8,2023-06-06,493,293,49,331,0,0,0,0.0,0.0,301474.0,3401877837.0,0,125060
289846,8,2023-06-07,493,293,49,331,0,0,0,0.0,0.0,301474.0,3401877837.0,0,207453
372239,8,2023-06-08,493,293,49,331,0,0,0,0.0,0.0,301474.0,3401877837.0,0,289846
454632,8,2023-06-15,493,293,49,331,0,0,0,0.0,0.0,301474.0,3401877837.0,0,372239
537025,8,2023-06-16,493,293,49,331,0,0,0,0.0,0.0,301474.0,3401877837.0,0,454632
619418,8,2023-06-17,493,293,49,331,0,0,0,0.0,0.0,301474.0,3401877837.0,0,537025
701811,8,2023-06-18,493,293,49,331,0,0,0,0.0,0.0,301474.0,3401877837.0,0,619418
784159,8,2023-06-19,493,293,49,331,0,0,0,0.0,0.0,0.0,0.0,0,701811
1381646,8,2023-11-27,493,293,49,331,0,0,0,0.0,0.0,293029.0,330658319.0,0,784159
1564265,8,2024-02-06,493,293,49,331,0,0,0,0.0,0.0,295082.0,332974955.0,0,1381646
1788714,8,2024-03-30,493,293,49,331,0,0,0,0.0,0.0,291233.0,3286316857.0,0,1564265
1893931,8,2024-05-12,493,293,49,331,0,0,0,1784.0,20130924.0,283638.0,3200613738.0,0,1788714
42610,8,2023-06-04,494,293,49,331,0,0,0,0.0,0.0,301474.0,3401877837.0,0,0
125061,8,2023-06-05,494,293,49,331,0,0,0,0.0,0.0,301474.0,3401877837.0,0,42610
207454,8,2023-06-06,494,293,49,331,0,0,0,0.0,0.0,301474.0,3401877837.0,0,125061
289847,8,2023-06-07,494,293,49,331,0,0,0,0.0,0.0,301474.0,3401877837.0,0,207454
372240,8,2023-06-08,494,293,49,331,0,0,0,0.0,0.0,301474.0,3401877837.0,0,289847
454633,8,2023-06-15,494,293,49,331,0,0,0,0.0,0.0,301474.0,3401877837.0,0,372240
537026,8,2023-06-16,494,293,49,331,0,0,0,0.0,0.0,301474.0,3401877837.0,0,454633
619419,8,2023-06-17,494,293,49,331,0,0,0,0.0,0.0,301474.0,3401877837.0,0,537026
701812,8,2023-06-18,494,293,49,331,0,0,0,0.0,0.0,301474.0,3401877837.0,0,619419
784160,8,2023-06-19,494,293,49,331,0,0,0,0.0,0.0,0.0,0.0,0,701812
1381647,8,2023-11-27,494,293,49,331,0,0,0,0.0,0.0,293029.0,330658319.0,0,784160
1564266,8,2024-02-06,494,293,49,331,0,0,0,0.0,0.0,295082.0,332974955.0,0,1381647
1788715,8,2024-03-30,494,293,49,331,0,0,0,0.0,0.0,291233.0,3286316857.0,0,1564266
1893932,8,2024-05-12,494,293,49,331,0,0,0,1784.0,20130924.0,283638.0,3200613738.0,0,1788715
42611,8,2023-06-04,495,293,49,331,0,0,0,0.0,0.0,1386422.0,1564459381.0,0,0
125062,8,2023-06-05,495,293,49,331,0,0,0,0.0,0.0,1386422.0,1564459381.0,0,42611
207455,8,2023-06-06,495,293,49,331,0,0,0,0.0,0.0,1386422.0,1564459381.0,0,125062
289848,8,2023-06-07,495,293,49,331,0,0,0,0.0,0.0,1386422.0,1564459381.0,0,207455
372241,8,2023-06-08,495,293,49,331,0,0,0,0.0,0.0,1386422.0,1564459381.0,0,289848
454634,8,2023-06-15,495,293,49,331,0,0,0,0.0,0.0,1386422.0,1564459381.0,0,372241
537027,8,2023-06-16,495,293,49,331,0,0,0,0.0,0.0,1386422.0,1564459381.0,0,454634
619420,8,2023-06-17,495,293,49,331,0,0,0,0.0,0.0,1386422.0,1564459381.0,0,537027
701813,8,2023-06-18,495,293,49,331,0,0,0,0.0,0.0,1386422.0,1564459381.0,0,619420
784161,8,2023-06-19,495,293,49,331,0,0,0,0.0,0.0,0.0,0.0,0,701813
1381648,8,2023-11-27,495,293,49,331,0,0,0,0.0,0.0,1346005.0,1518852232.0,0,784161
1564267,8,2024-02-06,495,293,49,331,0,0,0,0.0,0.0,0.0,0.0,0,1381648
1788716,8,2024-03-30,495,344,49,331,0,0,0,0.0,0.0,1330194.0,1501010863.0,0,1564267
1893933,8,2024-05-12,495,344,49,331,0,0,0,8705.0,98228526.0,1306516.0,1474292252.0,0,1788716
42612,8,2023-06-04,496,293,49,331,0,0,0,0.0,0.0,1386422.0,1564459381.0,0,0
125063,8,2023-06-05,496,293,49,331,0,0,0,0.0,0.0,1386422.0,1564459381.0,0,42612
207456,8,2023-06-06,496,293,49,331,0,0,0,0.0,0.0,1386422.0,1564459381.0,0,125063
289849,8,2023-06-07,496,293,49,331,0,0,0,0.0,0.0,1386422.0,1564459381.0,0,207456
372242,8,2023-06-08,496,293,49,331,0,0,0,0.0,0.0,1386422.0,1564459381.0,0,289849
454635,8,2023-06-15,496,293,49,331,0,0,0,0.0,0.0,1386422.0,1564459381.0,0,372242
537028,8,2023-06-16,496,293,49,331,0,0,0,0.0,0.0,1386422.0,1564459381.0,0,454635
619421,8,2023-06-17,496,293,49,331,0,0,0,0.0,0.0,1386422.0,1564459381.0,0,537028
701814,8,2023-06-18,496,293,49,331,0,0,0,0.0,0.0,1386422.0,1564459381.0,0,619421
784162,8,2023-06-19,496,293,49,331,0,0,0,0.0,0.0,0.0,0.0,0,701814
1381649,8,2023-11-27,496,293,49,331,0,0,0,0.0,0.0,1346005.0,1518852232.0,0,784162
1564268,8,2024-02-06,496,293,49,331,0,0,0,0.0,0.0,0.0,0.0,0,1381649
1788717,8,2024-03-30,496,344,49,331,0,0,0,0.0,0.0,1330194.0,1501010863.0,0,1564268
1893934,8,2024-05-12,496,344,49,331,0,0,0,8705.0,98228526.0,1306516.0,1474292252.0,0,1788717
42613,8,2023-06-04,497,293,49,331,0,0,0,0.0,0.0,194285.0,2192341083.0,0,0
125064,8,2023-06-05,497,293,49,331,0,0,0,0.0,0.0,194285.0,2192341083.0,0,42613
207457,8,2023-06-06,497,293,49,331,0,0,0,0.0,0.0,194285.0,2192341083.0,0,125064
289850,8,2023-06-07,497,293,49,331,0,0,0,0.0,0.0,194285.0,2192341083.0,0,207457
372243,8,2023-06-08,497,293,49,331,0,0,0,0.0,0.0,194285.0,2192341083.0,0,289850
454636,8,2023-06-15,497,293,49,331,0,0,0,0.0,0.0,194285.0,2192341083.0,0,372243
537029,8,2023-06-16,497,293,49,331,0,0,0,0.0,0.0,194285.0,2192341083.0,0,454636
619422,8,2023-06-17,497,293,49,331,0,0,0,0.0,0.0,194285.0,2192341083.0,0,537029
701815,8,2023-06-18,497,293,49,331,0,0,0,0.0,0.0,194285.0,2192341083.0,0,619422
784163,8,2023-06-19,497,293,49,331,0,0,0,0.0,0.0,0.0,0.0,0,701815
42614,8,2023-06-04,498,293,49,331,0,0,0,0.0,0.0,194285.0,2192341083.0,0,0
125065,8,2023-06-05,498,293,49,331,0,0,0,0.0,0.0,194285.0,2192341083.0,0,42614
207458,8,2023-06-06,498,293,49,331,0,0,0,0.0,0.0,194285.0,2192341083.0,0,125065
289851,8,2023-06-07,498,293,49,331,0,0,0,0.0,0.0,194285.0,2192341083.0,0,207458
372244,8,2023-06-08,498,293,49,331,0,0,0,0.0,0.0,194285.0,2192341083.0,0,289851
454637,8,2023-06-15,498,293,49,331,0,0,0,0.0,0.0,194285.0,2192341083.0,0,372244
537030,8,2023-06-16,498,293,49,331,0,0,0,0.0,0.0,194285.0,2192341083.0,0,454637
619423,8,2023-06-17,498,293,49,331,0,0,0,0.0,0.0,194285.0,2192341083.0,0,537030
701816,8,2023-06-18,498,293,49,331,0,0,0,0.0,0.0,194285.0,2192341083.0,0,619423
784164,8,2023-06-19,498,293,49,331,0,0,0,0.0,0.0,0.0,0.0,0,701816
42615,8,2023-06-04,499,293,49,331,0,0,0,0.0,0.0,3985263.0,4497030548.0,0,0
125066,8,2023-06-05,499,293,49,331,0,0,0,0.0,0.0,3985263.0,4497030548.0,0,42615
207459,8,2023-06-06,499,293,49,331,0,0,0,0.0,0.0,3985263.0,4497030548.0,0,125066
289852,8,2023-06-07,499,293,49,331,0,0,0,0.0,0.0,3985263.0,4497030548.0,0,207459
372245,8,2023-06-08,499,293,49,331,0,0,0,0.0,0.0,3985263.0,4497030548.0,0,289852
454638,8,2023-06-15,499,293,49,331,0,0,0,0.0,0.0,3985263.0,4497030548.0,0,372245
537031,8,2023-06-16,499,293,49,331,0,0,0,0.0,0.0,3985263.0,4497030548.0,0,454638
619424,8,2023-06-17,499,293,49,331,0,0,0,0.0,0.0,3985263.0,4497030548.0,0,537031
701817,8,2023-06-18,499,293,49,331,0,0,0,0.0,0.0,3985263.0,4497030548.0,0,619424
784165,8,2023-06-19,499,293,49,331,0,0,0,0.0,0.0,0.0,0.0,0,701817
1381650,8,2023-11-27,499,293,49,331,0,0,0,0.0,0.0,4075621.0,4598991871.0,0,784165
1564269,8,2024-02-06,499,293,49,331,0,0,0,0.0,0.0,4201301.0,4740811068.0,0,1381650
1788718,8,2024-03-30,499,344,49,331,0,0,0,0.0,0.0,412499.0,4654700591.0,0,1564269
1893935,8,2024-05-12,499,344,49,331,0,0,0,26971.0,30434481.0,405723.0,4578239191.0,0,1788718
