LoanAccountId,BalanceDateId,Balance,BalanceSek
2,2023-06-04,2759169.0,3113487687.0
2,2023-06-05,2759169.0,3113487687.0
2,2023-06-06,2759169.0,3113487687.0
2,2023-06-07,2759169.0,3113487687.0
2,2023-06-08,2759169.0,3113487687.0
2,2023-06-15,2759169.0,3113487687.0
2,2023-06-16,2759169.0,3113487687.0
2,2023-06-17,2759169.0,3113487687.0
2,2023-06-18,2759169.0,3113487687.0
2,2023-06-19,0.0,0.0
2,2023-11-27,335143.0,3781803884.0
2,2024-02-06,3314111.0,3739692564.0
2,2024-03-30,3837155.0,4329903259.0
2,2024-05-12,3783451.0,426930286.0
5,2023-06-04,3073219.0,3467866418.0
5,2023-06-05,3073219.0,3467866418.0
5,2023-06-06,3073219.0,3467866418.0
5,2023-06-07,3073219.0,3467866418.0
5,2023-06-08,3073219.0,3467866418.0
5,2023-06-15,3073219.0,3467866418.0
5,2023-06-16,3073219.0,3467866418.0
5,2023-06-17,3073219.0,3467866418.0
5,2023-06-18,3073219.0,3467866418.0
5,2023-06-19,0.0,0.0
5,2023-11-27,3002414.0,3387968994.0
5,2024-02-06,2969601.0,3350942312.0
5,2024-03-30,2954556.0,3333965309.0
5,2024-05-12,2825662.0,3188519386.0
6,2023-06-04,3139443.0,3542594573.0
6,2023-06-05,3139443.0,3542594573.0
6,2023-06-06,3139443.0,3542594573.0
6,2023-06-07,3139443.0,3542594573.0
6,2023-06-08,3139443.0,3542594573.0
6,2023-06-15,3139443.0,3542594573.0
6,2023-06-16,3139443.0,3542594573.0
6,2023-06-17,3139443.0,3542594573.0
6,2023-06-18,3139443.0,3542594573.0
6,2023-06-19,0.0,0.0
6,2023-11-27,3117968.0,3518361861.0
6,2024-02-06,3205747.0,3617413001.0
6,2024-03-30,3079314.0,3474744107.0
6,2024-05-12,3035851.0,3425699806.0
7,2023-06-04,3941555.0,4447709785.0
7,2023-06-05,3941555.0,4447709785.0
7,2023-06-06,3941555.0,4447709785.0
7,2023-06-07,3941555.0,4447709785.0
7,2023-06-08,3941555.0,4447709785.0
7,2023-06-15,3941555.0,4447709785.0
7,2023-06-16,3941555.0,4447709785.0
7,2023-06-17,3941555.0,4447709785.0
7,2023-06-18,3941555.0,4447709785.0
7,2023-06-19,0.0,0.0
7,2023-11-27,3932175.0,4437125253.0
7,2024-02-06,3969926.0,4479724047.0
7,2024-03-30,3908456.0,4410360377.0
7,2024-05-12,385666.0,4351912994.0
8,2023-06-04,1293729.0,145986321.0
8,2023-06-05,1293729.0,145986321.0
8,2023-06-06,1293729.0,145986321.0
8,2023-06-07,1293729.0,145986321.0
8,2023-06-08,1293729.0,145986321.0
8,2023-06-15,1293729.0,145986321.0
8,2023-06-16,1293729.0,145986321.0
8,2023-06-17,1293729.0,145986321.0
8,2023-06-18,1293729.0,145986321.0
8,2023-06-19,0.0,0.0
8,2023-11-27,1253745.0,1414744664.0
8,2024-02-06,1198114.0,1351969809.0
8,2024-03-30,1238235.0,1397242948.0
8,2024-05-12,1213984.0,1369877755.0
9,2023-06-04,3754729.0,4236892525.0
9,2023-06-05,3754729.0,4236892525.0
9,2023-06-06,3754729.0,4236892525.0
9,2023-06-07,3754729.0,4236892525.0
9,2023-06-08,3754729.0,4236892525.0
9,2023-06-15,3754729.0,4236892525.0
9,2023-06-16,3754729.0,4236892525.0
9,2023-06-17,3754729.0,4236892525.0
9,2023-06-18,3754729.0,4236892525.0
9,2023-06-19,0.0,0.0
9,2023-11-27,3703002.0,4178523002.0
9,2024-02-06,3610994.0,4074699795.0
9,2024-03-30,3714341.0,41913181.0
9,2024-05-12,3714341.0,41913181.0
10,2023-06-04,2083731.0,2351313316.0
10,2023-06-05,2083731.0,2351313316.0
10,2023-06-06,2083731.0,2351313316.0
10,2023-06-07,2083731.0,2351313316.0
10,2023-06-08,2083731.0,2351313316.0
10,2023-06-15,2083731.0,2351313316.0
10,2023-06-16,2083731.0,2351313316.0
10,2023-06-17,2083731.0,2351313316.0
10,2023-06-18,2083731.0,2351313316.0
10,2023-06-19,0.0,0.0
10,2023-11-27,2063433.0,2328408749.0
10,2024-02-06,2077291.0,2344046324.0
10,2024-03-30,2076731.0,2343414411.0
10,2024-05-12,2076731.0,2343414411.0
11,2023-06-04,2083731.0,2351313316.0
11,2023-06-05,2083731.0,2351313316.0
11,2023-06-06,2083731.0,2351313316.0
11,2023-06-07,2083731.0,2351313316.0
11,2023-06-08,2083731.0,2351313316.0
11,2023-06-15,2083731.0,2351313316.0
11,2023-06-16,2083731.0,2351313316.0
11,2023-06-17,2083731.0,2351313316.0
11,2023-06-18,2083731.0,2351313316.0
11,2023-06-19,0.0,0.0
11,2023-11-27,2063433.0,2328408749.0
11,2024-02-06,2077291.0,2344046324.0
11,2024-03-30,2076731.0,2343414411.0
11,2024-05-12,2076731.0,2343414411.0
12,2023-06-04,2431127.0,2743320174.0
12,2023-06-05,2431127.0,2743320174.0
12,2023-06-06,2431127.0,2743320174.0
12,2023-06-07,2431127.0,2743320174.0
12,2023-06-08,2431127.0,2743320174.0
12,2023-06-15,2431127.0,2743320174.0
12,2023-06-16,2431127.0,2743320174.0
12,2023-06-17,2431127.0,2743320174.0
12,2023-06-18,2431127.0,2743320174.0
12,2023-06-19,0.0,0.0
12,2023-11-27,2357228.0,2659931434.0
12,2024-02-06,2432103.0,2744421507.0
12,2024-03-30,2420338.0,2731145704.0
12,2024-05-12,2373847.0,2678684563.0
13,2023-06-04,4092607.0,4618159128.0
13,2023-06-05,4092607.0,4618159128.0
13,2023-06-06,4092607.0,4618159128.0
13,2023-06-07,4092607.0,4618159128.0
13,2023-06-08,4092607.0,4618159128.0
13,2023-06-15,4092607.0,4618159128.0
13,2023-06-16,4092607.0,4618159128.0
13,2023-06-17,4092607.0,4618159128.0
13,2023-06-18,4092607.0,4618159128.0
13,2023-06-19,0.0,0.0
13,2023-11-27,4134655.0,4665606722.0
13,2024-02-06,4178333.0,4714893632.0
13,2024-03-30,3719576.0,4197225352.0
13,2024-05-12,3606859.0,4070033799.0
14,2023-06-04,4092607.0,4618159128.0
14,2023-06-05,4092607.0,4618159128.0
14,2023-06-06,4092607.0,4618159128.0
14,2023-06-07,4092607.0,4618159128.0
14,2023-06-08,4092607.0,4618159128.0
14,2023-06-15,4092607.0,4618159128.0
14,2023-06-16,4092607.0,4618159128.0
14,2023-06-17,4092607.0,4618159128.0
14,2023-06-18,4092607.0,4618159128.0
14,2023-06-19,0.0,0.0
14,2023-11-27,4134655.0,4665606722.0
14,2024-02-06,4178333.0,4714893632.0
14,2024-03-30,3719576.0,4197225352.0
14,2024-05-12,3606859.0,4070033799.0
15,2023-06-04,2304883.0,260086455.0
15,2023-06-05,2304883.0,260086455.0
15,2023-06-06,2304883.0,260086455.0
15,2023-06-07,2304883.0,260086455.0
15,2023-06-08,2304883.0,260086455.0
15,2023-06-15,2304883.0,260086455.0
15,2023-06-16,2304883.0,260086455.0
15,2023-06-17,2304883.0,260086455.0
15,2023-06-18,2304883.0,260086455.0
15,2023-06-19,0.0,0.0
15,2023-11-27,2245978.0,2534395265.0
15,2024-02-06,2265819.0,2556784147.0
15,2024-03-30,220479.0,2487918108.0
15,2024-05-12,2158981.0,2436226545.0
18,2023-06-04,3247589.0,3664628141.0
18,2023-06-05,3247589.0,3664628141.0
18,2023-06-06,3247589.0,3664628141.0
18,2023-06-07,3247589.0,3664628141.0
18,2023-06-08,3247589.0,3664628141.0
18,2023-06-15,3247589.0,3664628141.0
18,2023-06-16,3247589.0,3664628141.0
18,2023-06-17,3247589.0,3664628141.0
18,2023-06-18,3247589.0,3664628141.0
18,2023-06-19,0.0,0.0
18,2023-11-27,3139394.0,3542539281.0
18,2024-02-06,3209392.0,3621526074.0
18,2024-03-30,3076068.0,3471081272.0
18,2024-05-12,3076068.0,3471081272.0
19,2023-06-04,3247589.0,3664628141.0
19,2023-06-05,3247589.0,3664628141.0
19,2023-06-06,3247589.0,3664628141.0
19,2023-06-07,3247589.0,3664628141.0
19,2023-06-08,3247589.0,3664628141.0
19,2023-06-15,3247589.0,3664628141.0
19,2023-06-16,3247589.0,3664628141.0
19,2023-06-17,3247589.0,3664628141.0
19,2023-06-18,3247589.0,3664628141.0
19,2023-06-19,0.0,0.0
19,2023-11-27,3139394.0,3542539281.0
19,2024-02-06,3209392.0,3621526074.0
19,2024-03-30,3076068.0,3471081272.0
19,2024-05-12,3076068.0,3471081272.0
22,2023-06-04,2891723.0,3263063609.0
22,2023-06-05,2891723.0,3263063609.0
22,2023-06-06,2891723.0,3263063609.0
22,2023-06-07,2891723.0,3263063609.0
22,2023-06-08,2891723.0,3263063609.0
22,2023-06-15,2891723.0,3263063609.0
22,2023-06-16,2891723.0,3263063609.0
22,2023-06-17,2891723.0,3263063609.0
22,2023-06-18,2891723.0,3263063609.0
22,2023-06-19,0.0,0.0
22,2023-11-27,2480763.0,2799330181.0
22,2024-02-06,2533266.0,2858575353.0
22,2024-03-30,2378071.0,2683450988.0
22,2024-05-12,2378071.0,2683450988.0
23,2023-06-04,2267188.0,2558328947.0
23,2023-06-05,2267188.0,2558328947.0
23,2023-06-06,2267188.0,2558328947.0
23,2023-06-07,2267188.0,2558328947.0
23,2023-06-08,2267188.0,2558328947.0
23,2023-06-15,2267188.0,2558328947.0
23,2023-06-16,2267188.0,2558328947.0
23,2023-06-17,2267188.0,2558328947.0
23,2023-06-18,2267188.0,2558328947.0
23,2023-06-19,0.0,0.0
23,2023-11-27,2285598.0,2579103067.0
23,2024-02-06,2233812.0,2520666968.0
23,2024-03-30,2316583.0,2614067006.0
23,2024-05-12,2316583.0,2614067006.0
24,2023-06-04,2267188.0,2558328947.0
24,2023-06-05,2267188.0,2558328947.0
24,2023-06-06,2267188.0,2558328947.0
24,2023-06-07,2267188.0,2558328947.0
24,2023-06-08,2267188.0,2558328947.0
24,2023-06-15,2267188.0,2558328947.0
24,2023-06-16,2267188.0,2558328947.0
24,2023-06-17,2267188.0,2558328947.0
24,2023-06-18,2267188.0,2558328947.0
24,2023-06-19,0.0,0.0
24,2023-11-27,2285598.0,2579103067.0
24,2024-02-06,2233812.0,2520666968.0
24,2024-03-30,2316583.0,2614067006.0
24,2024-05-12,2316583.0,2614067006.0
25,2023-06-04,3960655.0,4469262512.0
25,2023-06-05,3960655.0,4469262512.0
25,2023-06-06,3960655.0,4469262512.0
25,2023-06-07,3960655.0,4469262512.0
25,2023-06-08,3960655.0,4469262512.0
25,2023-06-15,3960655.0,4469262512.0
25,2023-06-16,3960655.0,4469262512.0
25,2023-06-17,3960655.0,4469262512.0
25,2023-06-18,3960655.0,4469262512.0
25,2023-06-19,0.0,0.0
25,2023-11-27,3750037.0,4231598001.0
25,2024-02-06,377844.0,4263648373.0
25,2024-03-30,3832287.0,4324410135.0
25,2024-05-12,0.0,0.0
26,2023-06-04,2913465.0,3287597608.0
26,2023-06-05,2913465.0,3287597608.0
26,2023-06-06,2913465.0,3287597608.0
26,2023-06-07,2913465.0,3287597608.0
26,2023-06-08,2913465.0,3287597608.0
26,2023-06-15,2913465.0,3287597608.0
26,2023-06-16,2913465.0,3287597608.0
26,2023-06-17,2913465.0,3287597608.0
26,2023-06-18,2913465.0,3287597608.0
26,2023-06-19,0.0,0.0
26,2024-02-06,0.0,0.0
27,2023-06-04,2913465.0,3287597608.0
27,2023-06-05,2913465.0,3287597608.0
27,2023-06-06,2913465.0,3287597608.0
27,2023-06-07,2913465.0,3287597608.0
27,2023-06-08,2913465.0,3287597608.0
27,2023-06-15,2913465.0,3287597608.0
27,2023-06-16,2913465.0,3287597608.0
27,2023-06-17,2913465.0,3287597608.0
27,2023-06-18,2913465.0,3287597608.0
27,2023-06-19,0.0,0.0
27,2024-02-06,0.0,0.0
32,2023-06-04,4146653.0,4679145445.0
32,2023-06-05,4146653.0,4679145445.0
32,2023-06-06,4146653.0,4679145445.0
32,2023-06-07,4146653.0,4679145445.0
32,2023-06-08,4146653.0,4679145445.0
32,2023-06-15,4146653.0,4679145445.0
32,2023-06-16,4146653.0,4679145445.0
32,2023-06-17,4146653.0,4679145445.0
32,2023-06-18,4146653.0,4679145445.0
32,2023-06-19,0.0,0.0
32,2023-11-27,4077494.0,4601105392.0
32,2024-02-06,4171026.0,4706648304.0
32,2024-03-30,4049999.0,4570079622.0
32,2024-05-12,3995949.0,4509088791.0
33,2023-06-04,4146653.0,4679145445.0
33,2023-06-05,4146653.0,4679145445.0
33,2023-06-06,4146653.0,4679145445.0
33,2023-06-07,4146653.0,4679145445.0
33,2023-06-08,4146653.0,4679145445.0
33,2023-06-15,4146653.0,4679145445.0
33,2023-06-16,4146653.0,4679145445.0
33,2023-06-17,4146653.0,4679145445.0
33,2023-06-18,4146653.0,4679145445.0
33,2023-06-19,0.0,0.0
33,2023-11-27,4077494.0,4601105392.0
33,2024-02-06,4171026.0,4706648304.0
33,2024-03-30,4049999.0,4570079622.0
33,2024-05-12,3995949.0,4509088791.0
36,2023-06-04,3101956.0,350029368.0
36,2023-06-05,3101956.0,350029368.0
36,2023-06-06,3101956.0,350029368.0
36,2023-06-07,3101956.0,350029368.0
36,2023-06-08,3101956.0,350029368.0
36,2023-06-15,3101956.0,350029368.0
36,2023-06-16,3101956.0,350029368.0
36,2023-06-17,3101956.0,350029368.0
36,2023-06-18,3101956.0,350029368.0
36,2023-06-19,0.0,0.0
36,2023-11-27,315843.0,3564019789.0
36,2024-02-06,3266145.0,368556701.0
36,2024-03-30,3193939.0,3604088677.0
36,2024-05-12,30723.0,3466829405.0
37,2023-06-04,1903719.0,2148185075.0
37,2023-06-05,1903719.0,2148185075.0
37,2023-06-06,1903719.0,2148185075.0
37,2023-06-07,1903719.0,2148185075.0
37,2023-06-08,1903719.0,2148185075.0
37,2023-06-15,1903719.0,2148185075.0
37,2023-06-16,1903719.0,2148185075.0
37,2023-06-17,1903719.0,2148185075.0
37,2023-06-18,1903719.0,2148185075.0
37,2023-06-19,0.0,0.0
37,2023-11-27,1867122.0,2106888472.0
37,2024-02-06,1923806.0,2170851548.0
37,2024-03-30,1861068.0,2100057047.0
37,2024-05-12,1825304.0,2059700413.0
38,2023-06-04,2407224.0,271634767.0
38,2023-06-05,2407224.0,271634767.0
38,2023-06-06,2407224.0,271634767.0
38,2023-06-07,2407224.0,271634767.0
38,2023-06-08,2407224.0,271634767.0
38,2023-06-15,2407224.0,271634767.0
38,2023-06-16,2407224.0,271634767.0
38,2023-06-17,2407224.0,271634767.0
38,2023-06-18,2407224.0,271634767.0
38,2023-06-19,0.0,0.0
38,2023-11-27,2466253.0,2782956879.0
38,2024-02-06,2527434.0,2851994437.0
38,2024-03-30,2458241.0,2773916018.0
38,2024-05-12,2416784.0,2727135317.0
39,2023-06-04,2407224.0,271634767.0
39,2023-06-05,2407224.0,271634767.0
39,2023-06-06,2407224.0,271634767.0
39,2023-06-07,2407224.0,271634767.0
39,2023-06-08,2407224.0,271634767.0
39,2023-06-15,2407224.0,271634767.0
39,2023-06-16,2407224.0,271634767.0
39,2023-06-17,2407224.0,271634767.0
39,2023-06-18,2407224.0,271634767.0
39,2023-06-19,0.0,0.0
39,2023-11-27,2466253.0,2782956879.0
39,2024-02-06,2527434.0,2851994437.0
39,2024-03-30,2458241.0,2773916018.0
39,2024-05-12,2416784.0,2727135317.0
42,2023-06-04,3102883.0,350133972.0
42,2023-06-05,3102883.0,350133972.0
42,2023-06-06,3102883.0,350133972.0
42,2023-06-07,3102883.0,350133972.0
42,2023-06-08,3102883.0,350133972.0
42,2023-06-15,3102883.0,350133972.0
42,2023-06-16,3102883.0,350133972.0
42,2023-06-17,3102883.0,350133972.0
42,2023-06-18,3102883.0,350133972.0
42,2023-06-19,0.0,0.0
42,2023-11-27,3179025.0,3587259495.0
42,2024-02-06,3228833.0,364346359.0
42,2024-03-30,3222133.0,3635903209.0
42,2024-05-12,3163042.0,3569224038.0
43,2023-06-04,161545.0,1822898012.0
43,2023-06-05,161545.0,1822898012.0
43,2023-06-06,161545.0,1822898012.0
43,2023-06-07,161545.0,1822898012.0
43,2023-06-08,161545.0,1822898012.0
43,2023-06-15,161545.0,1822898012.0
43,2023-06-16,161545.0,1822898012.0
43,2023-06-17,161545.0,1822898012.0
43,2023-06-18,161545.0,1822898012.0
43,2023-06-19,0.0,0.0
43,2023-11-27,1531754.0,172845419.0
43,2024-02-06,1503884.0,1697005264.0
43,2024-03-30,1478883.0,166879376.0
43,2024-05-12,1447363.0,163322612.0
44,2023-06-04,161545.0,1822898012.0
44,2023-06-05,161545.0,1822898012.0
44,2023-06-06,161545.0,1822898012.0
44,2023-06-07,161545.0,1822898012.0
44,2023-06-08,161545.0,1822898012.0
44,2023-06-15,161545.0,1822898012.0
44,2023-06-16,161545.0,1822898012.0
44,2023-06-17,161545.0,1822898012.0
44,2023-06-18,161545.0,1822898012.0
44,2023-06-19,0.0,0.0
44,2023-11-27,1531754.0,172845419.0
44,2024-02-06,1503884.0,1697005264.0
44,2024-03-30,1478883.0,166879376.0
44,2024-05-12,1447363.0,163322612.0
48,2023-06-04,1358283.0,1532706911.0
48,2023-06-05,1358283.0,1532706911.0
48,2023-06-06,1358283.0,1532706911.0
48,2023-06-07,1358283.0,1532706911.0
48,2023-06-08,1358283.0,1532706911.0
48,2023-06-15,1358283.0,1532706911.0
48,2023-06-16,1358283.0,1532706911.0
48,2023-06-17,1358283.0,1532706911.0
48,2023-06-18,1358283.0,1532706911.0
48,2023-06-19,0.0,0.0
48,2023-11-27,1309183.0,1477301735.0
48,2024-02-06,1288728.0,1454220006.0
48,2024-03-30,1272416.0,1435813301.0
48,2024-05-12,124323.0,1402879381.0
49,2023-06-04,1358283.0,1532706911.0
49,2023-06-05,1358283.0,1532706911.0
49,2023-06-06,1358283.0,1532706911.0
49,2023-06-07,1358283.0,1532706911.0
49,2023-06-08,1358283.0,1532706911.0
49,2023-06-15,1358283.0,1532706911.0
49,2023-06-16,1358283.0,1532706911.0
49,2023-06-17,1358283.0,1532706911.0
49,2023-06-18,1358283.0,1532706911.0
49,2023-06-19,0.0,0.0
49,2023-11-27,1309183.0,1477301735.0
49,2024-02-06,1288728.0,1454220006.0
49,2024-03-30,1272416.0,1435813301.0
49,2024-05-12,124323.0,1402879381.0
50,2023-06-04,3070661.0,3464979932.0
50,2023-06-05,3070661.0,3464979932.0
50,2023-06-06,3070661.0,3464979932.0
50,2023-06-07,3070661.0,3464979932.0
50,2023-06-08,3070661.0,3464979932.0
50,2023-06-15,3070661.0,3464979932.0
50,2023-06-16,3070661.0,3464979932.0
50,2023-06-17,3070661.0,3464979932.0
50,2023-06-18,3070661.0,3464979932.0
50,2023-06-19,0.0,0.0
50,2023-11-27,3015585.0,3402831348.0
50,2024-02-06,16258.0,183457711.0
50,2024-03-30,3034387.0,3424047807.0
50,2024-05-12,3034387.0,3424047807.0
53,2023-06-04,93913.0,1059728379.0
53,2023-06-05,93913.0,1059728379.0
53,2023-06-06,93913.0,1059728379.0
53,2023-06-07,93913.0,1059728379.0
53,2023-06-08,93913.0,1059728379.0
53,2023-06-15,93913.0,1059728379.0
53,2023-06-16,93913.0,1059728379.0
53,2023-06-17,93913.0,1059728379.0
53,2023-06-18,93913.0,1059728379.0
53,2023-06-19,0.0,0.0
53,2024-02-06,0.0,0.0
54,2023-06-04,93913.0,1059728379.0
54,2023-06-05,93913.0,1059728379.0
54,2023-06-06,93913.0,1059728379.0
54,2023-06-07,93913.0,1059728379.0
54,2023-06-08,93913.0,1059728379.0
54,2023-06-15,93913.0,1059728379.0
54,2023-06-16,93913.0,1059728379.0
54,2023-06-17,93913.0,1059728379.0
54,2023-06-18,93913.0,1059728379.0
54,2023-06-19,0.0,0.0
54,2024-02-06,0.0,0.0
55,2023-06-04,2820272.0,3182437229.0
55,2023-06-05,2820272.0,3182437229.0
55,2023-06-06,2820272.0,3182437229.0
55,2023-06-07,2820272.0,3182437229.0
55,2023-06-08,2820272.0,3182437229.0
55,2023-06-15,2820272.0,3182437229.0
55,2023-06-16,2820272.0,3182437229.0
55,2023-06-17,2820272.0,3182437229.0
55,2023-06-18,2820272.0,3182437229.0
55,2023-06-19,0.0,0.0
55,2023-11-27,2851286.0,3217433892.0
55,2024-02-06,2828167.0,3191346065.0
55,2024-03-30,2811941.0,3173036404.0
55,2024-05-12,2811941.0,3173036404.0
56,2023-06-04,1666936.0,1880995586.0
56,2023-06-05,1666936.0,1880995586.0
56,2023-06-06,1666936.0,1880995586.0
56,2023-06-07,1666936.0,1880995586.0
56,2023-06-08,1666936.0,1880995586.0
56,2023-06-15,1666936.0,1880995586.0
56,2023-06-16,1666936.0,1880995586.0
56,2023-06-17,1666936.0,1880995586.0
56,2023-06-18,1666936.0,1880995586.0
56,2023-06-19,0.0,0.0
56,2023-11-27,1563365.0,1764124517.0
56,2024-02-06,1610383.0,1817180333.0
56,2024-03-30,1580124.0,1783035624.0
56,2024-05-12,1580124.0,1783035624.0
60,2023-06-04,1429765.0,1613368273.0
60,2023-06-05,1429765.0,1613368273.0
60,2023-06-06,1429765.0,1613368273.0
60,2023-06-07,1429765.0,1613368273.0
60,2023-06-08,1429765.0,1613368273.0
60,2023-06-15,1429765.0,1613368273.0
60,2023-06-16,1429765.0,1613368273.0
60,2023-06-17,1429765.0,1613368273.0
60,2023-06-18,1429765.0,1613368273.0
60,2023-06-19,0.0,0.0
60,2023-11-27,1429765.0,1613368273.0
60,2024-02-06,1363165.0,1538215834.0
60,2024-03-30,1429765.0,1613368273.0
60,2024-05-12,1429765.0,1613368273.0
63,2023-06-04,1315329.0,1484236974.0
63,2023-06-05,1315329.0,1484236974.0
63,2023-06-06,1315329.0,1484236974.0
63,2023-06-07,1315329.0,1484236974.0
63,2023-06-08,1315329.0,1484236974.0
63,2023-06-15,1315329.0,1484236974.0
63,2023-06-16,1315329.0,1484236974.0
63,2023-06-17,1315329.0,1484236974.0
63,2023-06-18,1315329.0,1484236974.0
63,2023-06-19,0.0,0.0
63,2023-11-27,1078383.0,1216863553.0
63,2024-02-06,1037181.0,1170370598.0
63,2024-03-30,1088444.0,1228216536.0
63,2024-05-12,1034356.0,1167182826.0
64,2023-06-04,1315329.0,1484236974.0
64,2023-06-05,1315329.0,1484236974.0
64,2023-06-06,1315329.0,1484236974.0
64,2023-06-07,1315329.0,1484236974.0
64,2023-06-08,1315329.0,1484236974.0
64,2023-06-15,1315329.0,1484236974.0
64,2023-06-16,1315329.0,1484236974.0
64,2023-06-17,1315329.0,1484236974.0
64,2023-06-18,1315329.0,1484236974.0
64,2023-06-19,0.0,0.0
64,2023-11-27,1078383.0,1216863553.0
64,2024-02-06,1037181.0,1170370598.0
64,2024-03-30,1088444.0,1228216536.0
64,2024-05-12,1034356.0,1167182826.0
65,2023-06-04,126502.0,1427467543.0
65,2023-06-05,126502.0,1427467543.0
65,2023-06-06,126502.0,1427467543.0
65,2023-06-07,126502.0,1427467543.0
65,2023-06-08,126502.0,1427467543.0
65,2023-06-15,126502.0,1427467543.0
65,2023-06-16,126502.0,1427467543.0
65,2023-06-17,126502.0,1427467543.0
65,2023-06-18,126502.0,1427467543.0
65,2023-06-19,0.0,0.0
65,2023-11-27,1285529.0,1450610207.0
65,2024-02-06,1267185.0,1429910562.0
65,2024-03-30,1225517.0,1382891766.0
65,2024-05-12,1194571.0,1347971835.0
70,2023-06-04,1571927.0,1773786006.0
70,2023-06-05,1571927.0,1773786006.0
70,2023-06-06,1571927.0,1773786006.0
70,2023-06-07,1571927.0,1773786006.0
70,2023-06-08,1571927.0,1773786006.0
70,2023-06-15,1571927.0,1773786006.0
70,2023-06-16,1571927.0,1773786006.0
70,2023-06-17,1571927.0,1773786006.0
70,2023-06-18,1571927.0,1773786006.0
70,2023-06-19,0.0,0.0
70,2023-11-27,1515458.0,1710065539.0
70,2024-02-06,154064.0,1738481286.0
70,2024-03-30,1481658.0,1671925112.0
70,2024-05-12,1373688.0,1550090145.0
71,2023-06-04,1571927.0,1773786006.0
71,2023-06-05,1571927.0,1773786006.0
71,2023-06-06,1571927.0,1773786006.0
71,2023-06-07,1571927.0,1773786006.0
71,2023-06-08,1571927.0,1773786006.0
71,2023-06-15,1571927.0,1773786006.0
71,2023-06-16,1571927.0,1773786006.0
71,2023-06-17,1571927.0,1773786006.0
71,2023-06-18,1571927.0,1773786006.0
71,2023-06-19,0.0,0.0
71,2023-11-27,1515458.0,1710065539.0
71,2024-02-06,154064.0,1738481286.0
71,2024-03-30,1481658.0,1671925112.0
71,2024-05-12,1373688.0,1550090145.0
72,2023-06-04,459469.0,5184717116.0
72,2023-06-05,459469.0,5184717116.0
72,2023-06-06,459469.0,5184717116.0
72,2023-06-07,459469.0,5184717116.0
72,2023-06-08,459469.0,5184717116.0
72,2023-06-15,459469.0,5184717116.0
72,2023-06-16,459469.0,5184717116.0
72,2023-06-17,459469.0,5184717116.0
72,2023-06-18,459469.0,5184717116.0
72,2023-06-19,0.0,0.0
72,2023-11-27,459469.0,5184717116.0
72,2024-02-06,459469.0,5184717116.0
72,2024-03-30,459469.0,5184717116.0
72,2024-05-12,459469.0,5184717116.0
73,2023-06-04,392666.0,4430902044.0
73,2023-06-05,392666.0,4430902044.0
73,2023-06-06,392666.0,4430902044.0
73,2023-06-07,392666.0,4430902044.0
73,2023-06-08,392666.0,4430902044.0
73,2023-06-15,392666.0,4430902044.0
73,2023-06-16,392666.0,4430902044.0
73,2023-06-17,392666.0,4430902044.0
73,2023-06-18,392666.0,4430902044.0
73,2023-06-19,0.0,0.0
74,2023-06-04,1875166.0,2115965442.0
74,2023-06-05,1875166.0,2115965442.0
74,2023-06-06,1875166.0,2115965442.0
74,2023-06-07,1875166.0,2115965442.0
74,2023-06-08,1875166.0,2115965442.0
74,2023-06-15,1875166.0,2115965442.0
74,2023-06-16,1875166.0,2115965442.0
74,2023-06-17,1875166.0,2115965442.0
74,2023-06-18,1875166.0,2115965442.0
74,2023-06-19,0.0,0.0
74,2023-11-27,1689128.0,1906037372.0
74,2024-02-06,1640035.0,1850640095.0
74,2024-03-30,1614699.0,1822050572.0
74,2024-05-12,1567353.0,1768624636.0
75,2023-06-04,3489938.0,3938098388.0
75,2023-06-05,3489938.0,3938098388.0
75,2023-06-06,3489938.0,3938098388.0
75,2023-06-07,3489938.0,3938098388.0
75,2023-06-08,3489938.0,3938098388.0
75,2023-06-15,3489938.0,3938098388.0
75,2023-06-16,3489938.0,3938098388.0
75,2023-06-17,3489938.0,3938098388.0
75,2023-06-18,3489938.0,3938098388.0
75,2023-06-19,0.0,0.0
75,2023-11-27,3489938.0,3938098388.0
75,2024-02-06,3489938.0,3938098388.0
75,2024-03-30,3489938.0,3938098388.0
75,2024-05-12,3489938.0,3938098388.0
76,2023-06-04,3489938.0,3938098388.0
76,2023-06-05,3489938.0,3938098388.0
76,2023-06-06,3489938.0,3938098388.0
76,2023-06-07,3489938.0,3938098388.0
76,2023-06-08,3489938.0,3938098388.0
76,2023-06-15,3489938.0,3938098388.0
76,2023-06-16,3489938.0,3938098388.0
76,2023-06-17,3489938.0,3938098388.0
76,2023-06-18,3489938.0,3938098388.0
76,2023-06-19,0.0,0.0
76,2023-11-27,3489938.0,3938098388.0
76,2024-02-06,3489938.0,3938098388.0
76,2024-03-30,3489938.0,3938098388.0
76,2024-05-12,3489938.0,3938098388.0
77,2023-06-04,96572.0,1089732934.0
77,2023-06-05,96572.0,1089732934.0
77,2023-06-06,96572.0,1089732934.0
77,2023-06-07,96572.0,1089732934.0
77,2023-06-08,96572.0,1089732934.0
77,2023-06-15,96572.0,1089732934.0
77,2023-06-16,96572.0,1089732934.0
77,2023-06-17,96572.0,1089732934.0
77,2023-06-18,96572.0,1089732934.0
77,2023-06-19,0.0,0.0
77,2023-11-27,96572.0,1089732934.0
77,2024-02-06,94072.0,1061522559.0
77,2024-03-30,96572.0,1089732934.0
77,2024-05-12,96572.0,1089732934.0
78,2023-06-04,96572.0,1089732934.0
78,2023-06-05,96572.0,1089732934.0
78,2023-06-06,96572.0,1089732934.0
78,2023-06-07,96572.0,1089732934.0
78,2023-06-08,96572.0,1089732934.0
78,2023-06-15,96572.0,1089732934.0
78,2023-06-16,96572.0,1089732934.0
78,2023-06-17,96572.0,1089732934.0
78,2023-06-18,96572.0,1089732934.0
78,2023-06-19,0.0,0.0
78,2023-11-27,96572.0,1089732934.0
78,2024-02-06,94072.0,1061522559.0
78,2024-03-30,96572.0,1089732934.0
78,2024-05-12,96572.0,1089732934.0
79,2023-06-04,29023.0,327499885.0
79,2023-06-05,29023.0,327499885.0
79,2023-06-06,29023.0,327499885.0
79,2023-06-07,29023.0,327499885.0
79,2023-06-08,29023.0,327499885.0
79,2023-06-15,29023.0,327499885.0
79,2023-06-16,29023.0,327499885.0
79,2023-06-17,29023.0,327499885.0
79,2023-06-18,29023.0,327499885.0
79,2023-06-19,0.0,0.0
80,2023-06-04,29023.0,327499885.0
80,2023-06-05,29023.0,327499885.0
80,2023-06-06,29023.0,327499885.0
80,2023-06-07,29023.0,327499885.0
80,2023-06-08,29023.0,327499885.0
80,2023-06-15,29023.0,327499885.0
80,2023-06-16,29023.0,327499885.0
80,2023-06-17,29023.0,327499885.0
80,2023-06-18,29023.0,327499885.0
80,2023-06-19,0.0,0.0
90,2023-06-04,2486413.0,2805705725.0
90,2023-06-05,2486413.0,2805705725.0
90,2023-06-06,2486413.0,2805705725.0
90,2023-06-07,2486413.0,2805705725.0
90,2023-06-08,2486413.0,2805705725.0
90,2023-06-15,2486413.0,2805705725.0
90,2023-06-16,2486413.0,2805705725.0
90,2023-06-17,2486413.0,2805705725.0
90,2023-06-18,2486413.0,2805705725.0
90,2023-06-19,0.0,0.0
90,2023-11-27,2481364.0,2800008358.0
90,2024-02-06,2481364.0,2800008358.0
90,2024-03-30,2420157.0,2730941461.0
90,2024-05-12,2420157.0,2730941461.0
91,2023-06-04,2486413.0,2805705725.0
91,2023-06-05,2486413.0,2805705725.0
91,2023-06-06,2486413.0,2805705725.0
91,2023-06-07,2486413.0,2805705725.0
91,2023-06-08,2486413.0,2805705725.0
91,2023-06-15,2486413.0,2805705725.0
91,2023-06-16,2486413.0,2805705725.0
91,2023-06-17,2486413.0,2805705725.0
91,2023-06-18,2486413.0,2805705725.0
91,2023-06-19,0.0,0.0
91,2023-11-27,2481364.0,2800008358.0
91,2024-02-06,2481364.0,2800008358.0
91,2024-03-30,2420157.0,2730941461.0
91,2024-05-12,2420157.0,2730941461.0
93,2023-06-04,2367138.0,2671114026.0
93,2023-06-05,2367138.0,2671114026.0
93,2023-06-06,2367138.0,2671114026.0
93,2023-06-07,2367138.0,2671114026.0
93,2023-06-08,2367138.0,2671114026.0
93,2023-06-15,2367138.0,2671114026.0
93,2023-06-16,2367138.0,2671114026.0
93,2023-06-17,2367138.0,2671114026.0
93,2023-06-18,2367138.0,2671114026.0
93,2023-06-19,0.0,0.0
93,2023-11-27,2334968.0,2634812916.0
93,2024-02-06,2370491.0,2674897602.0
93,2024-03-30,2182523.0,2462791691.0
93,2024-05-12,213652.0,2410881216.0
94,2023-06-04,1345568.0,1518359115.0
94,2023-06-05,1345568.0,1518359115.0
94,2023-06-06,1345568.0,1518359115.0
94,2023-06-07,1345568.0,1518359115.0
94,2023-06-08,1345568.0,1518359115.0
94,2023-06-15,1345568.0,1518359115.0
94,2023-06-16,1345568.0,1518359115.0
94,2023-06-17,1345568.0,1518359115.0
94,2023-06-18,1345568.0,1518359115.0
94,2023-06-19,0.0,0.0
94,2023-11-27,1439171.0,1623982144.0
94,2024-02-06,1462426.0,1650223435.0
94,2024-03-30,1439171.0,1623982144.0
94,2024-05-12,1439171.0,1623982144.0
95,2023-06-04,1345568.0,1518359115.0
95,2023-06-05,1345568.0,1518359115.0
95,2023-06-06,1345568.0,1518359115.0
95,2023-06-07,1345568.0,1518359115.0
95,2023-06-08,1345568.0,1518359115.0
95,2023-06-15,1345568.0,1518359115.0
95,2023-06-16,1345568.0,1518359115.0
95,2023-06-17,1345568.0,1518359115.0
95,2023-06-18,1345568.0,1518359115.0
95,2023-06-19,0.0,0.0
95,2023-11-27,1439171.0,1623982144.0
95,2024-02-06,1462426.0,1650223435.0
95,2024-03-30,1439171.0,1623982144.0
95,2024-05-12,1439171.0,1623982144.0
96,2023-06-04,3933739.0,4438890094.0
96,2023-06-05,3933739.0,4438890094.0
96,2023-06-06,3933739.0,4438890094.0
96,2023-06-07,3933739.0,4438890094.0
96,2023-06-08,3933739.0,4438890094.0
96,2023-06-15,3933739.0,4438890094.0
96,2023-06-16,3933739.0,4438890094.0
96,2023-06-17,3933739.0,4438890094.0
96,2023-06-18,3933739.0,4438890094.0
96,2023-06-19,0.0,0.0
96,2023-11-27,3933739.0,4438890094.0
96,2024-02-06,3933739.0,4438890094.0
96,2024-03-30,3933739.0,4438890094.0
96,2024-05-12,3933739.0,4438890094.0
97,2023-06-04,3933739.0,4438890094.0
97,2023-06-05,3933739.0,4438890094.0
97,2023-06-06,3933739.0,4438890094.0
97,2023-06-07,3933739.0,4438890094.0
97,2023-06-08,3933739.0,4438890094.0
97,2023-06-15,3933739.0,4438890094.0
97,2023-06-16,3933739.0,4438890094.0
97,2023-06-17,3933739.0,4438890094.0
97,2023-06-18,3933739.0,4438890094.0
97,2023-06-19,0.0,0.0
97,2023-11-27,3933739.0,4438890094.0
97,2024-02-06,3933739.0,4438890094.0
97,2024-03-30,3933739.0,4438890094.0
97,2024-05-12,3933739.0,4438890094.0
98,2023-06-04,3914217.0,4416861176.0
98,2023-06-05,3914217.0,4416861176.0
98,2023-06-06,3914217.0,4416861176.0
98,2023-06-07,3914217.0,4416861176.0
98,2023-06-08,3914217.0,4416861176.0
98,2023-06-15,3914217.0,4416861176.0
98,2023-06-16,3914217.0,4416861176.0
98,2023-06-17,3914217.0,4416861176.0
98,2023-06-18,3914217.0,4416861176.0
98,2023-06-19,0.0,0.0
98,2023-11-27,3953769.0,4461492246.0
98,2024-02-06,3875428.0,4373091087.0
98,2024-03-30,3862476.0,4358475856.0
98,2024-05-12,3802851.0,4291194111.0
100,2023-06-04,3204877.0,361643128.0
100,2023-06-05,3204877.0,361643128.0
100,2023-06-06,3204877.0,361643128.0
100,2023-06-07,3204877.0,361643128.0
100,2023-06-08,3204877.0,361643128.0
100,2023-06-15,3204877.0,361643128.0
100,2023-06-16,3204877.0,361643128.0
100,2023-06-17,3204877.0,361643128.0
100,2023-06-18,3204877.0,361643128.0
100,2023-06-19,0.0,0.0
100,2023-11-27,3072302.0,3466831661.0
100,2024-02-06,3096771.0,3494442848.0
100,2024-03-30,3031357.0,3420628709.0
100,2024-05-12,2981542.0,3364416716.0
101,2023-06-04,3204877.0,361643128.0
101,2023-06-05,3204877.0,361643128.0
101,2023-06-06,3204877.0,361643128.0
101,2023-06-07,3204877.0,361643128.0
101,2023-06-08,3204877.0,361643128.0
101,2023-06-15,3204877.0,361643128.0
101,2023-06-16,3204877.0,361643128.0
101,2023-06-17,3204877.0,361643128.0
101,2023-06-18,3204877.0,361643128.0
101,2023-06-19,0.0,0.0
101,2023-11-27,3072302.0,3466831661.0
101,2024-02-06,3096771.0,3494442848.0
101,2024-03-30,3031357.0,3420628709.0
101,2024-05-12,2981542.0,3364416716.0
104,2023-06-04,109327.0,1233662267.0
104,2023-06-05,109327.0,1233662267.0
104,2023-06-06,109327.0,1233662267.0
104,2023-06-07,109327.0,1233662267.0
104,2023-06-08,109327.0,1233662267.0
104,2023-06-15,109327.0,1233662267.0
104,2023-06-16,109327.0,1233662267.0
104,2023-06-17,109327.0,1233662267.0
104,2023-06-18,109327.0,1233662267.0
104,2023-06-19,0.0,0.0
104,2023-11-27,1016877.0,114745926.0
104,2024-02-06,1016877.0,114745926.0
104,2024-03-30,1016877.0,114745926.0
104,2024-05-12,1016877.0,114745926.0
107,2023-06-04,1570068.0,1771688282.0
107,2023-06-05,1570068.0,1771688282.0
107,2023-06-06,1570068.0,1771688282.0
107,2023-06-07,1570068.0,1771688282.0
107,2023-06-08,1570068.0,1771688282.0
107,2023-06-15,1570068.0,1771688282.0
107,2023-06-16,1570068.0,1771688282.0
107,2023-06-17,1570068.0,1771688282.0
107,2023-06-18,1570068.0,1771688282.0
107,2023-06-19,0.0,0.0
107,2023-11-27,1573743.0,1775835207.0
107,2024-02-06,1599376.0,1804759869.0
107,2024-03-30,1501734.0,1694579172.0
107,2024-05-12,1471607.0,1660583413.0
109,2023-06-04,2438017.0,2751094953.0
109,2023-06-05,2438017.0,2751094953.0
109,2023-06-06,2438017.0,2751094953.0
109,2023-06-07,2438017.0,2751094953.0
109,2023-06-08,2438017.0,2751094953.0
109,2023-06-15,2438017.0,2751094953.0
109,2023-06-16,2438017.0,2751094953.0
109,2023-06-17,2438017.0,2751094953.0
109,2023-06-18,2438017.0,2751094953.0
109,2023-06-19,0.0,0.0
109,2023-11-27,2438017.0,2751094953.0
109,2024-02-06,2438017.0,2751094953.0
109,2024-03-30,2438017.0,2751094953.0
109,2024-05-12,2438017.0,2751094953.0
110,2023-06-04,1010908.0,1140723751.0
110,2023-06-05,1010908.0,1140723751.0
110,2023-06-06,1010908.0,1140723751.0
110,2023-06-07,1010908.0,1140723751.0
110,2023-06-08,1010908.0,1140723751.0
110,2023-06-15,1010908.0,1140723751.0
110,2023-06-16,1010908.0,1140723751.0
110,2023-06-17,1010908.0,1140723751.0
110,2023-06-18,1010908.0,1140723751.0
110,2023-06-19,0.0,0.0
110,2023-11-27,1007125.0,1136454957.0
110,2024-02-06,1043336.0,1177315992.0
110,2024-03-30,1017764.0,1148460164.0
110,2024-05-12,997038.0,1125072635.0
111,2023-06-04,1010908.0,1140723751.0
111,2023-06-05,1010908.0,1140723751.0
111,2023-06-06,1010908.0,1140723751.0
111,2023-06-07,1010908.0,1140723751.0
111,2023-06-08,1010908.0,1140723751.0
111,2023-06-15,1010908.0,1140723751.0
111,2023-06-16,1010908.0,1140723751.0
111,2023-06-17,1010908.0,1140723751.0
111,2023-06-18,1010908.0,1140723751.0
111,2023-06-19,0.0,0.0
111,2023-11-27,1007125.0,1136454957.0
111,2024-02-06,1043336.0,1177315992.0
111,2024-03-30,1017764.0,1148460164.0
111,2024-05-12,997038.0,1125072635.0
112,2023-06-04,4064725.0,4586696661.0
112,2023-06-05,4064725.0,4586696661.0
112,2023-06-06,4064725.0,4586696661.0
112,2023-06-07,4064725.0,4586696661.0
112,2023-06-08,4064725.0,4586696661.0
112,2023-06-15,4064725.0,4586696661.0
112,2023-06-16,4064725.0,4586696661.0
112,2023-06-17,4064725.0,4586696661.0
112,2023-06-18,4064725.0,4586696661.0
112,2023-06-19,0.0,0.0
112,2023-11-27,4089441.0,4614586566.0
112,2024-02-06,4217935.0,4759581123.0
112,2024-03-30,4038657.0,4557281139.0
112,2024-05-12,4038657.0,4557281139.0
113,2023-06-04,1071737.0,1209364107.0
113,2023-06-05,1071737.0,1209364107.0
113,2023-06-06,1071737.0,1209364107.0
113,2023-06-07,1071737.0,1209364107.0
113,2023-06-08,1071737.0,1209364107.0
113,2023-06-15,1071737.0,1209364107.0
113,2023-06-16,1071737.0,1209364107.0
113,2023-06-17,1071737.0,1209364107.0
113,2023-06-18,1071737.0,1209364107.0
113,2023-06-19,0.0,0.0
113,2023-11-27,1071737.0,1209364107.0
113,2024-02-06,1071737.0,1209364107.0
113,2024-03-30,1071737.0,1209364107.0
113,2024-05-12,1071737.0,1209364107.0
114,2023-06-04,1071737.0,1209364107.0
114,2023-06-05,1071737.0,1209364107.0
114,2023-06-06,1071737.0,1209364107.0
114,2023-06-07,1071737.0,1209364107.0
114,2023-06-08,1071737.0,1209364107.0
114,2023-06-15,1071737.0,1209364107.0
114,2023-06-16,1071737.0,1209364107.0
114,2023-06-17,1071737.0,1209364107.0
114,2023-06-18,1071737.0,1209364107.0
114,2023-06-19,0.0,0.0
114,2023-11-27,1071737.0,1209364107.0
114,2024-02-06,1071737.0,1209364107.0
114,2024-03-30,1071737.0,1209364107.0
114,2024-05-12,1071737.0,1209364107.0
115,2023-06-04,1035852.0,1168870935.0
115,2023-06-05,1035852.0,1168870935.0
115,2023-06-06,1035852.0,1168870935.0
115,2023-06-07,1035852.0,1168870935.0
115,2023-06-08,1035852.0,1168870935.0
115,2023-06-15,1035852.0,1168870935.0
115,2023-06-16,1035852.0,1168870935.0
115,2023-06-17,1035852.0,1168870935.0
115,2023-06-18,1035852.0,1168870935.0
115,2023-06-19,0.0,0.0
115,2023-11-27,899745.0,1015285754.0
115,2024-02-06,899745.0,1015285754.0
115,2024-03-30,884468.0,9980469582.0
115,2024-05-12,884468.0,9980469582.0
116,2023-06-04,1035852.0,1168870935.0
116,2023-06-05,1035852.0,1168870935.0
116,2023-06-06,1035852.0,1168870935.0
116,2023-06-07,1035852.0,1168870935.0
116,2023-06-08,1035852.0,1168870935.0
116,2023-06-15,1035852.0,1168870935.0
116,2023-06-16,1035852.0,1168870935.0
116,2023-06-17,1035852.0,1168870935.0
116,2023-06-18,1035852.0,1168870935.0
116,2023-06-19,0.0,0.0
116,2023-11-27,899745.0,1015285754.0
116,2024-02-06,899745.0,1015285754.0
116,2024-03-30,884468.0,9980469582.0
116,2024-05-12,884468.0,9980469582.0
117,2023-06-04,3123946.0,3525107526.0
117,2023-06-05,3123946.0,3525107526.0
117,2023-06-06,3123946.0,3525107526.0
117,2023-06-07,3123946.0,3525107526.0
117,2023-06-08,3123946.0,3525107526.0
117,2023-06-15,3123946.0,3525107526.0
117,2023-06-16,3123946.0,3525107526.0
117,2023-06-17,3123946.0,3525107526.0
117,2023-06-18,3123946.0,3525107526.0
117,2023-06-19,0.0,0.0
117,2023-11-27,3123946.0,3525107526.0
117,2024-02-06,3123946.0,3525107526.0
117,2024-03-30,3123946.0,3525107526.0
117,2024-05-12,3123946.0,3525107526.0
118,2023-06-04,265337.0,2994102509.0
118,2023-06-05,265337.0,2994102509.0
118,2023-06-06,265337.0,2994102509.0
118,2023-06-07,265337.0,2994102509.0
118,2023-06-08,265337.0,2994102509.0
118,2023-06-15,265337.0,2994102509.0
118,2023-06-16,265337.0,2994102509.0
118,2023-06-17,265337.0,2994102509.0
118,2023-06-18,265337.0,2994102509.0
118,2023-06-19,0.0,0.0
118,2024-02-06,0.0,0.0
121,2023-06-04,155637.0,1756231254.0
121,2023-06-05,155637.0,1756231254.0
121,2023-06-06,155637.0,1756231254.0
121,2023-06-07,155637.0,1756231254.0
121,2023-06-08,155637.0,1756231254.0
121,2023-06-15,155637.0,1756231254.0
121,2023-06-16,155637.0,1756231254.0
121,2023-06-17,155637.0,1756231254.0
121,2023-06-18,155637.0,1756231254.0
121,2023-06-19,0.0,0.0
124,2023-06-04,1958879.0,2210428447.0
124,2023-06-05,1958879.0,2210428447.0
124,2023-06-06,1958879.0,2210428447.0
124,2023-06-07,1958879.0,2210428447.0
124,2023-06-08,1958879.0,2210428447.0
124,2023-06-15,1958879.0,2210428447.0
124,2023-06-16,1958879.0,2210428447.0
124,2023-06-17,1958879.0,2210428447.0
124,2023-06-18,1958879.0,2210428447.0
124,2023-06-19,0.0,0.0
124,2023-11-27,1976704.0,2230542444.0
124,2024-02-06,1965881.0,2218329609.0
124,2024-03-30,1991875.0,2247661628.0
124,2024-05-12,195863.0,2210147472.0
125,2023-06-04,1958879.0,2210428447.0
125,2023-06-05,1958879.0,2210428447.0
125,2023-06-06,1958879.0,2210428447.0
125,2023-06-07,1958879.0,2210428447.0
125,2023-06-08,1958879.0,2210428447.0
125,2023-06-15,1958879.0,2210428447.0
125,2023-06-16,1958879.0,2210428447.0
125,2023-06-17,1958879.0,2210428447.0
125,2023-06-18,1958879.0,2210428447.0
125,2023-06-19,0.0,0.0
125,2023-11-27,1976704.0,2230542444.0
125,2024-02-06,1965881.0,2218329609.0
125,2024-03-30,1991875.0,2247661628.0
125,2024-05-12,195863.0,2210147472.0
131,2023-06-04,1549698.0,1748702469.0
131,2023-06-05,1549698.0,1748702469.0
131,2023-06-06,1549698.0,1748702469.0
131,2023-06-07,1549698.0,1748702469.0
131,2023-06-08,1549698.0,1748702469.0
131,2023-06-15,1549698.0,1748702469.0
131,2023-06-16,1549698.0,1748702469.0
131,2023-06-17,1549698.0,1748702469.0
131,2023-06-18,1549698.0,1748702469.0
131,2023-06-19,0.0,0.0
131,2023-11-27,1549698.0,1748702469.0
131,2024-02-06,1549698.0,1748702469.0
131,2024-03-30,1549698.0,1748702469.0
131,2024-05-12,1549698.0,1748702469.0
134,2023-06-04,1348077.0,1521190308.0
134,2023-06-05,1348077.0,1521190308.0
134,2023-06-06,1348077.0,1521190308.0
134,2023-06-07,1348077.0,1521190308.0
134,2023-06-08,1348077.0,1521190308.0
134,2023-06-15,1348077.0,1521190308.0
134,2023-06-16,1348077.0,1521190308.0
134,2023-06-17,1348077.0,1521190308.0
134,2023-06-18,1348077.0,1521190308.0
134,2023-06-19,0.0,0.0
134,2023-11-27,1290703.0,1456448626.0
134,2024-02-06,5723.0,6457919.0
134,2024-03-30,126752.0,1430288581.0
134,2024-05-12,1240103.0,1399350827.0
135,2023-06-04,1348077.0,1521190308.0
135,2023-06-05,1348077.0,1521190308.0
135,2023-06-06,1348077.0,1521190308.0
135,2023-06-07,1348077.0,1521190308.0
135,2023-06-08,1348077.0,1521190308.0
135,2023-06-15,1348077.0,1521190308.0
135,2023-06-16,1348077.0,1521190308.0
135,2023-06-17,1348077.0,1521190308.0
135,2023-06-18,1348077.0,1521190308.0
135,2023-06-19,0.0,0.0
135,2023-11-27,1290703.0,1456448626.0
135,2024-02-06,5723.0,6457919.0
135,2024-03-30,126752.0,1430288581.0
135,2024-05-12,1240103.0,1399350827.0
136,2023-06-04,414936.0,4682200064.0
136,2023-06-05,414936.0,4682200064.0
136,2023-06-06,414936.0,4682200064.0
136,2023-06-07,414936.0,4682200064.0
136,2023-06-08,414936.0,4682200064.0
136,2023-06-15,414936.0,4682200064.0
136,2023-06-16,414936.0,4682200064.0
136,2023-06-17,414936.0,4682200064.0
136,2023-06-18,414936.0,4682200064.0
136,2023-06-19,0.0,0.0
136,2023-11-27,395809.0,4466368127.0
136,2024-02-06,395809.0,4466368127.0
136,2024-03-30,395809.0,4466368127.0
136,2024-05-12,395809.0,4466368127.0
137,2023-06-04,414936.0,4682200064.0
137,2023-06-05,414936.0,4682200064.0
137,2023-06-06,414936.0,4682200064.0
137,2023-06-07,414936.0,4682200064.0
137,2023-06-08,414936.0,4682200064.0
137,2023-06-15,414936.0,4682200064.0
137,2023-06-16,414936.0,4682200064.0
137,2023-06-17,414936.0,4682200064.0
137,2023-06-18,414936.0,4682200064.0
137,2023-06-19,0.0,0.0
137,2023-11-27,395809.0,4466368127.0
137,2024-02-06,395809.0,4466368127.0
137,2024-03-30,395809.0,4466368127.0
137,2024-05-12,395809.0,4466368127.0
138,2023-06-04,1550805.0,1749951624.0
138,2023-06-05,1550805.0,1749951624.0
138,2023-06-06,1550805.0,1749951624.0
138,2023-06-07,1550805.0,1749951624.0
138,2023-06-08,1550805.0,1749951624.0
138,2023-06-15,1550805.0,1749951624.0
138,2023-06-16,1550805.0,1749951624.0
138,2023-06-17,1550805.0,1749951624.0
138,2023-06-18,1550805.0,1749951624.0
138,2023-06-19,0.0,0.0
138,2023-11-27,1485251.0,1675979507.0
138,2024-02-06,1494367.0,1686266138.0
138,2024-03-30,1461423.0,1649091635.0
138,2024-05-12,1437537.0,1622138314.0
139,2023-06-04,1550805.0,1749951624.0
139,2023-06-05,1550805.0,1749951624.0
139,2023-06-06,1550805.0,1749951624.0
139,2023-06-07,1550805.0,1749951624.0
139,2023-06-08,1550805.0,1749951624.0
139,2023-06-15,1550805.0,1749951624.0
139,2023-06-16,1550805.0,1749951624.0
139,2023-06-17,1550805.0,1749951624.0
139,2023-06-18,1550805.0,1749951624.0
139,2023-06-19,0.0,0.0
139,2023-11-27,1485251.0,1675979507.0
139,2024-02-06,1494367.0,1686266138.0
139,2024-03-30,1461423.0,1649091635.0
139,2024-05-12,1437537.0,1622138314.0
140,2023-06-04,2763371.0,3118229287.0
140,2023-06-05,2763371.0,3118229287.0
140,2023-06-06,2763371.0,3118229287.0
140,2023-06-07,2763371.0,3118229287.0
140,2023-06-08,2763371.0,3118229287.0
140,2023-06-15,2763371.0,3118229287.0
140,2023-06-16,2763371.0,3118229287.0
140,2023-06-17,2763371.0,3118229287.0
140,2023-06-18,2763371.0,3118229287.0
140,2023-06-19,0.0,0.0
140,2023-11-27,2703938.0,3051164198.0
140,2024-02-06,2775363.0,313176124.0
140,2024-03-30,2633901.0,2972133397.0
140,2024-05-12,2591108.0,2923845134.0
141,2023-06-04,2763371.0,3118229287.0
141,2023-06-05,2763371.0,3118229287.0
141,2023-06-06,2763371.0,3118229287.0
141,2023-06-07,2763371.0,3118229287.0
141,2023-06-08,2763371.0,3118229287.0
141,2023-06-15,2763371.0,3118229287.0
141,2023-06-16,2763371.0,3118229287.0
141,2023-06-17,2763371.0,3118229287.0
141,2023-06-18,2763371.0,3118229287.0
141,2023-06-19,0.0,0.0
141,2023-11-27,2703938.0,3051164198.0
141,2024-02-06,2775363.0,313176124.0
141,2024-03-30,2633901.0,2972133397.0
141,2024-05-12,2591108.0,2923845134.0
142,2023-06-04,2114401.0,2385921804.0
142,2023-06-05,2114401.0,2385921804.0
142,2023-06-06,2114401.0,2385921804.0
142,2023-06-07,2114401.0,2385921804.0
142,2023-06-08,2114401.0,2385921804.0
142,2023-06-15,2114401.0,2385921804.0
142,2023-06-16,2114401.0,2385921804.0
142,2023-06-17,2114401.0,2385921804.0
142,2023-06-18,2114401.0,2385921804.0
142,2023-06-19,0.0,0.0
142,2023-11-27,2114401.0,2385921804.0
142,2024-02-06,2114401.0,2385921804.0
142,2024-03-30,2114401.0,2385921804.0
142,2024-05-12,2114401.0,2385921804.0
143,2023-06-04,2114401.0,2385921804.0
143,2023-06-05,2114401.0,2385921804.0
143,2023-06-06,2114401.0,2385921804.0
143,2023-06-07,2114401.0,2385921804.0
143,2023-06-08,2114401.0,2385921804.0
143,2023-06-15,2114401.0,2385921804.0
143,2023-06-16,2114401.0,2385921804.0
143,2023-06-17,2114401.0,2385921804.0
143,2023-06-18,2114401.0,2385921804.0
143,2023-06-19,0.0,0.0
143,2023-11-27,2114401.0,2385921804.0
143,2024-02-06,2114401.0,2385921804.0
143,2024-03-30,2114401.0,2385921804.0
143,2024-05-12,2114401.0,2385921804.0
144,2023-06-04,143875.0,1623507081.0
144,2023-06-05,143875.0,1623507081.0
144,2023-06-06,143875.0,1623507081.0
144,2023-06-07,143875.0,1623507081.0
144,2023-06-08,143875.0,1623507081.0
144,2023-06-15,143875.0,1623507081.0
144,2023-06-16,143875.0,1623507081.0
144,2023-06-17,143875.0,1623507081.0
144,2023-06-18,143875.0,1623507081.0
144,2023-06-19,0.0,0.0
144,2023-11-27,115713.0,1305722849.0
144,2024-02-06,109463.0,1235196911.0
144,2024-03-30,100398.0,1132906092.0
144,2024-05-12,95082.0,107291955.0
145,2023-06-04,143875.0,1623507081.0
145,2023-06-05,143875.0,1623507081.0
145,2023-06-06,143875.0,1623507081.0
145,2023-06-07,143875.0,1623507081.0
145,2023-06-08,143875.0,1623507081.0
145,2023-06-15,143875.0,1623507081.0
145,2023-06-16,143875.0,1623507081.0
145,2023-06-17,143875.0,1623507081.0
145,2023-06-18,143875.0,1623507081.0
145,2023-06-19,0.0,0.0
145,2023-11-27,115713.0,1305722849.0
145,2024-02-06,109463.0,1235196911.0
145,2024-03-30,100398.0,1132906092.0
145,2024-05-12,95082.0,107291955.0
146,2023-06-04,2037873.0,2299566461.0
146,2023-06-05,2037873.0,2299566461.0
146,2023-06-06,2037873.0,2299566461.0
146,2023-06-07,2037873.0,2299566461.0
146,2023-06-08,2037873.0,2299566461.0
146,2023-06-15,2037873.0,2299566461.0
146,2023-06-16,2037873.0,2299566461.0
146,2023-06-17,2037873.0,2299566461.0
146,2023-06-18,2037873.0,2299566461.0
146,2023-06-19,0.0,0.0
146,2023-11-27,1999061.0,2255770418.0
146,2024-02-06,1999061.0,2255770418.0
146,2024-03-30,1968157.0,2220897881.0
146,2024-05-12,1968157.0,2220897881.0
147,2023-06-04,2037873.0,2299566461.0
147,2023-06-05,2037873.0,2299566461.0
147,2023-06-06,2037873.0,2299566461.0
147,2023-06-07,2037873.0,2299566461.0
147,2023-06-08,2037873.0,2299566461.0
147,2023-06-15,2037873.0,2299566461.0
147,2023-06-16,2037873.0,2299566461.0
147,2023-06-17,2037873.0,2299566461.0
147,2023-06-18,2037873.0,2299566461.0
147,2023-06-19,0.0,0.0
147,2023-11-27,1999061.0,2255770418.0
147,2024-02-06,1999061.0,2255770418.0
147,2024-03-30,1968157.0,2220897881.0
147,2024-05-12,1968157.0,2220897881.0
148,2023-06-04,1286937.0,1452199015.0
148,2023-06-05,1286937.0,1452199015.0
148,2023-06-06,1286937.0,1452199015.0
148,2023-06-07,1286937.0,1452199015.0
148,2023-06-08,1286937.0,1452199015.0
148,2023-06-15,1286937.0,1452199015.0
148,2023-06-16,1286937.0,1452199015.0
148,2023-06-17,1286937.0,1452199015.0
148,2023-06-18,1286937.0,1452199015.0
148,2023-06-19,0.0,0.0
148,2023-11-27,1105481.0,1247441343.0
148,2024-02-06,1105481.0,1247441343.0
148,2024-03-30,1027004.0,1158886719.0
148,2024-05-12,1027004.0,1158886719.0
149,2023-06-04,1286937.0,1452199015.0
149,2023-06-05,1286937.0,1452199015.0
149,2023-06-06,1286937.0,1452199015.0
149,2023-06-07,1286937.0,1452199015.0
149,2023-06-08,1286937.0,1452199015.0
149,2023-06-15,1286937.0,1452199015.0
149,2023-06-16,1286937.0,1452199015.0
149,2023-06-17,1286937.0,1452199015.0
149,2023-06-18,1286937.0,1452199015.0
149,2023-06-19,0.0,0.0
149,2023-11-27,1105481.0,1247441343.0
149,2024-02-06,1105481.0,1247441343.0
149,2024-03-30,1027004.0,1158886719.0
149,2024-05-12,1027004.0,1158886719.0
150,2023-06-04,843959.0,952335995.0
150,2023-06-05,843959.0,952335995.0
150,2023-06-06,843959.0,952335995.0
150,2023-06-07,843959.0,952335995.0
150,2023-06-08,843959.0,952335995.0
150,2023-06-15,843959.0,952335995.0
150,2023-06-16,843959.0,952335995.0
150,2023-06-17,843959.0,952335995.0
150,2023-06-18,843959.0,952335995.0
150,2023-06-19,0.0,0.0
150,2023-11-27,648612.0,73190351.0
150,2024-02-06,648612.0,73190351.0
150,2024-03-30,627736.0,7083467184.0
150,2024-05-12,627736.0,7083467184.0
151,2023-06-04,1122758.0,1266936969.0
151,2023-06-05,1122758.0,1266936969.0
151,2023-06-06,1122758.0,1266936969.0
151,2023-06-07,1122758.0,1266936969.0
151,2023-06-08,1122758.0,1266936969.0
151,2023-06-15,1122758.0,1266936969.0
151,2023-06-16,1122758.0,1266936969.0
151,2023-06-17,1122758.0,1266936969.0
151,2023-06-18,1122758.0,1266936969.0
151,2023-06-19,0.0,0.0
151,2023-11-27,1131511.0,1276813985.0
151,2024-02-06,1131511.0,1276813985.0
151,2024-03-30,1131511.0,1276813985.0
151,2024-05-12,1131511.0,1276813985.0
152,2023-06-04,1122758.0,1266936969.0
152,2023-06-05,1122758.0,1266936969.0
152,2023-06-06,1122758.0,1266936969.0
152,2023-06-07,1122758.0,1266936969.0
152,2023-06-08,1122758.0,1266936969.0
152,2023-06-15,1122758.0,1266936969.0
152,2023-06-16,1122758.0,1266936969.0
152,2023-06-17,1122758.0,1266936969.0
152,2023-06-18,1122758.0,1266936969.0
152,2023-06-19,0.0,0.0
152,2023-11-27,1131511.0,1276813985.0
152,2024-02-06,1131511.0,1276813985.0
152,2024-03-30,1131511.0,1276813985.0
152,2024-05-12,1131511.0,1276813985.0
155,2023-06-04,882893.0,9962697046.0
155,2023-06-05,882893.0,9962697046.0
155,2023-06-06,882893.0,9962697046.0
155,2023-06-07,882893.0,9962697046.0
155,2023-06-08,882893.0,9962697046.0
155,2023-06-15,882893.0,9962697046.0
155,2023-06-16,882893.0,9962697046.0
155,2023-06-17,882893.0,9962697046.0
155,2023-06-18,882893.0,9962697046.0
155,2023-06-19,0.0,0.0
155,2023-11-27,881769.0,9950013661.0
155,2024-02-06,895405.0,1010388433.0
155,2024-03-30,875624.0,988067256.0
155,2024-05-12,857398.0,9675007642.0
156,2023-06-04,959412.0,1082614892.0
156,2023-06-05,959412.0,1082614892.0
156,2023-06-06,959412.0,1082614892.0
156,2023-06-07,959412.0,1082614892.0
156,2023-06-08,959412.0,1082614892.0
156,2023-06-15,959412.0,1082614892.0
156,2023-06-16,959412.0,1082614892.0
156,2023-06-17,959412.0,1082614892.0
156,2023-06-18,959412.0,1082614892.0
156,2023-06-19,0.0,0.0
156,2023-11-27,959412.0,1082614892.0
156,2024-02-06,959412.0,1082614892.0
156,2024-03-30,959412.0,1082614892.0
156,2024-05-12,959412.0,1082614892.0
157,2023-06-04,959412.0,1082614892.0
157,2023-06-05,959412.0,1082614892.0
157,2023-06-06,959412.0,1082614892.0
157,2023-06-07,959412.0,1082614892.0
157,2023-06-08,959412.0,1082614892.0
157,2023-06-15,959412.0,1082614892.0
157,2023-06-16,959412.0,1082614892.0
157,2023-06-17,959412.0,1082614892.0
157,2023-06-18,959412.0,1082614892.0
157,2023-06-19,0.0,0.0
157,2023-11-27,959412.0,1082614892.0
157,2024-02-06,959412.0,1082614892.0
157,2024-03-30,959412.0,1082614892.0
157,2024-05-12,959412.0,1082614892.0
160,2023-06-04,148694.0,16778854.0
160,2023-06-05,148694.0,16778854.0
160,2023-06-06,148694.0,16778854.0
160,2023-06-07,148694.0,16778854.0
160,2023-06-08,148694.0,16778854.0
160,2023-06-15,148694.0,16778854.0
160,2023-06-16,148694.0,16778854.0
160,2023-06-17,148694.0,16778854.0
160,2023-06-18,148694.0,16778854.0
160,2023-06-19,0.0,0.0
160,2023-11-27,1451212.0,1637569389.0
160,2024-02-06,1451212.0,1637569389.0
160,2024-03-30,1451212.0,1637569389.0
160,2024-05-12,1451212.0,1637569389.0
161,2023-06-04,148694.0,16778854.0
161,2023-06-05,148694.0,16778854.0
161,2023-06-06,148694.0,16778854.0
161,2023-06-07,148694.0,16778854.0
161,2023-06-08,148694.0,16778854.0
161,2023-06-15,148694.0,16778854.0
161,2023-06-16,148694.0,16778854.0
161,2023-06-17,148694.0,16778854.0
161,2023-06-18,148694.0,16778854.0
161,2023-06-19,0.0,0.0
161,2023-11-27,1451212.0,1637569389.0
161,2024-02-06,1451212.0,1637569389.0
161,2024-03-30,1451212.0,1637569389.0
161,2024-05-12,1451212.0,1637569389.0
162,2023-06-04,3653488.0,4122650662.0
162,2023-06-05,3653488.0,4122650662.0
162,2023-06-06,3653488.0,4122650662.0
162,2023-06-07,3653488.0,4122650662.0
162,2023-06-08,3653488.0,4122650662.0
162,2023-06-15,3653488.0,4122650662.0
162,2023-06-16,3653488.0,4122650662.0
162,2023-06-17,3653488.0,4122650662.0
162,2023-06-18,3653488.0,4122650662.0
162,2023-06-19,0.0,0.0
162,2023-11-27,3580966.0,4040815749.0
162,2024-02-06,3669415.0,4140622927.0
162,2024-03-30,3452589.0,3895953216.0
162,2024-05-12,3402495.0,3839426395.0
163,2023-06-04,2521206.0,2844966669.0
163,2023-06-05,2521206.0,2844966669.0
163,2023-06-06,2521206.0,2844966669.0
163,2023-06-07,2521206.0,2844966669.0
163,2023-06-08,2521206.0,2844966669.0
163,2023-06-15,2521206.0,2844966669.0
163,2023-06-16,2521206.0,2844966669.0
163,2023-06-17,2521206.0,2844966669.0
163,2023-06-18,2521206.0,2844966669.0
163,2023-06-19,0.0,0.0
163,2023-11-27,2521206.0,2844966669.0
163,2024-02-06,2521206.0,2844966669.0
163,2024-03-30,2521206.0,2844966669.0
163,2024-05-12,2521206.0,2844966669.0
164,2023-06-04,2521206.0,2844966669.0
164,2023-06-05,2521206.0,2844966669.0
164,2023-06-06,2521206.0,2844966669.0
164,2023-06-07,2521206.0,2844966669.0
164,2023-06-08,2521206.0,2844966669.0
164,2023-06-15,2521206.0,2844966669.0
164,2023-06-16,2521206.0,2844966669.0
164,2023-06-17,2521206.0,2844966669.0
164,2023-06-18,2521206.0,2844966669.0
164,2023-06-19,0.0,0.0
164,2023-11-27,2521206.0,2844966669.0
164,2024-02-06,2521206.0,2844966669.0
164,2024-03-30,2521206.0,2844966669.0
164,2024-05-12,2521206.0,2844966669.0
165,2023-06-04,1567062.0,1768296267.0
165,2023-06-05,1567062.0,1768296267.0
165,2023-06-06,1567062.0,1768296267.0
165,2023-06-07,1567062.0,1768296267.0
165,2023-06-08,1567062.0,1768296267.0
165,2023-06-15,1567062.0,1768296267.0
165,2023-06-16,1567062.0,1768296267.0
165,2023-06-17,1567062.0,1768296267.0
165,2023-06-18,1567062.0,1768296267.0
165,2023-06-19,0.0,0.0
165,2024-02-06,0.0,0.0
166,2023-06-04,1567062.0,1768296267.0
166,2023-06-05,1567062.0,1768296267.0
166,2023-06-06,1567062.0,1768296267.0
166,2023-06-07,1567062.0,1768296267.0
166,2023-06-08,1567062.0,1768296267.0
166,2023-06-15,1567062.0,1768296267.0
166,2023-06-16,1567062.0,1768296267.0
166,2023-06-17,1567062.0,1768296267.0
166,2023-06-18,1567062.0,1768296267.0
166,2023-06-19,0.0,0.0
166,2024-02-06,0.0,0.0
170,2023-06-04,2212135.0,2496206316.0
170,2023-06-05,2212135.0,2496206316.0
170,2023-06-06,2212135.0,2496206316.0
170,2023-06-07,2212135.0,2496206316.0
170,2023-06-08,2212135.0,2496206316.0
170,2023-06-15,2212135.0,2496206316.0
170,2023-06-16,2212135.0,2496206316.0
170,2023-06-17,2212135.0,2496206316.0
170,2023-06-18,2212135.0,2496206316.0
170,2023-06-19,0.0,0.0
170,2023-11-27,2212135.0,2496206316.0
170,2024-02-06,2212135.0,2496206316.0
170,2024-03-30,2212135.0,2496206316.0
170,2024-05-12,2212135.0,2496206316.0
171,2023-06-04,2212135.0,2496206316.0
171,2023-06-05,2212135.0,2496206316.0
171,2023-06-06,2212135.0,2496206316.0
171,2023-06-07,2212135.0,2496206316.0
171,2023-06-08,2212135.0,2496206316.0
171,2023-06-15,2212135.0,2496206316.0
171,2023-06-16,2212135.0,2496206316.0
171,2023-06-17,2212135.0,2496206316.0
171,2023-06-18,2212135.0,2496206316.0
171,2023-06-19,0.0,0.0
171,2023-11-27,2212135.0,2496206316.0
171,2024-02-06,2212135.0,2496206316.0
171,2024-03-30,2212135.0,2496206316.0
171,2024-05-12,2212135.0,2496206316.0
172,2023-06-04,2389884.0,2696780954.0
172,2023-06-05,2389884.0,2696780954.0
172,2023-06-06,2389884.0,2696780954.0
172,2023-06-07,2389884.0,2696780954.0
172,2023-06-08,2389884.0,2696780954.0
172,2023-06-15,2389884.0,2696780954.0
172,2023-06-16,2389884.0,2696780954.0
172,2023-06-17,2389884.0,2696780954.0
172,2023-06-18,2389884.0,2696780954.0
172,2023-06-19,0.0,0.0
172,2023-11-27,2362717.0,2666125304.0
172,2024-02-06,2362717.0,2666125304.0
172,2024-03-30,2362717.0,2666125304.0
172,2024-05-12,2362717.0,2666125304.0
173,2023-06-04,2389884.0,2696780954.0
173,2023-06-05,2389884.0,2696780954.0
173,2023-06-06,2389884.0,2696780954.0
173,2023-06-07,2389884.0,2696780954.0
173,2023-06-08,2389884.0,2696780954.0
173,2023-06-15,2389884.0,2696780954.0
173,2023-06-16,2389884.0,2696780954.0
173,2023-06-17,2389884.0,2696780954.0
173,2023-06-18,2389884.0,2696780954.0
173,2023-06-19,0.0,0.0
173,2023-11-27,2362717.0,2666125304.0
173,2024-02-06,2362717.0,2666125304.0
173,2024-03-30,2362717.0,2666125304.0
173,2024-05-12,2362717.0,2666125304.0
176,2023-06-04,3845108.0,4338877544.0
176,2023-06-05,3845108.0,4338877544.0
176,2023-06-06,3845108.0,4338877544.0
176,2023-06-07,3845108.0,4338877544.0
176,2023-06-08,3845108.0,4338877544.0
176,2023-06-15,3845108.0,4338877544.0
176,2023-06-16,3845108.0,4338877544.0
176,2023-06-17,3845108.0,4338877544.0
176,2023-06-18,3845108.0,4338877544.0
176,2023-06-19,0.0,0.0
176,2023-11-27,3867354.0,4363980264.0
176,2024-02-06,3905128.0,4406605012.0
176,2024-03-30,3828546.0,4320188735.0
176,2024-05-12,3766793.0,4250505723.0
177,2023-06-04,3845108.0,4338877544.0
177,2023-06-05,3845108.0,4338877544.0
177,2023-06-06,3845108.0,4338877544.0
177,2023-06-07,3845108.0,4338877544.0
177,2023-06-08,3845108.0,4338877544.0
177,2023-06-15,3845108.0,4338877544.0
177,2023-06-16,3845108.0,4338877544.0
177,2023-06-17,3845108.0,4338877544.0
177,2023-06-18,3845108.0,4338877544.0
177,2023-06-19,0.0,0.0
177,2023-11-27,3867354.0,4363980264.0
177,2024-02-06,3905128.0,4406605012.0
177,2024-03-30,3828546.0,4320188735.0
177,2024-05-12,3766793.0,4250505723.0
178,2023-06-04,1574427.0,1776607043.0
178,2023-06-05,1574427.0,1776607043.0
178,2023-06-06,1574427.0,1776607043.0
178,2023-06-07,1574427.0,1776607043.0
178,2023-06-08,1574427.0,1776607043.0
178,2023-06-15,1574427.0,1776607043.0
178,2023-06-16,1574427.0,1776607043.0
178,2023-06-17,1574427.0,1776607043.0
178,2023-06-18,1574427.0,1776607043.0
178,2023-06-19,0.0,0.0
178,2023-11-27,1569634.0,177119855.0
178,2024-02-06,1569634.0,177119855.0
178,2024-03-30,1526719.0,172277262.0
178,2024-05-12,1526719.0,172277262.0
179,2023-06-04,1574427.0,1776607043.0
179,2023-06-05,1574427.0,1776607043.0
179,2023-06-06,1574427.0,1776607043.0
179,2023-06-07,1574427.0,1776607043.0
179,2023-06-08,1574427.0,1776607043.0
179,2023-06-15,1574427.0,1776607043.0
179,2023-06-16,1574427.0,1776607043.0
179,2023-06-17,1574427.0,1776607043.0
179,2023-06-18,1574427.0,1776607043.0
179,2023-06-19,0.0,0.0
179,2023-11-27,1569634.0,177119855.0
179,2024-02-06,1569634.0,177119855.0
179,2024-03-30,1526719.0,172277262.0
179,2024-05-12,1526719.0,172277262.0
180,2023-06-04,1154009.0,1302201066.0
180,2023-06-05,1154009.0,1302201066.0
180,2023-06-06,1154009.0,1302201066.0
180,2023-06-07,1154009.0,1302201066.0
180,2023-06-08,1154009.0,1302201066.0
180,2023-06-15,1154009.0,1302201066.0
180,2023-06-16,1154009.0,1302201066.0
180,2023-06-17,1154009.0,1302201066.0
180,2023-06-18,1154009.0,1302201066.0
180,2023-06-19,0.0,0.0
180,2023-11-27,1154009.0,1302201066.0
180,2024-02-06,1154009.0,1302201066.0
180,2024-03-30,1154009.0,1302201066.0
180,2024-05-12,1154009.0,1302201066.0
181,2023-06-04,1154009.0,1302201066.0
181,2023-06-05,1154009.0,1302201066.0
181,2023-06-06,1154009.0,1302201066.0
181,2023-06-07,1154009.0,1302201066.0
181,2023-06-08,1154009.0,1302201066.0
181,2023-06-15,1154009.0,1302201066.0
181,2023-06-16,1154009.0,1302201066.0
181,2023-06-17,1154009.0,1302201066.0
181,2023-06-18,1154009.0,1302201066.0
181,2023-06-19,0.0,0.0
181,2023-11-27,1154009.0,1302201066.0
181,2024-02-06,1154009.0,1302201066.0
181,2024-03-30,1154009.0,1302201066.0
181,2024-05-12,1154009.0,1302201066.0
182,2023-06-04,759117.0,8565990096.0
182,2023-06-05,759117.0,8565990096.0
182,2023-06-06,759117.0,8565990096.0
182,2023-06-07,759117.0,8565990096.0
182,2023-06-08,759117.0,8565990096.0
182,2023-06-15,759117.0,8565990096.0
182,2023-06-16,759117.0,8565990096.0
182,2023-06-17,759117.0,8565990096.0
182,2023-06-18,759117.0,8565990096.0
182,2023-06-19,0.0,0.0
182,2023-11-27,697825.0,7874361974.0
182,2024-02-06,700116.0,7900213961.0
182,2024-03-30,710904.0,8021947372.0
182,2024-05-12,666172.0,7517184774.0
183,2023-06-04,2322878.0,2621170378.0
183,2023-06-05,2322878.0,2621170378.0
183,2023-06-06,2322878.0,2621170378.0
183,2023-06-07,2322878.0,2621170378.0
183,2023-06-08,2322878.0,2621170378.0
183,2023-06-15,2322878.0,2621170378.0
183,2023-06-16,2322878.0,2621170378.0
183,2023-06-17,2322878.0,2621170378.0
183,2023-06-18,2322878.0,2621170378.0
183,2023-06-19,0.0,0.0
183,2023-11-27,3912079.0,4414448625.0
183,2024-02-06,4014622.0,4530159684.0
183,2024-03-30,3819418.0,4309888563.0
183,2024-05-12,3819418.0,4309888563.0
184,2023-06-04,626708.0,7071867078.0
184,2023-06-05,626708.0,7071867078.0
184,2023-06-06,626708.0,7071867078.0
184,2023-06-07,626708.0,7071867078.0
184,2023-06-08,626708.0,7071867078.0
184,2023-06-15,626708.0,7071867078.0
184,2023-06-16,626708.0,7071867078.0
184,2023-06-17,626708.0,7071867078.0
184,2023-06-18,626708.0,7071867078.0
184,2023-06-19,0.0,0.0
184,2023-11-27,622028.0,7019057256.0
184,2024-02-06,622028.0,7019057256.0
184,2024-03-30,619813.0,6994062864.0
184,2024-05-12,619813.0,6994062864.0
188,2023-06-04,3738239.0,4218284961.0
188,2023-06-05,3738239.0,4218284961.0
188,2023-06-06,3738239.0,4218284961.0
188,2023-06-07,3738239.0,4218284961.0
188,2023-06-08,3738239.0,4218284961.0
188,2023-06-15,3738239.0,4218284961.0
188,2023-06-16,3738239.0,4218284961.0
188,2023-06-17,3738239.0,4218284961.0
188,2023-06-18,3738239.0,4218284961.0
188,2023-06-19,0.0,0.0
188,2023-11-27,3725566.0,4203984558.0
188,2024-02-06,3751468.0,4233212763.0
188,2024-03-30,3751271.0,4232990466.0
188,2024-05-12,3634406.0,4101118247.0
189,2023-06-04,135687.0,1531112461.0
189,2023-06-05,135687.0,1531112461.0
189,2023-06-06,135687.0,1531112461.0
189,2023-06-07,135687.0,1531112461.0
189,2023-06-08,135687.0,1531112461.0
189,2023-06-15,135687.0,1531112461.0
189,2023-06-16,135687.0,1531112461.0
189,2023-06-17,135687.0,1531112461.0
189,2023-06-18,135687.0,1531112461.0
189,2023-06-19,0.0,0.0
189,2023-11-27,135687.0,1531112461.0
189,2024-02-06,135687.0,1531112461.0
189,2024-03-30,135687.0,1531112461.0
189,2024-05-12,135687.0,1531112461.0
190,2023-06-04,2256382.0,2546135295.0
190,2023-06-05,2256382.0,2546135295.0
190,2023-06-06,2256382.0,2546135295.0
190,2023-06-07,2256382.0,2546135295.0
190,2023-06-08,2256382.0,2546135295.0
190,2023-06-15,2256382.0,2546135295.0
190,2023-06-16,2256382.0,2546135295.0
190,2023-06-17,2256382.0,2546135295.0
190,2023-06-18,2256382.0,2546135295.0
190,2023-06-19,0.0,0.0
190,2023-11-27,2113863.0,2385314717.0
190,2024-02-06,2113863.0,2385314717.0
190,2024-03-30,2113863.0,2385314717.0
190,2024-05-12,2113863.0,2385314717.0
191,2023-06-04,2414152.0,2724165329.0
191,2023-06-05,2414152.0,2724165329.0
191,2023-06-06,2414152.0,2724165329.0
191,2023-06-07,2414152.0,2724165329.0
191,2023-06-08,2414152.0,2724165329.0
191,2023-06-15,2414152.0,2724165329.0
191,2023-06-16,2414152.0,2724165329.0
191,2023-06-17,2414152.0,2724165329.0
191,2023-06-18,2414152.0,2724165329.0
191,2023-06-19,0.0,0.0
191,2023-11-27,2414152.0,2724165329.0
191,2024-02-06,2414152.0,2724165329.0
191,2024-03-30,2414152.0,2724165329.0
191,2024-05-12,2414152.0,2724165329.0
192,2023-06-04,2414152.0,2724165329.0
192,2023-06-05,2414152.0,2724165329.0
192,2023-06-06,2414152.0,2724165329.0
192,2023-06-07,2414152.0,2724165329.0
192,2023-06-08,2414152.0,2724165329.0
192,2023-06-15,2414152.0,2724165329.0
192,2023-06-16,2414152.0,2724165329.0
192,2023-06-17,2414152.0,2724165329.0
192,2023-06-18,2414152.0,2724165329.0
192,2023-06-19,0.0,0.0
192,2023-11-27,2414152.0,2724165329.0
192,2024-02-06,2414152.0,2724165329.0
192,2024-03-30,2414152.0,2724165329.0
192,2024-05-12,2414152.0,2724165329.0
193,2023-06-04,2840732.0,32055246.0
193,2023-06-05,2840732.0,32055246.0
193,2023-06-06,2840732.0,32055246.0
193,2023-06-07,2840732.0,32055246.0
193,2023-06-08,2840732.0,32055246.0
193,2023-06-15,2840732.0,32055246.0
193,2023-06-16,2840732.0,32055246.0
193,2023-06-17,2840732.0,32055246.0
193,2023-06-18,2840732.0,32055246.0
193,2023-06-19,0.0,0.0
193,2023-11-27,2869327.0,3237791627.0
193,2024-02-06,2769065.0,3124654482.0
193,2024-03-30,2803926.0,3163992157.0
193,2024-05-12,2760863.0,3115399222.0
194,2023-06-04,2840732.0,32055246.0
194,2023-06-05,2840732.0,32055246.0
194,2023-06-06,2840732.0,32055246.0
194,2023-06-07,2840732.0,32055246.0
194,2023-06-08,2840732.0,32055246.0
194,2023-06-15,2840732.0,32055246.0
194,2023-06-16,2840732.0,32055246.0
194,2023-06-17,2840732.0,32055246.0
194,2023-06-18,2840732.0,32055246.0
194,2023-06-19,0.0,0.0
194,2023-11-27,2869327.0,3237791627.0
194,2024-02-06,2769065.0,3124654482.0
194,2024-03-30,2803926.0,3163992157.0
194,2024-05-12,2760863.0,3115399222.0
195,2023-06-04,1487354.0,1678352564.0
195,2023-06-05,1487354.0,1678352564.0
195,2023-06-06,1487354.0,1678352564.0
195,2023-06-07,1487354.0,1678352564.0
195,2023-06-08,1487354.0,1678352564.0
195,2023-06-15,1487354.0,1678352564.0
195,2023-06-16,1487354.0,1678352564.0
195,2023-06-17,1487354.0,1678352564.0
195,2023-06-18,1487354.0,1678352564.0
195,2023-06-19,0.0,0.0
195,2023-11-27,1487354.0,1678352564.0
195,2024-02-06,1487354.0,1678352564.0
195,2024-03-30,1487354.0,1678352564.0
195,2024-05-12,1487354.0,1678352564.0
196,2023-06-04,1487354.0,1678352564.0
196,2023-06-05,1487354.0,1678352564.0
196,2023-06-06,1487354.0,1678352564.0
196,2023-06-07,1487354.0,1678352564.0
196,2023-06-08,1487354.0,1678352564.0
196,2023-06-15,1487354.0,1678352564.0
196,2023-06-16,1487354.0,1678352564.0
196,2023-06-17,1487354.0,1678352564.0
196,2023-06-18,1487354.0,1678352564.0
196,2023-06-19,0.0,0.0
196,2023-11-27,1487354.0,1678352564.0
196,2024-02-06,1487354.0,1678352564.0
196,2024-03-30,1487354.0,1678352564.0
196,2024-05-12,1487354.0,1678352564.0
200,2023-06-04,2050217.0,2313495616.0
200,2023-06-05,2050217.0,2313495616.0
200,2023-06-06,2050217.0,2313495616.0
200,2023-06-07,2050217.0,2313495616.0
200,2023-06-08,2050217.0,2313495616.0
200,2023-06-15,2050217.0,2313495616.0
200,2023-06-16,2050217.0,2313495616.0
200,2023-06-17,2050217.0,2313495616.0
200,2023-06-18,2050217.0,2313495616.0
200,2023-06-19,0.0,0.0
200,2023-11-27,2027261.0,2287591721.0
200,2024-02-06,2027261.0,2287591721.0
200,2024-03-30,2010328.0,226848427.0
200,2024-05-12,2010328.0,226848427.0
201,2023-06-04,2050217.0,2313495616.0
201,2023-06-05,2050217.0,2313495616.0
201,2023-06-06,2050217.0,2313495616.0
201,2023-06-07,2050217.0,2313495616.0
201,2023-06-08,2050217.0,2313495616.0
201,2023-06-15,2050217.0,2313495616.0
201,2023-06-16,2050217.0,2313495616.0
201,2023-06-17,2050217.0,2313495616.0
201,2023-06-18,2050217.0,2313495616.0
201,2023-06-19,0.0,0.0
201,2023-11-27,2027261.0,2287591721.0
201,2024-02-06,2027261.0,2287591721.0
201,2024-03-30,2010328.0,226848427.0
201,2024-05-12,2010328.0,226848427.0
204,2023-06-04,2814201.0,3175586621.0
204,2023-06-05,2814201.0,3175586621.0
204,2023-06-06,2814201.0,3175586621.0
204,2023-06-07,2814201.0,3175586621.0
204,2023-06-08,2814201.0,3175586621.0
204,2023-06-15,2814201.0,3175586621.0
204,2023-06-16,2814201.0,3175586621.0
204,2023-06-17,2814201.0,3175586621.0
204,2023-06-18,2814201.0,3175586621.0
204,2023-06-19,0.0,0.0
204,2023-11-27,2761614.0,3116246662.0
204,2024-02-06,2825258.0,3188063506.0
204,2024-03-30,2724747.0,3074645386.0
204,2024-05-12,2640239.0,2979285291.0
205,2023-06-04,2814201.0,3175586621.0
205,2023-06-05,2814201.0,3175586621.0
205,2023-06-06,2814201.0,3175586621.0
205,2023-06-07,2814201.0,3175586621.0
205,2023-06-08,2814201.0,3175586621.0
205,2023-06-15,2814201.0,3175586621.0
205,2023-06-16,2814201.0,3175586621.0
205,2023-06-17,2814201.0,3175586621.0
205,2023-06-18,2814201.0,3175586621.0
205,2023-06-19,0.0,0.0
205,2023-11-27,2761614.0,3116246662.0
205,2024-02-06,2825258.0,3188063506.0
205,2024-03-30,2724747.0,3074645386.0
205,2024-05-12,2640239.0,2979285291.0
206,2023-06-04,1848064.0,2085383139.0
206,2023-06-05,1848064.0,2085383139.0
206,2023-06-06,1848064.0,2085383139.0
206,2023-06-07,1848064.0,2085383139.0
206,2023-06-08,1848064.0,2085383139.0
206,2023-06-15,1848064.0,2085383139.0
206,2023-06-16,1848064.0,2085383139.0
206,2023-06-17,1848064.0,2085383139.0
206,2023-06-18,1848064.0,2085383139.0
206,2023-06-19,0.0,0.0
206,2023-11-27,1859048.0,2097777649.0
206,2024-02-06,1878309.0,211951205.0
206,2024-03-30,1842126.0,207868261.0
206,2024-05-12,1842126.0,207868261.0
210,2023-06-04,1612777.0,1819881759.0
210,2023-06-05,1612777.0,1819881759.0
210,2023-06-06,1612777.0,1819881759.0
210,2023-06-07,1612777.0,1819881759.0
210,2023-06-08,1612777.0,1819881759.0
210,2023-06-15,1612777.0,1819881759.0
210,2023-06-16,1612777.0,1819881759.0
210,2023-06-17,1612777.0,1819881759.0
210,2023-06-18,1612777.0,1819881759.0
210,2023-06-19,0.0,0.0
210,2023-11-27,1601138.0,1806748136.0
210,2024-02-06,1601138.0,1806748136.0
210,2024-03-30,1601138.0,1806748136.0
210,2024-05-12,1601138.0,1806748136.0
214,2023-06-04,2967142.0,334816754.0
214,2023-06-05,2967142.0,334816754.0
214,2023-06-06,2967142.0,334816754.0
214,2023-06-07,2967142.0,334816754.0
214,2023-06-08,2967142.0,334816754.0
214,2023-06-15,2967142.0,334816754.0
214,2023-06-16,2967142.0,334816754.0
214,2023-06-17,2967142.0,334816754.0
214,2023-06-18,2967142.0,334816754.0
214,2023-06-19,0.0,0.0
214,2023-11-27,2951847.0,3330908433.0
214,2024-02-06,2951847.0,3330908433.0
214,2024-03-30,2967142.0,334816754.0
214,2024-05-12,2967142.0,334816754.0
215,2023-06-04,2967142.0,334816754.0
215,2023-06-05,2967142.0,334816754.0
215,2023-06-06,2967142.0,334816754.0
215,2023-06-07,2967142.0,334816754.0
215,2023-06-08,2967142.0,334816754.0
215,2023-06-15,2967142.0,334816754.0
215,2023-06-16,2967142.0,334816754.0
215,2023-06-17,2967142.0,334816754.0
215,2023-06-18,2967142.0,334816754.0
215,2023-06-19,0.0,0.0
215,2023-11-27,2951847.0,3330908433.0
215,2024-02-06,2951847.0,3330908433.0
215,2024-03-30,2967142.0,334816754.0
215,2024-05-12,2967142.0,334816754.0
216,2023-06-04,1412431.0,1593808327.0
216,2023-06-05,1412431.0,1593808327.0
216,2023-06-06,1412431.0,1593808327.0
216,2023-06-07,1412431.0,1593808327.0
216,2023-06-08,1412431.0,1593808327.0
216,2023-06-15,1412431.0,1593808327.0
216,2023-06-16,1412431.0,1593808327.0
216,2023-06-17,1412431.0,1593808327.0
216,2023-06-18,1412431.0,1593808327.0
216,2023-06-19,0.0,0.0
216,2023-11-27,1332608.0,1503734856.0
216,2024-02-06,1356001.0,1530131868.0
216,2024-03-30,1307125.0,1474979457.0
216,2024-05-12,1307125.0,1474979457.0
217,2023-06-04,1412431.0,1593808327.0
217,2023-06-05,1412431.0,1593808327.0
217,2023-06-06,1412431.0,1593808327.0
217,2023-06-07,1412431.0,1593808327.0
217,2023-06-08,1412431.0,1593808327.0
217,2023-06-15,1412431.0,1593808327.0
217,2023-06-16,1412431.0,1593808327.0
217,2023-06-17,1412431.0,1593808327.0
217,2023-06-18,1412431.0,1593808327.0
217,2023-06-19,0.0,0.0
217,2023-11-27,1332608.0,1503734856.0
217,2024-02-06,1356001.0,1530131868.0
217,2024-03-30,1307125.0,1474979457.0
217,2024-05-12,1307125.0,1474979457.0
218,2023-06-04,1437299.0,1621869751.0
218,2023-06-05,1437299.0,1621869751.0
218,2023-06-06,1437299.0,1621869751.0
218,2023-06-07,1437299.0,1621869751.0
218,2023-06-08,1437299.0,1621869751.0
218,2023-06-15,1437299.0,1621869751.0
218,2023-06-16,1437299.0,1621869751.0
218,2023-06-17,1437299.0,1621869751.0
218,2023-06-18,1437299.0,1621869751.0
218,2023-06-19,0.0,0.0
219,2023-06-04,1437299.0,1621869751.0
219,2023-06-05,1437299.0,1621869751.0
219,2023-06-06,1437299.0,1621869751.0
219,2023-06-07,1437299.0,1621869751.0
219,2023-06-08,1437299.0,1621869751.0
219,2023-06-15,1437299.0,1621869751.0
219,2023-06-16,1437299.0,1621869751.0
219,2023-06-17,1437299.0,1621869751.0
219,2023-06-18,1437299.0,1621869751.0
219,2023-06-19,0.0,0.0
220,2023-06-04,997492.0,1125584935.0
220,2023-06-05,997492.0,1125584935.0
220,2023-06-06,997492.0,1125584935.0
220,2023-06-07,997492.0,1125584935.0
220,2023-06-08,997492.0,1125584935.0
220,2023-06-15,997492.0,1125584935.0
220,2023-06-16,997492.0,1125584935.0
220,2023-06-17,997492.0,1125584935.0
220,2023-06-18,997492.0,1125584935.0
220,2023-06-19,0.0,0.0
220,2023-11-27,977304.0,1102804493.0
220,2024-02-06,977304.0,1102804493.0
220,2024-03-30,899632.0,1015158243.0
220,2024-05-12,899632.0,1015158243.0
221,2023-06-04,1636408.0,1846547333.0
221,2023-06-05,1636408.0,1846547333.0
221,2023-06-06,1636408.0,1846547333.0
221,2023-06-07,1636408.0,1846547333.0
221,2023-06-08,1636408.0,1846547333.0
221,2023-06-15,1636408.0,1846547333.0
221,2023-06-16,1636408.0,1846547333.0
221,2023-06-17,1636408.0,1846547333.0
221,2023-06-18,1636408.0,1846547333.0
221,2023-06-19,0.0,0.0
221,2023-11-27,1604015.0,1809994586.0
221,2024-02-06,1625368.0,1834089632.0
221,2024-03-30,1574901.0,1777141912.0
221,2024-05-12,1574901.0,1777141912.0
222,2023-06-04,2129026.0,2402424874.0
222,2023-06-05,2129026.0,2402424874.0
222,2023-06-06,2129026.0,2402424874.0
222,2023-06-07,2129026.0,2402424874.0
222,2023-06-08,2129026.0,2402424874.0
222,2023-06-15,2129026.0,2402424874.0
222,2023-06-16,2129026.0,2402424874.0
222,2023-06-17,2129026.0,2402424874.0
222,2023-06-18,2129026.0,2402424874.0
222,2023-06-19,0.0,0.0
222,2023-11-27,1961825.0,2213752757.0
222,2024-02-06,187115.0,2111433727.0
222,2024-03-30,1895221.0,2138595805.0
222,2024-05-12,1848319.0,2085670884.0
223,2023-06-04,2129026.0,2402424874.0
223,2023-06-05,2129026.0,2402424874.0
223,2023-06-06,2129026.0,2402424874.0
223,2023-06-07,2129026.0,2402424874.0
223,2023-06-08,2129026.0,2402424874.0
223,2023-06-15,2129026.0,2402424874.0
223,2023-06-16,2129026.0,2402424874.0
223,2023-06-17,2129026.0,2402424874.0
223,2023-06-18,2129026.0,2402424874.0
223,2023-06-19,0.0,0.0
223,2023-11-27,1961825.0,2213752757.0
223,2024-02-06,187115.0,2111433727.0
223,2024-03-30,1895221.0,2138595805.0
223,2024-05-12,1848319.0,2085670884.0
224,2023-06-04,1310199.0,1478448205.0
224,2023-06-05,1310199.0,1478448205.0
224,2023-06-06,1310199.0,1478448205.0
224,2023-06-07,1310199.0,1478448205.0
224,2023-06-08,1310199.0,1478448205.0
224,2023-06-15,1310199.0,1478448205.0
224,2023-06-16,1310199.0,1478448205.0
224,2023-06-17,1310199.0,1478448205.0
224,2023-06-18,1310199.0,1478448205.0
224,2023-06-19,0.0,0.0
224,2023-11-27,1310199.0,1478448205.0
224,2024-02-06,1310199.0,1478448205.0
224,2024-03-30,1310199.0,1478448205.0
224,2024-05-12,1310199.0,1478448205.0
225,2023-06-04,1310199.0,1478448205.0
225,2023-06-05,1310199.0,1478448205.0
225,2023-06-06,1310199.0,1478448205.0
225,2023-06-07,1310199.0,1478448205.0
225,2023-06-08,1310199.0,1478448205.0
225,2023-06-15,1310199.0,1478448205.0
225,2023-06-16,1310199.0,1478448205.0
225,2023-06-17,1310199.0,1478448205.0
225,2023-06-18,1310199.0,1478448205.0
225,2023-06-19,0.0,0.0
225,2023-11-27,1310199.0,1478448205.0
225,2024-02-06,1310199.0,1478448205.0
225,2024-03-30,1310199.0,1478448205.0
225,2024-05-12,1310199.0,1478448205.0
228,2023-06-04,20209.0,228041387.0
228,2023-06-05,20209.0,228041387.0
228,2023-06-06,20209.0,228041387.0
228,2023-06-07,20209.0,228041387.0
228,2023-06-08,20209.0,228041387.0
228,2023-06-15,20209.0,228041387.0
228,2023-06-16,20209.0,228041387.0
228,2023-06-17,20209.0,228041387.0
228,2023-06-18,20209.0,228041387.0
228,2023-06-19,0.0,0.0
229,2023-06-04,20209.0,228041387.0
229,2023-06-05,20209.0,228041387.0
229,2023-06-06,20209.0,228041387.0
229,2023-06-07,20209.0,228041387.0
229,2023-06-08,20209.0,228041387.0
229,2023-06-15,20209.0,228041387.0
229,2023-06-16,20209.0,228041387.0
229,2023-06-17,20209.0,228041387.0
229,2023-06-18,20209.0,228041387.0
229,2023-06-19,0.0,0.0
233,2023-06-04,33419.0,377105009.0
233,2023-06-05,33419.0,377105009.0
233,2023-06-06,33419.0,377105009.0
233,2023-06-07,33419.0,377105009.0
233,2023-06-08,33419.0,377105009.0
233,2023-06-15,33419.0,377105009.0
233,2023-06-16,33419.0,377105009.0
233,2023-06-17,33419.0,377105009.0
233,2023-06-18,33419.0,377105009.0
233,2023-06-19,0.0,0.0
233,2023-11-27,33419.0,377105009.0
233,2024-02-06,33419.0,377105009.0
233,2024-03-30,33419.0,377105009.0
233,2024-05-12,33419.0,377105009.0
234,2023-06-04,33419.0,377105009.0
234,2023-06-05,33419.0,377105009.0
234,2023-06-06,33419.0,377105009.0
234,2023-06-07,33419.0,377105009.0
234,2023-06-08,33419.0,377105009.0
234,2023-06-15,33419.0,377105009.0
234,2023-06-16,33419.0,377105009.0
234,2023-06-17,33419.0,377105009.0
234,2023-06-18,33419.0,377105009.0
234,2023-06-19,0.0,0.0
234,2023-11-27,33419.0,377105009.0
234,2024-02-06,33419.0,377105009.0
234,2024-03-30,33419.0,377105009.0
234,2024-05-12,33419.0,377105009.0
237,2023-06-04,3059827.0,3452754684.0
237,2023-06-05,3059827.0,3452754684.0
237,2023-06-06,3059827.0,3452754684.0
237,2023-06-07,3059827.0,3452754684.0
237,2023-06-08,3059827.0,3452754684.0
237,2023-06-15,3059827.0,3452754684.0
237,2023-06-16,3059827.0,3452754684.0
237,2023-06-17,3059827.0,3452754684.0
237,2023-06-18,3059827.0,3452754684.0
237,2023-06-19,0.0,0.0
237,2023-11-27,2774643.0,3130948781.0
237,2024-02-06,2802653.0,3162555685.0
237,2024-03-30,2684651.0,3029400458.0
237,2024-05-12,263064.0,2968453636.0
239,2023-06-04,228127.0,2574219287.0
239,2023-06-05,228127.0,2574219287.0
239,2023-06-06,228127.0,2574219287.0
239,2023-06-07,228127.0,2574219287.0
239,2023-06-08,228127.0,2574219287.0
239,2023-06-15,228127.0,2574219287.0
239,2023-06-16,228127.0,2574219287.0
239,2023-06-17,228127.0,2574219287.0
239,2023-06-18,228127.0,2574219287.0
239,2023-06-19,0.0,0.0
239,2023-11-27,221106.0,249499327.0
239,2024-02-06,221106.0,249499327.0
239,2024-03-30,221106.0,249499327.0
239,2024-05-12,221106.0,249499327.0
243,2023-06-04,2578978.0,291015746.0
243,2023-06-05,2578978.0,291015746.0
243,2023-06-06,2578978.0,291015746.0
243,2023-06-07,2578978.0,291015746.0
243,2023-06-08,2578978.0,291015746.0
243,2023-06-15,2578978.0,291015746.0
243,2023-06-16,2578978.0,291015746.0
243,2023-06-17,2578978.0,291015746.0
243,2023-06-18,2578978.0,291015746.0
243,2023-06-19,0.0,0.0
243,2023-11-27,2500828.0,2821971828.0
243,2024-02-06,2523598.0,2847665837.0
243,2024-03-30,2470486.0,278773346.0
243,2024-05-12,2427595.0,2739334612.0
244,2023-06-04,2578978.0,291015746.0
244,2023-06-05,2578978.0,291015746.0
244,2023-06-06,2578978.0,291015746.0
244,2023-06-07,2578978.0,291015746.0
244,2023-06-08,2578978.0,291015746.0
244,2023-06-15,2578978.0,291015746.0
244,2023-06-16,2578978.0,291015746.0
244,2023-06-17,2578978.0,291015746.0
244,2023-06-18,2578978.0,291015746.0
244,2023-06-19,0.0,0.0
244,2023-11-27,2500828.0,2821971828.0
244,2024-02-06,2523598.0,2847665837.0
244,2024-03-30,2470486.0,278773346.0
244,2024-05-12,2427595.0,2739334612.0
245,2023-06-04,376077.0,424370928.0
245,2023-06-05,376077.0,424370928.0
245,2023-06-06,376077.0,424370928.0
245,2023-06-07,376077.0,424370928.0
245,2023-06-08,376077.0,424370928.0
245,2023-06-15,376077.0,424370928.0
245,2023-06-16,376077.0,424370928.0
245,2023-06-17,376077.0,424370928.0
245,2023-06-18,376077.0,424370928.0
245,2023-06-19,0.0,0.0
245,2023-11-27,376077.0,424370928.0
245,2024-02-06,376077.0,424370928.0
245,2024-03-30,376077.0,424370928.0
245,2024-05-12,376077.0,424370928.0
248,2023-06-04,2386053.0,2692457996.0
248,2023-06-05,2386053.0,2692457996.0
248,2023-06-06,2386053.0,2692457996.0
248,2023-06-07,2386053.0,2692457996.0
248,2023-06-08,2386053.0,2692457996.0
248,2023-06-15,2386053.0,2692457996.0
248,2023-06-16,2386053.0,2692457996.0
248,2023-06-17,2386053.0,2692457996.0
248,2023-06-18,2386053.0,2692457996.0
248,2023-06-19,0.0,0.0
248,2023-11-27,2294376.0,2589008294.0
248,2024-02-06,0.0,0.0
248,2024-03-30,2260035.0,2550257395.0
248,2024-05-12,2220303.0,250542321.0
249,2023-06-04,318383.0,3592681529.0
249,2023-06-05,318383.0,3592681529.0
249,2023-06-06,318383.0,3592681529.0
249,2023-06-07,318383.0,3592681529.0
249,2023-06-08,318383.0,3592681529.0
249,2023-06-15,318383.0,3592681529.0
249,2023-06-16,318383.0,3592681529.0
249,2023-06-17,318383.0,3592681529.0
249,2023-06-18,318383.0,3592681529.0
249,2023-06-19,0.0,0.0
249,2023-11-27,239609.0,2703783897.0
249,2024-02-06,239609.0,2703783897.0
249,2024-03-30,239609.0,2703783897.0
249,2024-05-12,239609.0,2703783897.0
250,2023-06-04,1977244.0,2231151788.0
250,2023-06-05,1977244.0,2231151788.0
250,2023-06-06,1977244.0,2231151788.0
250,2023-06-07,1977244.0,2231151788.0
250,2023-06-08,1977244.0,2231151788.0
250,2023-06-15,1977244.0,2231151788.0
250,2023-06-16,1977244.0,2231151788.0
250,2023-06-17,1977244.0,2231151788.0
250,2023-06-18,1977244.0,2231151788.0
250,2023-06-19,0.0,0.0
250,2023-11-27,1977244.0,2231151788.0
250,2024-02-06,1977244.0,2231151788.0
250,2024-03-30,1977244.0,2231151788.0
250,2024-05-12,1977244.0,2231151788.0
251,2023-06-04,1977244.0,2231151788.0
251,2023-06-05,1977244.0,2231151788.0
251,2023-06-06,1977244.0,2231151788.0
251,2023-06-07,1977244.0,2231151788.0
251,2023-06-08,1977244.0,2231151788.0
251,2023-06-15,1977244.0,2231151788.0
251,2023-06-16,1977244.0,2231151788.0
251,2023-06-17,1977244.0,2231151788.0
251,2023-06-18,1977244.0,2231151788.0
251,2023-06-19,0.0,0.0
251,2023-11-27,1977244.0,2231151788.0
251,2024-02-06,1977244.0,2231151788.0
251,2024-03-30,1977244.0,2231151788.0
251,2024-05-12,1977244.0,2231151788.0
252,2023-06-04,44922.0,506906586.0
252,2023-06-05,44922.0,506906586.0
252,2023-06-06,44922.0,506906586.0
252,2023-06-07,44922.0,506906586.0
252,2023-06-08,44922.0,506906586.0
252,2023-06-15,44922.0,506906586.0
252,2023-06-16,44922.0,506906586.0
252,2023-06-17,44922.0,506906586.0
252,2023-06-18,44922.0,506906586.0
252,2023-06-19,0.0,0.0
252,2023-11-27,44922.0,506906586.0
252,2024-02-06,44922.0,506906586.0
252,2024-03-30,44922.0,506906586.0
252,2024-05-12,44922.0,506906586.0
253,2023-06-04,44922.0,506906586.0
253,2023-06-05,44922.0,506906586.0
253,2023-06-06,44922.0,506906586.0
253,2023-06-07,44922.0,506906586.0
253,2023-06-08,44922.0,506906586.0
253,2023-06-15,44922.0,506906586.0
253,2023-06-16,44922.0,506906586.0
253,2023-06-17,44922.0,506906586.0
253,2023-06-18,44922.0,506906586.0
253,2023-06-19,0.0,0.0
253,2023-11-27,44922.0,506906586.0
253,2024-02-06,44922.0,506906586.0
253,2024-03-30,44922.0,506906586.0
253,2024-05-12,44922.0,506906586.0
257,2023-06-04,1699867.0,1918155421.0
257,2023-06-05,1699867.0,1918155421.0
257,2023-06-06,1699867.0,1918155421.0
257,2023-06-07,1699867.0,1918155421.0
257,2023-06-08,1699867.0,1918155421.0
257,2023-06-15,1699867.0,1918155421.0
257,2023-06-16,1699867.0,1918155421.0
257,2023-06-17,1699867.0,1918155421.0
257,2023-06-18,1699867.0,1918155421.0
257,2023-06-19,0.0,0.0
257,2023-11-27,1711721.0,1931531652.0
257,2024-02-06,1732675.0,195517646.0
257,2024-03-30,176196.0,1988222093.0
257,2024-05-12,1686157.0,1902684851.0
260,2023-06-04,2542751.0,286927837.0
260,2023-06-05,2542751.0,286927837.0
260,2023-06-06,2542751.0,286927837.0
260,2023-06-07,2542751.0,286927837.0
260,2023-06-08,2542751.0,286927837.0
260,2023-06-15,2542751.0,286927837.0
260,2023-06-16,2542751.0,286927837.0
260,2023-06-17,2542751.0,286927837.0
260,2023-06-18,2542751.0,286927837.0
260,2023-06-19,0.0,0.0
260,2023-11-27,2197182.0,2479333127.0
260,2024-02-06,2197182.0,2479333127.0
260,2024-03-30,2161904.0,2439524902.0
260,2024-05-12,2161904.0,2439524902.0
261,2023-06-04,1200366.0,1354511.0
261,2023-06-05,1200366.0,1354511.0
261,2023-06-06,1200366.0,1354511.0
261,2023-06-07,1200366.0,1354511.0
261,2023-06-08,1200366.0,1354511.0
261,2023-06-15,1200366.0,1354511.0
261,2023-06-16,1200366.0,1354511.0
261,2023-06-17,1200366.0,1354511.0
261,2023-06-18,1200366.0,1354511.0
261,2023-06-19,0.0,0.0
261,2023-11-27,1046753.0,1181171787.0
261,2024-02-06,1046753.0,1181171787.0
261,2024-03-30,1046753.0,1181171787.0
261,2024-05-12,1046753.0,1181171787.0
262,2023-06-04,1200366.0,1354511.0
262,2023-06-05,1200366.0,1354511.0
262,2023-06-06,1200366.0,1354511.0
262,2023-06-07,1200366.0,1354511.0
262,2023-06-08,1200366.0,1354511.0
262,2023-06-15,1200366.0,1354511.0
262,2023-06-16,1200366.0,1354511.0
262,2023-06-17,1200366.0,1354511.0
262,2023-06-18,1200366.0,1354511.0
262,2023-06-19,0.0,0.0
262,2023-11-27,1046753.0,1181171787.0
262,2024-02-06,1046753.0,1181171787.0
262,2024-03-30,1046753.0,1181171787.0
262,2024-05-12,1046753.0,1181171787.0
263,2023-06-04,2876931.0,3246372094.0
263,2023-06-05,2876931.0,3246372094.0
263,2023-06-06,2876931.0,3246372094.0
263,2023-06-07,2876931.0,3246372094.0
263,2023-06-08,2876931.0,3246372094.0
263,2023-06-15,2876931.0,3246372094.0
263,2023-06-16,2876931.0,3246372094.0
263,2023-06-17,2876931.0,3246372094.0
263,2023-06-18,2876931.0,3246372094.0
263,2023-06-19,0.0,0.0
263,2023-11-27,2781036.0,3138162738.0
263,2024-02-06,0.0,0.0
263,2024-03-30,277705.0,3133664876.0
263,2024-05-12,269066.0,3036181104.0
266,2023-06-04,1587751.0,1791642045.0
266,2023-06-05,1587751.0,1791642045.0
266,2023-06-06,1587751.0,1791642045.0
266,2023-06-07,1587751.0,1791642045.0
266,2023-06-08,1587751.0,1791642045.0
266,2023-06-15,1587751.0,1791642045.0
266,2023-06-16,1587751.0,1791642045.0
266,2023-06-17,1587751.0,1791642045.0
266,2023-06-18,1587751.0,1791642045.0
266,2023-06-19,0.0,0.0
266,2023-11-27,1587751.0,1791642045.0
266,2024-02-06,1587751.0,1791642045.0
266,2024-03-30,1587751.0,1791642045.0
266,2024-05-12,1587751.0,1791642045.0
267,2023-06-04,1587751.0,1791642045.0
267,2023-06-05,1587751.0,1791642045.0
267,2023-06-06,1587751.0,1791642045.0
267,2023-06-07,1587751.0,1791642045.0
267,2023-06-08,1587751.0,1791642045.0
267,2023-06-15,1587751.0,1791642045.0
267,2023-06-16,1587751.0,1791642045.0
267,2023-06-17,1587751.0,1791642045.0
267,2023-06-18,1587751.0,1791642045.0
267,2023-06-19,0.0,0.0
267,2023-11-27,1587751.0,1791642045.0
267,2024-02-06,1587751.0,1791642045.0
267,2024-03-30,1587751.0,1791642045.0
267,2024-05-12,1587751.0,1791642045.0
269,2023-06-04,3837013.0,4329743024.0
269,2023-06-05,3837013.0,4329743024.0
269,2023-06-06,3837013.0,4329743024.0
269,2023-06-07,3837013.0,4329743024.0
269,2023-06-08,3837013.0,4329743024.0
269,2023-06-15,3837013.0,4329743024.0
269,2023-06-16,3837013.0,4329743024.0
269,2023-06-17,3837013.0,4329743024.0
269,2023-06-18,3837013.0,4329743024.0
269,2023-06-19,0.0,0.0
269,2023-11-27,373015.0,4209157212.0
269,2024-02-06,3768775.0,4252742242.0
269,2024-03-30,3703253.0,4178806234.0
269,2024-05-12,3626526.0,4092226336.0
270,2023-06-04,886489.0,1000327485.0
270,2023-06-05,886489.0,1000327485.0
270,2023-06-06,886489.0,1000327485.0
270,2023-06-07,886489.0,1000327485.0
270,2023-06-08,886489.0,1000327485.0
270,2023-06-15,886489.0,1000327485.0
270,2023-06-16,886489.0,1000327485.0
270,2023-06-17,886489.0,1000327485.0
270,2023-06-18,886489.0,1000327485.0
270,2023-06-19,0.0,0.0
270,2023-11-27,831858.0,9386810451.0
270,2024-02-06,862204.0,9729239267.0
271,2023-06-04,886489.0,1000327485.0
271,2023-06-05,886489.0,1000327485.0
271,2023-06-06,886489.0,1000327485.0
271,2023-06-07,886489.0,1000327485.0
271,2023-06-08,886489.0,1000327485.0
271,2023-06-15,886489.0,1000327485.0
271,2023-06-16,886489.0,1000327485.0
271,2023-06-17,886489.0,1000327485.0
271,2023-06-18,886489.0,1000327485.0
271,2023-06-19,0.0,0.0
271,2023-11-27,831858.0,9386810451.0
271,2024-02-06,862204.0,9729239267.0
272,2023-06-04,125566.0,1416905579.0
272,2023-06-05,125566.0,1416905579.0
272,2023-06-06,125566.0,1416905579.0
272,2023-06-07,125566.0,1416905579.0
272,2023-06-08,125566.0,1416905579.0
272,2023-06-15,125566.0,1416905579.0
272,2023-06-16,125566.0,1416905579.0
272,2023-06-17,125566.0,1416905579.0
272,2023-06-18,125566.0,1416905579.0
272,2023-06-19,0.0,0.0
272,2023-11-27,104394.0,1177997555.0
272,2024-02-06,104394.0,1177997555.0
272,2024-03-30,104394.0,1177997555.0
272,2024-05-12,104394.0,1177997555.0
275,2023-06-04,347092.0,3916638192.0
275,2023-06-05,347092.0,3916638192.0
275,2023-06-06,347092.0,3916638192.0
275,2023-06-07,347092.0,3916638192.0
275,2023-06-08,347092.0,3916638192.0
275,2023-06-15,347092.0,3916638192.0
275,2023-06-16,347092.0,3916638192.0
275,2023-06-17,347092.0,3916638192.0
275,2023-06-18,347092.0,3916638192.0
275,2023-06-19,0.0,0.0
275,2023-11-27,103515.0,1168078787.0
275,2024-02-06,112562.0,1270166492.0
275,2024-03-30,21742.0,245339989.0
275,2024-05-12,21742.0,245339989.0
276,2023-06-04,1416734.0,1598663897.0
276,2023-06-05,1416734.0,1598663897.0
276,2023-06-06,1416734.0,1598663897.0
276,2023-06-07,1416734.0,1598663897.0
276,2023-06-08,1416734.0,1598663897.0
276,2023-06-15,1416734.0,1598663897.0
276,2023-06-16,1416734.0,1598663897.0
276,2023-06-17,1416734.0,1598663897.0
276,2023-06-18,1416734.0,1598663897.0
276,2023-06-19,0.0,0.0
276,2023-11-27,1416734.0,1598663897.0
276,2024-02-06,1416734.0,1598663897.0
276,2024-03-30,1416734.0,1598663897.0
276,2024-05-12,1416734.0,1598663897.0
277,2023-06-04,1416734.0,1598663897.0
277,2023-06-05,1416734.0,1598663897.0
277,2023-06-06,1416734.0,1598663897.0
277,2023-06-07,1416734.0,1598663897.0
277,2023-06-08,1416734.0,1598663897.0
277,2023-06-15,1416734.0,1598663897.0
277,2023-06-16,1416734.0,1598663897.0
277,2023-06-17,1416734.0,1598663897.0
277,2023-06-18,1416734.0,1598663897.0
277,2023-06-19,0.0,0.0
277,2023-11-27,1416734.0,1598663897.0
277,2024-02-06,1416734.0,1598663897.0
277,2024-03-30,1416734.0,1598663897.0
277,2024-05-12,1416734.0,1598663897.0
279,2023-06-04,290712.0,3280437815.0
279,2023-06-05,290712.0,3280437815.0
279,2023-06-06,290712.0,3280437815.0
279,2023-06-07,290712.0,3280437815.0
279,2023-06-08,290712.0,3280437815.0
279,2023-06-15,290712.0,3280437815.0
279,2023-06-16,290712.0,3280437815.0
279,2023-06-17,290712.0,3280437815.0
279,2023-06-18,290712.0,3280437815.0
279,2023-06-19,0.0,0.0
279,2023-11-27,208486.0,2352587297.0
279,2024-02-06,215495.0,2431677904.0
279,2024-03-30,145925.0,1646639589.0
279,2024-05-12,129327.0,1459345267.0
282,2023-06-04,430532.0,4858187668.0
282,2023-06-05,430532.0,4858187668.0
282,2023-06-06,430532.0,4858187668.0
282,2023-06-07,430532.0,4858187668.0
282,2023-06-08,430532.0,4858187668.0
282,2023-06-15,430532.0,4858187668.0
282,2023-06-16,430532.0,4858187668.0
282,2023-06-17,430532.0,4858187668.0
282,2023-06-18,430532.0,4858187668.0
282,2023-06-19,0.0,0.0
282,2023-11-27,35657.0,4023589366.0
282,2024-02-06,323196.0,3646992143.0
282,2024-03-30,340594.0,3843313785.0
282,2024-05-12,325994.0,3678565195.0
283,2023-06-04,430532.0,4858187668.0
283,2023-06-05,430532.0,4858187668.0
283,2023-06-06,430532.0,4858187668.0
283,2023-06-07,430532.0,4858187668.0
283,2023-06-08,430532.0,4858187668.0
283,2023-06-15,430532.0,4858187668.0
283,2023-06-16,430532.0,4858187668.0
283,2023-06-17,430532.0,4858187668.0
283,2023-06-18,430532.0,4858187668.0
283,2023-06-19,0.0,0.0
283,2023-11-27,35657.0,4023589366.0
283,2024-02-06,323196.0,3646992143.0
283,2024-03-30,340594.0,3843313785.0
283,2024-05-12,325994.0,3678565195.0
287,2023-06-04,19917.0,224746416.0
287,2023-06-05,19917.0,224746416.0
287,2023-06-06,19917.0,224746416.0
287,2023-06-07,19917.0,224746416.0
287,2023-06-08,19917.0,224746416.0
287,2023-06-15,19917.0,224746416.0
287,2023-06-16,19917.0,224746416.0
287,2023-06-17,19917.0,224746416.0
287,2023-06-18,19917.0,224746416.0
287,2023-06-19,0.0,0.0
287,2024-02-06,0.0,0.0
296,2023-06-04,1108685.0,1251056784.0
296,2023-06-05,1108685.0,1251056784.0
296,2023-06-06,1108685.0,1251056784.0
296,2023-06-07,1108685.0,1251056784.0
296,2023-06-08,1108685.0,1251056784.0
296,2023-06-15,1108685.0,1251056784.0
296,2023-06-16,1108685.0,1251056784.0
296,2023-06-17,1108685.0,1251056784.0
296,2023-06-18,1108685.0,1251056784.0
296,2023-06-19,0.0,0.0
296,2023-11-27,1108685.0,1251056784.0
296,2024-02-06,1108685.0,1251056784.0
296,2024-03-30,1108685.0,1251056784.0
296,2024-05-12,1108685.0,1251056784.0
297,2023-06-04,1108685.0,1251056784.0
297,2023-06-05,1108685.0,1251056784.0
297,2023-06-06,1108685.0,1251056784.0
297,2023-06-07,1108685.0,1251056784.0
297,2023-06-08,1108685.0,1251056784.0
297,2023-06-15,1108685.0,1251056784.0
297,2023-06-16,1108685.0,1251056784.0
297,2023-06-17,1108685.0,1251056784.0
297,2023-06-18,1108685.0,1251056784.0
297,2023-06-19,0.0,0.0
297,2023-11-27,1108685.0,1251056784.0
297,2024-02-06,1108685.0,1251056784.0
297,2024-03-30,1108685.0,1251056784.0
297,2024-05-12,1108685.0,1251056784.0
300,2023-06-04,2414321.0,2724356031.0
300,2023-06-05,2414321.0,2724356031.0
300,2023-06-06,2414321.0,2724356031.0
300,2023-06-07,2414321.0,2724356031.0
300,2023-06-08,2414321.0,2724356031.0
300,2023-06-15,2414321.0,2724356031.0
300,2023-06-16,2414321.0,2724356031.0
300,2023-06-17,2414321.0,2724356031.0
300,2023-06-18,2414321.0,2724356031.0
300,2023-06-19,0.0,0.0
300,2023-11-27,2414321.0,2724356031.0
300,2024-02-06,2414321.0,2724356031.0
300,2024-03-30,2414321.0,2724356031.0
300,2024-05-12,2414321.0,2724356031.0
301,2023-06-04,2414321.0,2724356031.0
301,2023-06-05,2414321.0,2724356031.0
301,2023-06-06,2414321.0,2724356031.0
301,2023-06-07,2414321.0,2724356031.0
301,2023-06-08,2414321.0,2724356031.0
301,2023-06-15,2414321.0,2724356031.0
301,2023-06-16,2414321.0,2724356031.0
301,2023-06-17,2414321.0,2724356031.0
301,2023-06-18,2414321.0,2724356031.0
301,2023-06-19,0.0,0.0
301,2023-11-27,2414321.0,2724356031.0
301,2024-02-06,2414321.0,2724356031.0
301,2024-03-30,2414321.0,2724356031.0
301,2024-05-12,2414321.0,2724356031.0
307,2023-06-04,1457514.0,164468066.0
307,2023-06-05,1457514.0,164468066.0
307,2023-06-06,1457514.0,164468066.0
307,2023-06-07,1457514.0,164468066.0
307,2023-06-08,1457514.0,164468066.0
307,2023-06-15,1457514.0,164468066.0
307,2023-06-16,1457514.0,164468066.0
307,2023-06-17,1457514.0,164468066.0
307,2023-06-18,1457514.0,164468066.0
307,2023-06-19,0.0,0.0
307,2023-11-27,1401868.0,1581888879.0
307,2024-02-06,1411616.0,1592888669.0
307,2024-03-30,1399601.0,1579330762.0
307,2024-05-12,1399601.0,1579330762.0
308,2023-06-04,1457514.0,164468066.0
308,2023-06-05,1457514.0,164468066.0
308,2023-06-06,1457514.0,164468066.0
308,2023-06-07,1457514.0,164468066.0
308,2023-06-08,1457514.0,164468066.0
308,2023-06-15,1457514.0,164468066.0
308,2023-06-16,1457514.0,164468066.0
308,2023-06-17,1457514.0,164468066.0
308,2023-06-18,1457514.0,164468066.0
308,2023-06-19,0.0,0.0
308,2023-11-27,1401868.0,1581888879.0
308,2024-02-06,1411616.0,1592888669.0
308,2024-03-30,1399601.0,1579330762.0
308,2024-05-12,1399601.0,1579330762.0
310,2023-06-04,1325683.0,1495920582.0
310,2023-06-05,1325683.0,1495920582.0
310,2023-06-06,1325683.0,1495920582.0
310,2023-06-07,1325683.0,1495920582.0
310,2023-06-08,1325683.0,1495920582.0
310,2023-06-15,1325683.0,1495920582.0
310,2023-06-16,1325683.0,1495920582.0
310,2023-06-17,1325683.0,1495920582.0
310,2023-06-18,1325683.0,1495920582.0
310,2023-06-19,0.0,0.0
310,2023-11-27,1325683.0,1495920582.0
310,2024-02-06,1325683.0,1495920582.0
310,2024-03-30,1325683.0,1495920582.0
310,2024-05-12,1325683.0,1495920582.0
311,2023-06-04,956612.0,107945533.0
311,2023-06-05,956612.0,107945533.0
311,2023-06-06,956612.0,107945533.0
311,2023-06-07,956612.0,107945533.0
311,2023-06-08,956612.0,107945533.0
311,2023-06-15,956612.0,107945533.0
311,2023-06-16,956612.0,107945533.0
311,2023-06-17,956612.0,107945533.0
311,2023-06-18,956612.0,107945533.0
311,2023-06-19,0.0,0.0
311,2023-11-27,858896.0,9691911298.0
311,2024-02-06,858896.0,9691911298.0
311,2024-03-30,831612.0,938403455.0
311,2024-05-12,831612.0,938403455.0
312,2023-06-04,1464258.0,1652290691.0
312,2023-06-05,1464258.0,1652290691.0
312,2023-06-06,1464258.0,1652290691.0
312,2023-06-07,1464258.0,1652290691.0
312,2023-06-08,1464258.0,1652290691.0
312,2023-06-15,1464258.0,1652290691.0
312,2023-06-16,1464258.0,1652290691.0
312,2023-06-17,1464258.0,1652290691.0
312,2023-06-18,1464258.0,1652290691.0
312,2023-06-19,0.0,0.0
312,2023-11-27,1464258.0,1652290691.0
312,2024-02-06,1464258.0,1652290691.0
312,2024-03-30,1464258.0,1652290691.0
312,2024-05-12,1464258.0,1652290691.0
313,2023-06-04,2737586.0,3089133106.0
313,2023-06-05,2737586.0,3089133106.0
313,2023-06-06,2737586.0,3089133106.0
313,2023-06-07,2737586.0,3089133106.0
313,2023-06-08,2737586.0,3089133106.0
313,2023-06-15,2737586.0,3089133106.0
313,2023-06-16,2737586.0,3089133106.0
313,2023-06-17,2737586.0,3089133106.0
313,2023-06-18,2737586.0,3089133106.0
313,2023-06-19,0.0,0.0
313,2023-11-27,2666849.0,3009312414.0
313,2024-02-06,2696737.0,3043038482.0
313,2024-03-30,2667846.0,3010437444.0
313,2024-05-12,2617452.0,2953572099.0
314,2023-06-04,2737586.0,3089133106.0
314,2023-06-05,2737586.0,3089133106.0
314,2023-06-06,2737586.0,3089133106.0
314,2023-06-07,2737586.0,3089133106.0
314,2023-06-08,2737586.0,3089133106.0
314,2023-06-15,2737586.0,3089133106.0
314,2023-06-16,2737586.0,3089133106.0
314,2023-06-17,2737586.0,3089133106.0
314,2023-06-18,2737586.0,3089133106.0
314,2023-06-19,0.0,0.0
314,2023-11-27,2666849.0,3009312414.0
314,2024-02-06,2696737.0,3043038482.0
314,2024-03-30,2667846.0,3010437444.0
314,2024-05-12,2617452.0,2953572099.0
319,2023-06-04,73961.0,834587018.0
319,2023-06-05,73961.0,834587018.0
319,2023-06-06,73961.0,834587018.0
319,2023-06-07,73961.0,834587018.0
319,2023-06-08,73961.0,834587018.0
319,2023-06-15,73961.0,834587018.0
319,2023-06-16,73961.0,834587018.0
319,2023-06-17,73961.0,834587018.0
319,2023-06-18,73961.0,834587018.0
319,2023-06-19,0.0,0.0
319,2023-11-27,49914.0,563237063.0
319,2024-02-06,40216.0,453803376.0
319,2024-03-30,37736.0,425818684.0
319,2024-05-12,34533.0,389675552.0
322,2023-06-04,709708.0,8008451528.0
322,2023-06-05,709708.0,8008451528.0
322,2023-06-06,709708.0,8008451528.0
322,2023-06-07,709708.0,8008451528.0
322,2023-06-08,709708.0,8008451528.0
322,2023-06-15,709708.0,8008451528.0
322,2023-06-16,709708.0,8008451528.0
322,2023-06-17,709708.0,8008451528.0
322,2023-06-18,709708.0,8008451528.0
322,2023-06-19,0.0,0.0
322,2024-02-06,0.0,0.0
325,2023-06-04,130156.0,1468699827.0
325,2023-06-05,130156.0,1468699827.0
325,2023-06-06,130156.0,1468699827.0
325,2023-06-07,130156.0,1468699827.0
325,2023-06-08,130156.0,1468699827.0
325,2023-06-15,130156.0,1468699827.0
325,2023-06-16,130156.0,1468699827.0
325,2023-06-17,130156.0,1468699827.0
325,2023-06-18,130156.0,1468699827.0
325,2023-06-19,0.0,0.0
325,2023-11-27,93618.0,1056399555.0
325,2024-02-06,97556.0,1100836537.0
325,2024-03-30,7034.0,793727111.0
325,2024-05-12,64188.0,72430702.0
326,2023-06-04,1451217.0,1637575031.0
326,2023-06-05,1451217.0,1637575031.0
326,2023-06-06,1451217.0,1637575031.0
326,2023-06-07,1451217.0,1637575031.0
326,2023-06-08,1451217.0,1637575031.0
326,2023-06-15,1451217.0,1637575031.0
326,2023-06-16,1451217.0,1637575031.0
326,2023-06-17,1451217.0,1637575031.0
326,2023-06-18,1451217.0,1637575031.0
326,2023-06-19,0.0,0.0
326,2023-11-27,1478864.0,1668772321.0
326,2024-02-06,1478864.0,1668772321.0
326,2024-03-30,1441041.0,162609228.0
326,2024-05-12,1441041.0,162609228.0
333,2023-06-04,233652.0,2636564216.0
333,2023-06-05,233652.0,2636564216.0
333,2023-06-06,233652.0,2636564216.0
333,2023-06-07,233652.0,2636564216.0
333,2023-06-08,233652.0,2636564216.0
333,2023-06-15,233652.0,2636564216.0
333,2023-06-16,233652.0,2636564216.0
333,2023-06-17,233652.0,2636564216.0
333,2023-06-18,233652.0,2636564216.0
333,2023-06-19,0.0,0.0
333,2023-11-27,106579.0,1202653423.0
333,2024-02-06,96142.0,1084880749.0
333,2024-03-30,66485.0,750226713.0
333,2024-05-12,52479.0,592180908.0
334,2023-06-04,233652.0,2636564216.0
334,2023-06-05,233652.0,2636564216.0
334,2023-06-06,233652.0,2636564216.0
334,2023-06-07,233652.0,2636564216.0
334,2023-06-08,233652.0,2636564216.0
334,2023-06-15,233652.0,2636564216.0
334,2023-06-16,233652.0,2636564216.0
334,2023-06-17,233652.0,2636564216.0
334,2023-06-18,233652.0,2636564216.0
334,2023-06-19,0.0,0.0
334,2023-11-27,106579.0,1202653423.0
334,2024-02-06,96142.0,1084880749.0
334,2024-03-30,66485.0,750226713.0
334,2024-05-12,52479.0,592180908.0
335,2023-06-04,1514111.0,1708545564.0
335,2023-06-05,1514111.0,1708545564.0
335,2023-06-06,1514111.0,1708545564.0
335,2023-06-07,1514111.0,1708545564.0
335,2023-06-08,1514111.0,1708545564.0
335,2023-06-15,1514111.0,1708545564.0
335,2023-06-16,1514111.0,1708545564.0
335,2023-06-17,1514111.0,1708545564.0
335,2023-06-18,1514111.0,1708545564.0
335,2023-06-19,0.0,0.0
335,2023-11-27,1514111.0,1708545564.0
335,2024-02-06,1514111.0,1708545564.0
335,2024-03-30,1514111.0,1708545564.0
335,2024-05-12,1514111.0,1708545564.0
337,2023-06-04,1528814.0,172513665.0
337,2023-06-05,1528814.0,172513665.0
337,2023-06-06,1528814.0,172513665.0
337,2023-06-07,1528814.0,172513665.0
337,2023-06-08,1528814.0,172513665.0
337,2023-06-15,1528814.0,172513665.0
337,2023-06-16,1528814.0,172513665.0
337,2023-06-17,1528814.0,172513665.0
337,2023-06-18,1528814.0,172513665.0
337,2023-06-19,0.0,0.0
337,2024-02-06,0.0,0.0
338,2023-06-04,1528814.0,172513665.0
338,2023-06-05,1528814.0,172513665.0
338,2023-06-06,1528814.0,172513665.0
338,2023-06-07,1528814.0,172513665.0
338,2023-06-08,1528814.0,172513665.0
338,2023-06-15,1528814.0,172513665.0
338,2023-06-16,1528814.0,172513665.0
338,2023-06-17,1528814.0,172513665.0
338,2023-06-18,1528814.0,172513665.0
338,2023-06-19,0.0,0.0
338,2024-02-06,0.0,0.0
339,2023-06-04,114196.0,1288604793.0
339,2023-06-05,114196.0,1288604793.0
339,2023-06-06,114196.0,1288604793.0
339,2023-06-07,114196.0,1288604793.0
339,2023-06-08,114196.0,1288604793.0
339,2023-06-15,114196.0,1288604793.0
339,2023-06-16,114196.0,1288604793.0
339,2023-06-17,114196.0,1288604793.0
339,2023-06-18,114196.0,1288604793.0
339,2023-06-19,0.0,0.0
339,2023-11-27,114196.0,1288604793.0
339,2024-02-06,114196.0,1288604793.0
339,2024-03-30,114196.0,1288604793.0
339,2024-05-12,114196.0,1288604793.0
340,2023-06-04,114196.0,1288604793.0
340,2023-06-05,114196.0,1288604793.0
340,2023-06-06,114196.0,1288604793.0
340,2023-06-07,114196.0,1288604793.0
340,2023-06-08,114196.0,1288604793.0
340,2023-06-15,114196.0,1288604793.0
340,2023-06-16,114196.0,1288604793.0
340,2023-06-17,114196.0,1288604793.0
340,2023-06-18,114196.0,1288604793.0
340,2023-06-19,0.0,0.0
340,2023-11-27,114196.0,1288604793.0
340,2024-02-06,114196.0,1288604793.0
340,2024-03-30,114196.0,1288604793.0
340,2024-05-12,114196.0,1288604793.0
341,2023-06-04,1188356.0,1340958736.0
341,2023-06-05,1188356.0,1340958736.0
341,2023-06-06,1188356.0,1340958736.0
341,2023-06-07,1188356.0,1340958736.0
341,2023-06-08,1188356.0,1340958736.0
341,2023-06-15,1188356.0,1340958736.0
341,2023-06-16,1188356.0,1340958736.0
341,2023-06-17,1188356.0,1340958736.0
341,2023-06-18,1188356.0,1340958736.0
341,2023-06-19,0.0,0.0
341,2023-11-27,1174638.0,1325479139.0
341,2024-02-06,1192353.0,1345469011.0
341,2024-03-30,1134574.0,128027032.0
341,2024-05-12,1114617.0,1257750542.0
342,2023-06-04,3748716.0,4230107365.0
342,2023-06-05,3748716.0,4230107365.0
342,2023-06-06,3748716.0,4230107365.0
342,2023-06-07,3748716.0,4230107365.0
342,2023-06-08,3748716.0,4230107365.0
342,2023-06-15,3748716.0,4230107365.0
342,2023-06-16,3748716.0,4230107365.0
342,2023-06-17,3748716.0,4230107365.0
342,2023-06-18,3748716.0,4230107365.0
342,2023-06-19,0.0,0.0
342,2023-11-27,3880237.0,4378517634.0
342,2024-02-06,3800867.0,4288955336.0
342,2024-03-30,3991332.0,4503878899.0
342,2024-05-12,3869231.0,4366098299.0
343,2023-06-04,1803278.0,2034845944.0
343,2023-06-05,1803278.0,2034845944.0
343,2023-06-06,1803278.0,2034845944.0
343,2023-06-07,1803278.0,2034845944.0
343,2023-06-08,1803278.0,2034845944.0
343,2023-06-15,1803278.0,2034845944.0
343,2023-06-16,1803278.0,2034845944.0
343,2023-06-17,1803278.0,2034845944.0
343,2023-06-18,1803278.0,2034845944.0
343,2023-06-19,0.0,0.0
343,2023-11-27,2091502.0,2360082229.0
343,2024-02-06,2076968.0,2343681846.0
343,2024-03-30,21233.0,239596357.0
343,2024-05-12,2087242.0,2355275181.0
344,2023-06-04,1803278.0,2034845944.0
344,2023-06-05,1803278.0,2034845944.0
344,2023-06-06,1803278.0,2034845944.0
344,2023-06-07,1803278.0,2034845944.0
344,2023-06-08,1803278.0,2034845944.0
344,2023-06-15,1803278.0,2034845944.0
344,2023-06-16,1803278.0,2034845944.0
344,2023-06-17,1803278.0,2034845944.0
344,2023-06-18,1803278.0,2034845944.0
344,2023-06-19,0.0,0.0
344,2023-11-27,2091502.0,2360082229.0
344,2024-02-06,2076968.0,2343681846.0
344,2024-03-30,21233.0,239596357.0
344,2024-05-12,2087242.0,2355275181.0
346,2023-06-04,1465852.0,1654089385.0
346,2023-06-05,1465852.0,1654089385.0
346,2023-06-06,1465852.0,1654089385.0
346,2023-06-07,1465852.0,1654089385.0
346,2023-06-08,1465852.0,1654089385.0
346,2023-06-15,1465852.0,1654089385.0
346,2023-06-16,1465852.0,1654089385.0
346,2023-06-17,1465852.0,1654089385.0
346,2023-06-18,1465852.0,1654089385.0
346,2023-06-19,0.0,0.0
346,2023-11-27,1587835.0,1791736832.0
346,2024-02-06,1569515.0,1771064269.0
346,2024-03-30,1526401.0,1722413784.0
346,2024-05-12,1483873.0,1674424551.0
347,2023-06-04,1935542.0,2184094626.0
347,2023-06-05,1935542.0,2184094626.0
347,2023-06-06,1935542.0,2184094626.0
347,2023-06-07,1935542.0,2184094626.0
347,2023-06-08,1935542.0,2184094626.0
347,2023-06-15,1935542.0,2184094626.0
347,2023-06-16,1935542.0,2184094626.0
347,2023-06-17,1935542.0,2184094626.0
347,2023-06-18,1935542.0,2184094626.0
347,2023-06-19,0.0,0.0
347,2023-11-27,1935542.0,2184094626.0
347,2024-02-06,1935542.0,2184094626.0
347,2024-03-30,1935542.0,2184094626.0
347,2024-05-12,1935542.0,2184094626.0
350,2023-06-04,1209851.0,1365214016.0
350,2023-06-05,1209851.0,1365214016.0
350,2023-06-06,1209851.0,1365214016.0
350,2023-06-07,1209851.0,1365214016.0
350,2023-06-08,1209851.0,1365214016.0
350,2023-06-15,1209851.0,1365214016.0
350,2023-06-16,1209851.0,1365214016.0
350,2023-06-17,1209851.0,1365214016.0
350,2023-06-18,1209851.0,1365214016.0
350,2023-06-19,0.0,0.0
350,2023-11-27,1193999.0,1347326382.0
350,2024-02-06,1201652.0,1355962142.0
350,2024-03-30,1284098.0,1448995445.0
350,2024-05-12,1266034.0,1428611756.0
351,2023-06-04,1209851.0,1365214016.0
351,2023-06-05,1209851.0,1365214016.0
351,2023-06-06,1209851.0,1365214016.0
351,2023-06-07,1209851.0,1365214016.0
351,2023-06-08,1209851.0,1365214016.0
351,2023-06-15,1209851.0,1365214016.0
351,2023-06-16,1209851.0,1365214016.0
351,2023-06-17,1209851.0,1365214016.0
351,2023-06-18,1209851.0,1365214016.0
351,2023-06-19,0.0,0.0
351,2023-11-27,1193999.0,1347326382.0
351,2024-02-06,1201652.0,1355962142.0
351,2024-03-30,1284098.0,1448995445.0
351,2024-05-12,1266034.0,1428611756.0
352,2023-06-04,90901.0,1025740519.0
352,2023-06-05,90901.0,1025740519.0
352,2023-06-06,90901.0,1025740519.0
352,2023-06-07,90901.0,1025740519.0
352,2023-06-08,90901.0,1025740519.0
352,2023-06-15,90901.0,1025740519.0
352,2023-06-16,90901.0,1025740519.0
352,2023-06-17,90901.0,1025740519.0
352,2023-06-18,90901.0,1025740519.0
352,2023-06-19,0.0,0.0
352,2023-11-27,93034.0,1049809611.0
352,2024-02-06,98276.0,1108961125.0
352,2024-03-30,87629.0,98881878.0
352,2024-05-12,84037.0,948286114.0
353,2023-06-04,90901.0,1025740519.0
353,2023-06-05,90901.0,1025740519.0
353,2023-06-06,90901.0,1025740519.0
353,2023-06-07,90901.0,1025740519.0
353,2023-06-08,90901.0,1025740519.0
353,2023-06-15,90901.0,1025740519.0
353,2023-06-16,90901.0,1025740519.0
353,2023-06-17,90901.0,1025740519.0
353,2023-06-18,90901.0,1025740519.0
353,2023-06-19,0.0,0.0
353,2023-11-27,93034.0,1049809611.0
353,2024-02-06,98276.0,1108961125.0
353,2024-03-30,87629.0,98881878.0
353,2024-05-12,84037.0,948286114.0
354,2023-06-04,105362.0,1188920612.0
354,2023-06-05,105362.0,1188920612.0
354,2023-06-06,105362.0,1188920612.0
354,2023-06-07,105362.0,1188920612.0
354,2023-06-08,105362.0,1188920612.0
354,2023-06-15,105362.0,1188920612.0
354,2023-06-16,105362.0,1188920612.0
354,2023-06-17,105362.0,1188920612.0
354,2023-06-18,105362.0,1188920612.0
354,2023-06-19,0.0,0.0
354,2024-02-06,0.0,0.0
355,2023-06-04,105362.0,1188920612.0
355,2023-06-05,105362.0,1188920612.0
355,2023-06-06,105362.0,1188920612.0
355,2023-06-07,105362.0,1188920612.0
355,2023-06-08,105362.0,1188920612.0
355,2023-06-15,105362.0,1188920612.0
355,2023-06-16,105362.0,1188920612.0
355,2023-06-17,105362.0,1188920612.0
355,2023-06-18,105362.0,1188920612.0
355,2023-06-19,0.0,0.0
355,2024-02-06,0.0,0.0
356,2023-06-04,2027136.0,2287450669.0
356,2023-06-05,2027136.0,2287450669.0
356,2023-06-06,2027136.0,2287450669.0
356,2023-06-07,2027136.0,2287450669.0
356,2023-06-08,2027136.0,2287450669.0
356,2023-06-15,2027136.0,2287450669.0
356,2023-06-16,2027136.0,2287450669.0
356,2023-06-17,2027136.0,2287450669.0
356,2023-06-18,2027136.0,2287450669.0
356,2023-06-19,0.0,0.0
357,2023-06-04,2027136.0,2287450669.0
357,2023-06-05,2027136.0,2287450669.0
357,2023-06-06,2027136.0,2287450669.0
357,2023-06-07,2027136.0,2287450669.0
357,2023-06-08,2027136.0,2287450669.0
357,2023-06-15,2027136.0,2287450669.0
357,2023-06-16,2027136.0,2287450669.0
357,2023-06-17,2027136.0,2287450669.0
357,2023-06-18,2027136.0,2287450669.0
357,2023-06-19,0.0,0.0
358,2023-06-04,4015599.0,4531262146.0
358,2023-06-05,4015599.0,4531262146.0
358,2023-06-06,4015599.0,4531262146.0
358,2023-06-07,4015599.0,4531262146.0
358,2023-06-08,4015599.0,4531262146.0
358,2023-06-15,4015599.0,4531262146.0
358,2023-06-16,4015599.0,4531262146.0
358,2023-06-17,4015599.0,4531262146.0
358,2023-06-18,4015599.0,4531262146.0
358,2023-06-19,0.0,0.0
358,2023-11-27,5961655.0,6727220927.0
358,2024-02-06,5861592.0,6614308337.0
358,2024-03-30,5913096.0,6672426223.0
358,2024-05-12,5830623.0,6579362453.0
359,2023-06-04,355485.0,4011346063.0
359,2023-06-05,355485.0,4011346063.0
359,2023-06-06,355485.0,4011346063.0
359,2023-06-07,355485.0,4011346063.0
359,2023-06-08,355485.0,4011346063.0
359,2023-06-15,355485.0,4011346063.0
359,2023-06-16,355485.0,4011346063.0
359,2023-06-17,355485.0,4011346063.0
359,2023-06-18,355485.0,4011346063.0
359,2023-06-19,0.0,0.0
359,2024-02-06,0.0,0.0
360,2023-06-04,355485.0,4011346063.0
360,2023-06-05,355485.0,4011346063.0
360,2023-06-06,355485.0,4011346063.0
360,2023-06-07,355485.0,4011346063.0
360,2023-06-08,355485.0,4011346063.0
360,2023-06-15,355485.0,4011346063.0
360,2023-06-16,355485.0,4011346063.0
360,2023-06-17,355485.0,4011346063.0
360,2023-06-18,355485.0,4011346063.0
360,2023-06-19,0.0,0.0
360,2024-02-06,0.0,0.0
361,2023-06-04,1014839.0,114515955.0
361,2023-06-05,1014839.0,114515955.0
361,2023-06-06,1014839.0,114515955.0
361,2023-06-07,1014839.0,114515955.0
361,2023-06-08,1014839.0,114515955.0
361,2023-06-15,1014839.0,114515955.0
361,2023-06-16,1014839.0,114515955.0
361,2023-06-17,1014839.0,114515955.0
361,2023-06-18,1014839.0,114515955.0
361,2023-06-19,0.0,0.0
361,2023-11-27,985273.0,1111796832.0
361,2024-02-06,1012746.0,1142797778.0
361,2024-03-30,983774.0,1110105338.0
361,2024-05-12,965988.0,1090035349.0
362,2023-06-04,2077063.0,2343789045.0
362,2023-06-05,2077063.0,2343789045.0
362,2023-06-06,2077063.0,2343789045.0
362,2023-06-07,2077063.0,2343789045.0
362,2023-06-08,2077063.0,2343789045.0
362,2023-06-15,2077063.0,2343789045.0
362,2023-06-16,2077063.0,2343789045.0
362,2023-06-17,2077063.0,2343789045.0
362,2023-06-18,2077063.0,2343789045.0
362,2023-06-19,0.0,0.0
362,2023-11-27,1937152.0,2185911374.0
362,2024-02-06,1970188.0,2223189692.0
362,2024-03-30,1830024.0,2065026532.0
362,2024-05-12,179237.0,2022537194.0
363,2023-06-04,2077063.0,2343789045.0
363,2023-06-05,2077063.0,2343789045.0
363,2023-06-06,2077063.0,2343789045.0
363,2023-06-07,2077063.0,2343789045.0
363,2023-06-08,2077063.0,2343789045.0
363,2023-06-15,2077063.0,2343789045.0
363,2023-06-16,2077063.0,2343789045.0
363,2023-06-17,2077063.0,2343789045.0
363,2023-06-18,2077063.0,2343789045.0
363,2023-06-19,0.0,0.0
363,2023-11-27,1937152.0,2185911374.0
363,2024-02-06,1970188.0,2223189692.0
363,2024-03-30,1830024.0,2065026532.0
363,2024-05-12,179237.0,2022537194.0
364,2023-06-04,297865.0,336115334.0
364,2023-06-05,297865.0,336115334.0
364,2023-06-06,297865.0,336115334.0
364,2023-06-07,297865.0,336115334.0
364,2023-06-08,297865.0,336115334.0
364,2023-06-15,297865.0,336115334.0
364,2023-06-16,297865.0,336115334.0
364,2023-06-17,297865.0,336115334.0
364,2023-06-18,297865.0,336115334.0
364,2023-06-19,0.0,0.0
365,2023-06-04,297865.0,336115334.0
365,2023-06-05,297865.0,336115334.0
365,2023-06-06,297865.0,336115334.0
365,2023-06-07,297865.0,336115334.0
365,2023-06-08,297865.0,336115334.0
365,2023-06-15,297865.0,336115334.0
365,2023-06-16,297865.0,336115334.0
365,2023-06-17,297865.0,336115334.0
365,2023-06-18,297865.0,336115334.0
365,2023-06-19,0.0,0.0
366,2023-06-04,712969.0,8045249141.0
366,2023-06-05,712969.0,8045249141.0
366,2023-06-06,712969.0,8045249141.0
366,2023-06-07,712969.0,8045249141.0
366,2023-06-08,712969.0,8045249141.0
366,2023-06-15,712969.0,8045249141.0
366,2023-06-16,712969.0,8045249141.0
366,2023-06-17,712969.0,8045249141.0
366,2023-06-18,712969.0,8045249141.0
366,2023-06-19,0.0,0.0
366,2023-11-27,620091.0,6997199858.0
366,2024-02-06,619678.0,6992539504.0
366,2024-03-30,585916.0,6611564031.0
366,2024-05-12,544921.0,6148970302.0
367,2023-06-04,712969.0,8045249141.0
367,2023-06-05,712969.0,8045249141.0
367,2023-06-06,712969.0,8045249141.0
367,2023-06-07,712969.0,8045249141.0
367,2023-06-08,712969.0,8045249141.0
367,2023-06-15,712969.0,8045249141.0
367,2023-06-16,712969.0,8045249141.0
367,2023-06-17,712969.0,8045249141.0
367,2023-06-18,712969.0,8045249141.0
367,2023-06-19,0.0,0.0
367,2023-11-27,620091.0,6997199858.0
367,2024-02-06,619678.0,6992539504.0
367,2024-03-30,585916.0,6611564031.0
367,2024-05-12,544921.0,6148970302.0
368,2023-06-04,201884.0,2278089339.0
368,2023-06-05,201884.0,2278089339.0
368,2023-06-06,201884.0,2278089339.0
368,2023-06-07,201884.0,2278089339.0
368,2023-06-08,201884.0,2278089339.0
368,2023-06-15,201884.0,2278089339.0
368,2023-06-16,201884.0,2278089339.0
368,2023-06-17,201884.0,2278089339.0
368,2023-06-18,201884.0,2278089339.0
368,2023-06-19,0.0,0.0
368,2023-11-27,195361.0,2204482828.0
368,2024-02-06,203907.0,2300917174.0
368,2024-03-30,187691.0,2117933398.0
368,2024-05-12,183215.0,2067425542.0
369,2023-06-04,189081.0,2133618366.0
369,2023-06-05,189081.0,2133618366.0
369,2023-06-06,189081.0,2133618366.0
369,2023-06-07,189081.0,2133618366.0
369,2023-06-08,189081.0,2133618366.0
369,2023-06-15,189081.0,2133618366.0
369,2023-06-16,189081.0,2133618366.0
369,2023-06-17,189081.0,2133618366.0
369,2023-06-18,189081.0,2133618366.0
369,2023-06-19,0.0,0.0
369,2023-11-27,140409.0,1584396217.0
369,2024-02-06,146546.0,1653647046.0
369,2024-03-30,116343.0,1312831863.0
369,2024-05-12,95779.0,1080784603.0
370,2023-06-04,189081.0,2133618366.0
370,2023-06-05,189081.0,2133618366.0
370,2023-06-06,189081.0,2133618366.0
370,2023-06-07,189081.0,2133618366.0
370,2023-06-08,189081.0,2133618366.0
370,2023-06-15,189081.0,2133618366.0
370,2023-06-16,189081.0,2133618366.0
370,2023-06-17,189081.0,2133618366.0
370,2023-06-18,189081.0,2133618366.0
370,2023-06-19,0.0,0.0
370,2023-11-27,140409.0,1584396217.0
370,2024-02-06,146546.0,1653647046.0
370,2024-03-30,116343.0,1312831863.0
370,2024-05-12,95779.0,1080784603.0
371,2023-06-04,487279.0,5498529328.0
371,2023-06-05,487279.0,5498529328.0
371,2023-06-06,487279.0,5498529328.0
371,2023-06-07,487279.0,5498529328.0
371,2023-06-08,487279.0,5498529328.0
371,2023-06-15,487279.0,5498529328.0
371,2023-06-16,487279.0,5498529328.0
371,2023-06-17,487279.0,5498529328.0
371,2023-06-18,487279.0,5498529328.0
371,2023-06-19,0.0,0.0
371,2023-11-27,367691.0,4149080398.0
371,2024-02-06,378418.0,4270125475.0
371,2024-03-30,296475.0,3345468371.0
371,2024-05-12,277601.0,3132491324.0
372,2023-06-04,487279.0,5498529328.0
372,2023-06-05,487279.0,5498529328.0
372,2023-06-06,487279.0,5498529328.0
372,2023-06-07,487279.0,5498529328.0
372,2023-06-08,487279.0,5498529328.0
372,2023-06-15,487279.0,5498529328.0
372,2023-06-16,487279.0,5498529328.0
372,2023-06-17,487279.0,5498529328.0
372,2023-06-18,487279.0,5498529328.0
372,2023-06-19,0.0,0.0
372,2023-11-27,367691.0,4149080398.0
372,2024-02-06,378418.0,4270125475.0
372,2024-03-30,296475.0,3345468371.0
372,2024-05-12,277601.0,3132491324.0
373,2023-06-04,705502.0,7960990393.0
373,2023-06-05,705502.0,7960990393.0
373,2023-06-06,705502.0,7960990393.0
373,2023-06-07,705502.0,7960990393.0
373,2023-06-08,705502.0,7960990393.0
373,2023-06-15,705502.0,7960990393.0
373,2023-06-16,705502.0,7960990393.0
373,2023-06-17,705502.0,7960990393.0
373,2023-06-18,705502.0,7960990393.0
373,2023-06-19,0.0,0.0
373,2023-11-27,687241.0,775493053.0
373,2024-02-06,702155.0,7923222343.0
373,2024-03-30,673988.0,760538169.0
373,2024-05-12,671616.0,7578615686.0
374,2023-06-04,502145.0,5666279502.0
374,2023-06-05,502145.0,5666279502.0
374,2023-06-06,502145.0,5666279502.0
374,2023-06-07,502145.0,5666279502.0
374,2023-06-08,502145.0,5666279502.0
374,2023-06-15,502145.0,5666279502.0
374,2023-06-16,502145.0,5666279502.0
374,2023-06-17,502145.0,5666279502.0
374,2023-06-18,502145.0,5666279502.0
374,2023-06-19,0.0,0.0
374,2023-11-27,45522.0,5136770763.0
374,2024-02-06,430735.0,486047835.0
374,2024-03-30,422677.0,476955067.0
374,2024-05-12,409326.0,4618895983.0
375,2023-06-04,502145.0,5666279502.0
375,2023-06-05,502145.0,5666279502.0
375,2023-06-06,502145.0,5666279502.0
375,2023-06-07,502145.0,5666279502.0
375,2023-06-08,502145.0,5666279502.0
375,2023-06-15,502145.0,5666279502.0
375,2023-06-16,502145.0,5666279502.0
375,2023-06-17,502145.0,5666279502.0
375,2023-06-18,502145.0,5666279502.0
375,2023-06-19,0.0,0.0
375,2023-11-27,45522.0,5136770763.0
375,2024-02-06,430735.0,486047835.0
375,2024-03-30,422677.0,476955067.0
375,2024-05-12,409326.0,4618895983.0
376,2023-06-04,4996757.0,563841555.0
376,2023-06-05,4996757.0,563841555.0
376,2023-06-06,4996757.0,563841555.0
376,2023-06-07,4996757.0,563841555.0
376,2023-06-08,4996757.0,563841555.0
376,2023-06-15,4996757.0,563841555.0
376,2023-06-16,4996757.0,563841555.0
376,2023-06-17,4996757.0,563841555.0
376,2023-06-18,4996757.0,563841555.0
376,2023-06-19,0.0,0.0
376,2023-11-27,4808362.0,5425827806.0
376,2024-02-06,4832391.0,545294249.0
376,2024-03-30,473695.0,5345245434.0
376,2024-05-12,4667748.0,5267156859.0
377,2023-06-04,4996757.0,563841555.0
377,2023-06-05,4996757.0,563841555.0
377,2023-06-06,4996757.0,563841555.0
377,2023-06-07,4996757.0,563841555.0
377,2023-06-08,4996757.0,563841555.0
377,2023-06-15,4996757.0,563841555.0
377,2023-06-16,4996757.0,563841555.0
377,2023-06-17,4996757.0,563841555.0
377,2023-06-18,4996757.0,563841555.0
377,2023-06-19,0.0,0.0
377,2023-11-27,4808362.0,5425827806.0
377,2024-02-06,4832391.0,545294249.0
377,2024-03-30,473695.0,5345245434.0
377,2024-05-12,4667748.0,5267156859.0
378,2023-06-04,9358.0,105597076.0
378,2023-06-05,9358.0,105597076.0
378,2023-06-06,9358.0,105597076.0
378,2023-06-07,9358.0,105597076.0
378,2023-06-08,9358.0,105597076.0
378,2023-06-15,9358.0,105597076.0
378,2023-06-16,9358.0,105597076.0
378,2023-06-17,9358.0,105597076.0
378,2023-06-18,9358.0,105597076.0
378,2023-06-19,0.0,0.0
379,2023-06-04,241322.0,2723113646.0
379,2023-06-05,241322.0,2723113646.0
379,2023-06-06,241322.0,2723113646.0
379,2023-06-07,241322.0,2723113646.0
379,2023-06-08,241322.0,2723113646.0
379,2023-06-15,241322.0,2723113646.0
379,2023-06-16,241322.0,2723113646.0
379,2023-06-17,241322.0,2723113646.0
379,2023-06-18,241322.0,2723113646.0
379,2023-06-19,0.0,0.0
379,2024-02-06,0.0,0.0
380,2023-06-04,241322.0,2723113646.0
380,2023-06-05,241322.0,2723113646.0
380,2023-06-06,241322.0,2723113646.0
380,2023-06-07,241322.0,2723113646.0
380,2023-06-08,241322.0,2723113646.0
380,2023-06-15,241322.0,2723113646.0
380,2023-06-16,241322.0,2723113646.0
380,2023-06-17,241322.0,2723113646.0
380,2023-06-18,241322.0,2723113646.0
380,2023-06-19,0.0,0.0
380,2024-02-06,0.0,0.0
383,2023-06-04,300391.0,3389657103.0
383,2023-06-05,300391.0,3389657103.0
383,2023-06-06,300391.0,3389657103.0
383,2023-06-07,300391.0,3389657103.0
383,2023-06-08,300391.0,3389657103.0
383,2023-06-15,300391.0,3389657103.0
383,2023-06-16,300391.0,3389657103.0
383,2023-06-17,300391.0,3389657103.0
383,2023-06-18,300391.0,3389657103.0
383,2023-06-19,0.0,0.0
383,2023-11-27,277878.0,3135617034.0
383,2024-02-06,272636.0,3076465519.0
383,2024-03-30,27603.0,3114763925.0
383,2024-05-12,267958.0,3023678266.0
384,2023-06-04,700436.0,7903824889.0
384,2023-06-05,700436.0,7903824889.0
384,2023-06-06,700436.0,7903824889.0
384,2023-06-07,700436.0,7903824889.0
384,2023-06-08,700436.0,7903824889.0
384,2023-06-15,700436.0,7903824889.0
384,2023-06-16,700436.0,7903824889.0
384,2023-06-17,700436.0,7903824889.0
384,2023-06-18,700436.0,7903824889.0
384,2023-06-19,0.0,0.0
385,2023-06-04,405229.0,457266482.0
385,2023-06-05,405229.0,457266482.0
385,2023-06-06,405229.0,457266482.0
385,2023-06-07,405229.0,457266482.0
385,2023-06-08,405229.0,457266482.0
385,2023-06-15,405229.0,457266482.0
385,2023-06-16,405229.0,457266482.0
385,2023-06-17,405229.0,457266482.0
385,2023-06-18,405229.0,457266482.0
385,2023-06-19,0.0,0.0
386,2023-06-04,405229.0,457266482.0
386,2023-06-05,405229.0,457266482.0
386,2023-06-06,405229.0,457266482.0
386,2023-06-07,405229.0,457266482.0
386,2023-06-08,405229.0,457266482.0
386,2023-06-15,405229.0,457266482.0
386,2023-06-16,405229.0,457266482.0
386,2023-06-17,405229.0,457266482.0
386,2023-06-18,405229.0,457266482.0
386,2023-06-19,0.0,0.0
387,2023-06-04,825084.0,9310371619.0
387,2023-06-05,825084.0,9310371619.0
387,2023-06-06,825084.0,9310371619.0
387,2023-06-07,825084.0,9310371619.0
387,2023-06-08,825084.0,9310371619.0
387,2023-06-15,825084.0,9310371619.0
387,2023-06-16,825084.0,9310371619.0
387,2023-06-17,825084.0,9310371619.0
387,2023-06-18,825084.0,9310371619.0
387,2023-06-19,0.0,0.0
387,2023-11-27,140234.0,1582421491.0
387,2024-02-06,1450904.0,1637221837.0
388,2023-06-04,2013927.0,2272545436.0
388,2023-06-05,2013927.0,2272545436.0
388,2023-06-06,2013927.0,2272545436.0
388,2023-06-07,2013927.0,2272545436.0
388,2023-06-08,2013927.0,2272545436.0
388,2023-06-15,2013927.0,2272545436.0
388,2023-06-16,2013927.0,2272545436.0
388,2023-06-17,2013927.0,2272545436.0
388,2023-06-18,2013927.0,2272545436.0
388,2023-06-19,0.0,0.0
388,2023-11-27,2064267.0,2329349847.0
388,2024-02-06,2116204.0,2387956337.0
388,2024-03-30,2051701.0,2315170184.0
388,2024-05-12,2022899.0,2282669575.0
389,2023-06-04,2013927.0,2272545436.0
389,2023-06-05,2013927.0,2272545436.0
389,2023-06-06,2013927.0,2272545436.0
389,2023-06-07,2013927.0,2272545436.0
389,2023-06-08,2013927.0,2272545436.0
389,2023-06-15,2013927.0,2272545436.0
389,2023-06-16,2013927.0,2272545436.0
389,2023-06-17,2013927.0,2272545436.0
389,2023-06-18,2013927.0,2272545436.0
389,2023-06-19,0.0,0.0
389,2023-11-27,2064267.0,2329349847.0
389,2024-02-06,2116204.0,2387956337.0
389,2024-03-30,2051701.0,2315170184.0
389,2024-05-12,2022899.0,2282669575.0
390,2023-06-04,2028881.0,2289419754.0
390,2023-06-05,2028881.0,2289419754.0
390,2023-06-06,2028881.0,2289419754.0
390,2023-06-07,2028881.0,2289419754.0
390,2023-06-08,2028881.0,2289419754.0
390,2023-06-15,2028881.0,2289419754.0
390,2023-06-16,2028881.0,2289419754.0
390,2023-06-17,2028881.0,2289419754.0
390,2023-06-18,2028881.0,2289419754.0
390,2023-06-19,0.0,0.0
390,2023-11-27,2013549.0,2272118895.0
390,2024-02-06,208126.0,2348525003.0
390,2024-03-30,2042272.0,2304530359.0
390,2024-05-12,1972736.0,2226064893.0
391,2023-06-04,2028881.0,2289419754.0
391,2023-06-05,2028881.0,2289419754.0
391,2023-06-06,2028881.0,2289419754.0
391,2023-06-07,2028881.0,2289419754.0
391,2023-06-08,2028881.0,2289419754.0
391,2023-06-15,2028881.0,2289419754.0
391,2023-06-16,2028881.0,2289419754.0
391,2023-06-17,2028881.0,2289419754.0
391,2023-06-18,2028881.0,2289419754.0
391,2023-06-19,0.0,0.0
391,2023-11-27,2013549.0,2272118895.0
391,2024-02-06,208126.0,2348525003.0
391,2024-03-30,2042272.0,2304530359.0
391,2024-05-12,1972736.0,2226064893.0
392,2023-06-04,122038.0,1377095098.0
392,2023-06-05,122038.0,1377095098.0
392,2023-06-06,122038.0,1377095098.0
392,2023-06-07,122038.0,1377095098.0
392,2023-06-08,122038.0,1377095098.0
392,2023-06-15,122038.0,1377095098.0
392,2023-06-16,122038.0,1377095098.0
392,2023-06-17,122038.0,1377095098.0
392,2023-06-18,122038.0,1377095098.0
392,2023-06-19,0.0,0.0
392,2023-11-27,1272774.0,1436217273.0
392,2024-02-06,1316498.0,1485556091.0
392,2024-03-30,1267643.0,1430427376.0
392,2024-05-12,1245325.0,140524341.0
393,2023-06-04,1178378.0,1329699411.0
393,2023-06-05,1178378.0,1329699411.0
393,2023-06-06,1178378.0,1329699411.0
393,2023-06-07,1178378.0,1329699411.0
393,2023-06-08,1178378.0,1329699411.0
393,2023-06-15,1178378.0,1329699411.0
393,2023-06-16,1178378.0,1329699411.0
393,2023-06-17,1178378.0,1329699411.0
393,2023-06-18,1178378.0,1329699411.0
393,2023-06-19,0.0,0.0
393,2023-11-27,2870534.0,3239153624.0
393,2024-02-06,2856449.0,3223259898.0
393,2024-03-30,2848295.0,3214058802.0
393,2024-05-12,2848295.0,3214058802.0
394,2023-06-04,1008412.0,1137907227.0
394,2023-06-05,1008412.0,1137907227.0
394,2023-06-06,1008412.0,1137907227.0
394,2023-06-07,1008412.0,1137907227.0
394,2023-06-08,1008412.0,1137907227.0
394,2023-06-15,1008412.0,1137907227.0
394,2023-06-16,1008412.0,1137907227.0
394,2023-06-17,1008412.0,1137907227.0
394,2023-06-18,1008412.0,1137907227.0
394,2023-06-19,0.0,0.0
394,2023-11-27,990628.0,1117839495.0
394,2024-02-06,1016418.0,1146941318.0
394,2024-03-30,959799.0,1083051589.0
394,2024-05-12,943613.0,1064787063.0
395,2023-06-04,988281.0,1115191105.0
395,2023-06-05,988281.0,1115191105.0
395,2023-06-06,988281.0,1115191105.0
395,2023-06-07,988281.0,1115191105.0
395,2023-06-08,988281.0,1115191105.0
395,2023-06-15,988281.0,1115191105.0
395,2023-06-16,988281.0,1115191105.0
395,2023-06-17,988281.0,1115191105.0
395,2023-06-18,988281.0,1115191105.0
395,2023-06-19,0.0,0.0
395,2024-02-06,0.0,0.0
396,2023-06-04,988281.0,1115191105.0
396,2023-06-05,988281.0,1115191105.0
396,2023-06-06,988281.0,1115191105.0
396,2023-06-07,988281.0,1115191105.0
396,2023-06-08,988281.0,1115191105.0
396,2023-06-15,988281.0,1115191105.0
396,2023-06-16,988281.0,1115191105.0
396,2023-06-17,988281.0,1115191105.0
396,2023-06-18,988281.0,1115191105.0
396,2023-06-19,0.0,0.0
396,2024-02-06,0.0,0.0
397,2023-06-04,807929.0,9116792025.0
397,2023-06-05,807929.0,9116792025.0
397,2023-06-06,807929.0,9116792025.0
397,2023-06-07,807929.0,9116792025.0
397,2023-06-08,807929.0,9116792025.0
397,2023-06-15,807929.0,9116792025.0
397,2023-06-16,807929.0,9116792025.0
397,2023-06-17,807929.0,9116792025.0
397,2023-06-18,807929.0,9116792025.0
397,2023-06-19,0.0,0.0
397,2023-11-27,1757593.0,1983294305.0
397,2024-02-06,1770071.0,1997374668.0
397,2024-03-30,1766484.0,1993327043.0
397,2024-05-12,173522.0,1958048276.0
398,2023-06-04,295895.0,3338923564.0
398,2023-06-05,295895.0,3338923564.0
398,2023-06-06,295895.0,3338923564.0
398,2023-06-07,295895.0,3338923564.0
398,2023-06-08,295895.0,3338923564.0
398,2023-06-15,295895.0,3338923564.0
398,2023-06-16,295895.0,3338923564.0
398,2023-06-17,295895.0,3338923564.0
398,2023-06-18,295895.0,3338923564.0
398,2023-06-19,0.0,0.0
398,2023-11-27,282537.0,3188189889.0
398,2024-02-06,265571.0,2996743.0
398,2024-03-30,281266.0,3173847734.0
398,2024-05-12,269654.0,3042816184.0
399,2023-06-04,295895.0,3338923564.0
399,2023-06-05,295895.0,3338923564.0
399,2023-06-06,295895.0,3338923564.0
399,2023-06-07,295895.0,3338923564.0
399,2023-06-08,295895.0,3338923564.0
399,2023-06-15,295895.0,3338923564.0
399,2023-06-16,295895.0,3338923564.0
399,2023-06-17,295895.0,3338923564.0
399,2023-06-18,295895.0,3338923564.0
399,2023-06-19,0.0,0.0
399,2023-11-27,282537.0,3188189889.0
399,2024-02-06,265571.0,2996743.0
399,2024-03-30,281266.0,3173847734.0
399,2024-05-12,269654.0,3042816184.0
400,2023-06-04,986095.0,1112724389.0
400,2023-06-05,986095.0,1112724389.0
400,2023-06-06,986095.0,1112724389.0
400,2023-06-07,986095.0,1112724389.0
400,2023-06-08,986095.0,1112724389.0
400,2023-06-15,986095.0,1112724389.0
400,2023-06-16,986095.0,1112724389.0
400,2023-06-17,986095.0,1112724389.0
400,2023-06-18,986095.0,1112724389.0
400,2023-06-19,0.0,0.0
400,2023-11-27,9606.0,1083955449.0
400,2024-02-06,0.0,0.0
400,2024-03-30,962837.0,1086479713.0
400,2024-05-12,944773.0,1066096025.0
403,2023-06-04,5972073.0,6738976754.0
403,2023-06-05,5972073.0,6738976754.0
403,2023-06-06,5972073.0,6738976754.0
403,2023-06-07,5972073.0,6738976754.0
403,2023-06-08,5972073.0,6738976754.0
403,2023-06-15,5972073.0,6738976754.0
403,2023-06-16,5972073.0,6738976754.0
403,2023-06-17,5972073.0,6738976754.0
403,2023-06-18,5972073.0,6738976754.0
403,2023-06-19,0.0,0.0
403,2023-11-27,5860165.0,6612698089.0
403,2024-02-06,5959224.0,672447775.0
403,2024-03-30,5811448.0,6557725095.0
403,2024-05-12,5811448.0,6557725095.0
404,2023-06-04,5972073.0,6738976754.0
404,2023-06-05,5972073.0,6738976754.0
404,2023-06-06,5972073.0,6738976754.0
404,2023-06-07,5972073.0,6738976754.0
404,2023-06-08,5972073.0,6738976754.0
404,2023-06-15,5972073.0,6738976754.0
404,2023-06-16,5972073.0,6738976754.0
404,2023-06-17,5972073.0,6738976754.0
404,2023-06-18,5972073.0,6738976754.0
404,2023-06-19,0.0,0.0
404,2023-11-27,5860165.0,6612698089.0
404,2024-02-06,5959224.0,672447775.0
404,2024-03-30,5811448.0,6557725095.0
404,2024-05-12,5811448.0,6557725095.0
405,2023-06-04,93983.0,1060518269.0
405,2023-06-05,93983.0,1060518269.0
405,2023-06-06,93983.0,1060518269.0
405,2023-06-07,93983.0,1060518269.0
405,2023-06-08,93983.0,1060518269.0
405,2023-06-15,93983.0,1060518269.0
405,2023-06-16,93983.0,1060518269.0
405,2023-06-17,93983.0,1060518269.0
405,2023-06-18,93983.0,1060518269.0
405,2023-06-19,0.0,0.0
405,2023-11-27,56595.0,638626469.0
405,2024-02-06,49811.0,562074796.0
405,2024-03-30,45628.0,514873196.0
405,2024-05-12,4132.0,466261078.0
406,2023-06-04,3375333.0,3808776387.0
406,2023-06-05,3375333.0,3808776387.0
406,2023-06-06,3375333.0,3808776387.0
406,2023-06-07,3375333.0,3808776387.0
406,2023-06-08,3375333.0,3808776387.0
406,2023-06-15,3375333.0,3808776387.0
406,2023-06-16,3375333.0,3808776387.0
406,2023-06-17,3375333.0,3808776387.0
406,2023-06-18,3375333.0,3808776387.0
406,2023-06-19,0.0,0.0
406,2023-11-27,3235468.0,3650950623.0
406,2024-02-06,3189743.0,3599353847.0
407,2023-06-04,3375333.0,3808776387.0
407,2023-06-05,3375333.0,3808776387.0
407,2023-06-06,3375333.0,3808776387.0
407,2023-06-07,3375333.0,3808776387.0
407,2023-06-08,3375333.0,3808776387.0
407,2023-06-15,3375333.0,3808776387.0
407,2023-06-16,3375333.0,3808776387.0
407,2023-06-17,3375333.0,3808776387.0
407,2023-06-18,3375333.0,3808776387.0
407,2023-06-19,0.0,0.0
407,2023-11-27,3235468.0,3650950623.0
407,2024-02-06,3189743.0,3599353847.0
408,2023-06-04,53853.0,60768533.0
408,2023-06-05,53853.0,60768533.0
408,2023-06-06,53853.0,60768533.0
408,2023-06-07,53853.0,60768533.0
408,2023-06-08,53853.0,60768533.0
408,2023-06-15,53853.0,60768533.0
408,2023-06-16,53853.0,60768533.0
408,2023-06-17,53853.0,60768533.0
408,2023-06-18,53853.0,60768533.0
408,2023-06-19,0.0,0.0
409,2023-06-04,197998.0,2234239132.0
409,2023-06-05,197998.0,2234239132.0
409,2023-06-06,197998.0,2234239132.0
409,2023-06-07,197998.0,2234239132.0
409,2023-06-08,197998.0,2234239132.0
409,2023-06-15,197998.0,2234239132.0
409,2023-06-16,197998.0,2234239132.0
409,2023-06-17,197998.0,2234239132.0
409,2023-06-18,197998.0,2234239132.0
409,2023-06-19,0.0,0.0
409,2023-11-27,184886.0,2086281357.0
409,2024-02-06,185991.0,2098750343.0
409,2024-03-30,18276.0,2062291254.0
409,2024-05-12,176962.0,1996865752.0
410,2023-06-04,197998.0,2234239132.0
410,2023-06-05,197998.0,2234239132.0
410,2023-06-06,197998.0,2234239132.0
410,2023-06-07,197998.0,2234239132.0
410,2023-06-08,197998.0,2234239132.0
410,2023-06-15,197998.0,2234239132.0
410,2023-06-16,197998.0,2234239132.0
410,2023-06-17,197998.0,2234239132.0
410,2023-06-18,197998.0,2234239132.0
410,2023-06-19,0.0,0.0
410,2023-11-27,184886.0,2086281357.0
410,2024-02-06,185991.0,2098750343.0
410,2024-03-30,18276.0,2062291254.0
410,2024-05-12,176962.0,1996865752.0
411,2023-06-04,2803668.0,3163701026.0
411,2023-06-05,2803668.0,3163701026.0
411,2023-06-06,2803668.0,3163701026.0
411,2023-06-07,2803668.0,3163701026.0
411,2023-06-08,2803668.0,3163701026.0
411,2023-06-15,2803668.0,3163701026.0
411,2023-06-16,2803668.0,3163701026.0
411,2023-06-17,2803668.0,3163701026.0
411,2023-06-18,2803668.0,3163701026.0
411,2023-06-19,0.0,0.0
411,2023-11-27,2776467.0,313300701.0
411,2024-02-06,2766517.0,3121779281.0
411,2024-03-30,2798208.0,315753988.0
411,2024-05-12,2762505.0,311725208.0
412,2023-06-04,2803668.0,3163701026.0
412,2023-06-05,2803668.0,3163701026.0
412,2023-06-06,2803668.0,3163701026.0
412,2023-06-07,2803668.0,3163701026.0
412,2023-06-08,2803668.0,3163701026.0
412,2023-06-15,2803668.0,3163701026.0
412,2023-06-16,2803668.0,3163701026.0
412,2023-06-17,2803668.0,3163701026.0
412,2023-06-18,2803668.0,3163701026.0
412,2023-06-19,0.0,0.0
412,2023-11-27,2776467.0,313300701.0
412,2024-02-06,2766517.0,3121779281.0
412,2024-03-30,2798208.0,315753988.0
412,2024-05-12,2762505.0,311725208.0
413,2023-06-04,94147.0,106236887.0
413,2023-06-05,94147.0,106236887.0
413,2023-06-06,94147.0,106236887.0
413,2023-06-07,94147.0,106236887.0
413,2023-06-08,94147.0,106236887.0
413,2023-06-15,94147.0,106236887.0
413,2023-06-16,94147.0,106236887.0
413,2023-06-17,94147.0,106236887.0
413,2023-06-18,94147.0,106236887.0
413,2023-06-19,0.0,0.0
413,2023-11-27,60113.0,678324109.0
413,2024-02-06,45353.0,511770055.0
413,2024-03-30,48382.0,545949745.0
413,2024-05-12,43421.0,489969077.0
414,2023-06-04,1096436.0,1237234829.0
414,2023-06-05,1096436.0,1237234829.0
414,2023-06-06,1096436.0,1237234829.0
414,2023-06-07,1096436.0,1237234829.0
414,2023-06-08,1096436.0,1237234829.0
414,2023-06-15,1096436.0,1237234829.0
414,2023-06-16,1096436.0,1237234829.0
414,2023-06-17,1096436.0,1237234829.0
414,2023-06-18,1096436.0,1237234829.0
414,2023-06-19,0.0,0.0
414,2023-11-27,2126041.0,2399056555.0
414,2024-02-06,218836.0,2469378249.0
414,2024-03-30,9073.0,102381093.0
415,2023-06-04,300603.0,3392049342.0
415,2023-06-05,300603.0,3392049342.0
415,2023-06-06,300603.0,3392049342.0
415,2023-06-07,300603.0,3392049342.0
415,2023-06-08,300603.0,3392049342.0
415,2023-06-15,300603.0,3392049342.0
415,2023-06-16,300603.0,3392049342.0
415,2023-06-17,300603.0,3392049342.0
415,2023-06-18,300603.0,3392049342.0
415,2023-06-19,0.0,0.0
415,2024-02-06,0.0,0.0
416,2023-06-04,1003599.0,1132476166.0
416,2023-06-05,1003599.0,1132476166.0
416,2023-06-06,1003599.0,1132476166.0
416,2023-06-07,1003599.0,1132476166.0
416,2023-06-08,1003599.0,1132476166.0
416,2023-06-15,1003599.0,1132476166.0
416,2023-06-16,1003599.0,1132476166.0
416,2023-06-17,1003599.0,1132476166.0
416,2023-06-18,1003599.0,1132476166.0
416,2023-06-19,0.0,0.0
416,2023-11-27,1267302.0,1430042586.0
416,2024-02-06,1265712.0,1428248407.0
416,2024-03-30,1279104.0,144336014.0
416,2024-05-12,1279104.0,144336014.0
417,2023-06-04,1003599.0,1132476166.0
417,2023-06-05,1003599.0,1132476166.0
417,2023-06-06,1003599.0,1132476166.0
417,2023-06-07,1003599.0,1132476166.0
417,2023-06-08,1003599.0,1132476166.0
417,2023-06-15,1003599.0,1132476166.0
417,2023-06-16,1003599.0,1132476166.0
417,2023-06-17,1003599.0,1132476166.0
417,2023-06-18,1003599.0,1132476166.0
417,2023-06-19,0.0,0.0
417,2023-11-27,1267302.0,1430042586.0
417,2024-02-06,1265712.0,1428248407.0
417,2024-03-30,1279104.0,144336014.0
417,2024-05-12,1279104.0,144336014.0
418,2023-06-04,1221315.0,1378150166.0
418,2023-06-05,1221315.0,1378150166.0
418,2023-06-06,1221315.0,1378150166.0
418,2023-06-07,1221315.0,1378150166.0
418,2023-06-08,1221315.0,1378150166.0
418,2023-06-15,1221315.0,1378150166.0
418,2023-06-16,1221315.0,1378150166.0
418,2023-06-17,1221315.0,1378150166.0
418,2023-06-18,1221315.0,1378150166.0
418,2023-06-19,0.0,0.0
418,2023-11-27,1189109.0,1341808432.0
418,2024-02-06,1186097.0,1338409646.0
418,2024-03-30,5858.0,66102551.0
418,2024-05-12,5858.0,66102551.0
419,2023-06-04,1473369.0,166257168.0
419,2023-06-05,1473369.0,166257168.0
419,2023-06-06,1473369.0,166257168.0
419,2023-06-07,1473369.0,166257168.0
419,2023-06-08,1473369.0,166257168.0
419,2023-06-15,1473369.0,166257168.0
419,2023-06-16,1473369.0,166257168.0
419,2023-06-17,1473369.0,166257168.0
419,2023-06-18,1473369.0,166257168.0
419,2023-06-19,0.0,0.0
419,2023-11-27,1414391.0,159602002.0
419,2024-02-06,1418759.0,1600948937.0
419,2024-03-30,140716.0,1587860451.0
419,2024-05-12,140716.0,1587860451.0
420,2023-06-04,1473369.0,166257168.0
420,2023-06-05,1473369.0,166257168.0
420,2023-06-06,1473369.0,166257168.0
420,2023-06-07,1473369.0,166257168.0
420,2023-06-08,1473369.0,166257168.0
420,2023-06-15,1473369.0,166257168.0
420,2023-06-16,1473369.0,166257168.0
420,2023-06-17,1473369.0,166257168.0
420,2023-06-18,1473369.0,166257168.0
420,2023-06-19,0.0,0.0
420,2023-11-27,1414391.0,159602002.0
420,2024-02-06,1418759.0,1600948937.0
420,2024-03-30,140716.0,1587860451.0
420,2024-05-12,140716.0,1587860451.0
421,2023-06-04,2987306.0,33709209.0
421,2023-06-05,2987306.0,33709209.0
421,2023-06-06,2987306.0,33709209.0
421,2023-06-07,2987306.0,33709209.0
421,2023-06-08,2987306.0,33709209.0
421,2023-06-15,2987306.0,33709209.0
421,2023-06-16,2987306.0,33709209.0
421,2023-06-17,2987306.0,33709209.0
421,2023-06-18,2987306.0,33709209.0
421,2023-06-19,0.0,0.0
421,2023-11-27,2854703.0,3221289686.0
421,2024-02-06,2899942.0,3272338052.0
421,2024-03-30,3218388.0,3631677295.0
421,2024-05-12,3179996.0,3588355186.0
422,2023-06-04,2987306.0,33709209.0
422,2023-06-05,2987306.0,33709209.0
422,2023-06-06,2987306.0,33709209.0
422,2023-06-07,2987306.0,33709209.0
422,2023-06-08,2987306.0,33709209.0
422,2023-06-15,2987306.0,33709209.0
422,2023-06-16,2987306.0,33709209.0
422,2023-06-17,2987306.0,33709209.0
422,2023-06-18,2987306.0,33709209.0
422,2023-06-19,0.0,0.0
422,2023-11-27,2854703.0,3221289686.0
422,2024-02-06,2899942.0,3272338052.0
422,2024-03-30,3218388.0,3631677295.0
422,2024-05-12,3179996.0,3588355186.0
423,2023-06-04,140403.0,1584328512.0
423,2023-06-05,140403.0,1584328512.0
423,2023-06-06,140403.0,1584328512.0
423,2023-06-07,140403.0,1584328512.0
423,2023-06-08,140403.0,1584328512.0
423,2023-06-15,140403.0,1584328512.0
423,2023-06-16,140403.0,1584328512.0
423,2023-06-17,140403.0,1584328512.0
423,2023-06-18,140403.0,1584328512.0
423,2023-06-19,0.0,0.0
423,2023-11-27,95238.0,1074679878.0
423,2024-02-06,93885.0,1059412423.0
423,2024-03-30,77672.0,876462499.0
423,2024-05-12,77672.0,876462499.0
424,2023-06-04,140403.0,1584328512.0
424,2023-06-05,140403.0,1584328512.0
424,2023-06-06,140403.0,1584328512.0
424,2023-06-07,140403.0,1584328512.0
424,2023-06-08,140403.0,1584328512.0
424,2023-06-15,140403.0,1584328512.0
424,2023-06-16,140403.0,1584328512.0
424,2023-06-17,140403.0,1584328512.0
424,2023-06-18,140403.0,1584328512.0
424,2023-06-19,0.0,0.0
424,2023-11-27,95238.0,1074679878.0
424,2024-02-06,93885.0,1059412423.0
424,2024-03-30,77672.0,876462499.0
424,2024-05-12,77672.0,876462499.0
425,2023-06-04,809593.0,9135568851.0
425,2023-06-05,809593.0,9135568851.0
425,2023-06-06,809593.0,9135568851.0
425,2023-06-07,809593.0,9135568851.0
425,2023-06-08,809593.0,9135568851.0
425,2023-06-15,809593.0,9135568851.0
425,2023-06-16,809593.0,9135568851.0
425,2023-06-17,809593.0,9135568851.0
425,2023-06-18,809593.0,9135568851.0
425,2023-06-19,0.0,0.0
425,2023-11-27,78633.0,887306567.0
425,2024-02-06,744225.0,8397946534.0
425,2024-03-30,766404.0,8648217697.0
425,2024-05-12,751432.0,8479271403.0
426,2023-06-04,809593.0,9135568851.0
426,2023-06-05,809593.0,9135568851.0
426,2023-06-06,809593.0,9135568851.0
426,2023-06-07,809593.0,9135568851.0
426,2023-06-08,809593.0,9135568851.0
426,2023-06-15,809593.0,9135568851.0
426,2023-06-16,809593.0,9135568851.0
426,2023-06-17,809593.0,9135568851.0
426,2023-06-18,809593.0,9135568851.0
426,2023-06-19,0.0,0.0
426,2023-11-27,78633.0,887306567.0
426,2024-02-06,744225.0,8397946534.0
426,2024-03-30,766404.0,8648217697.0
426,2024-05-12,751432.0,8479271403.0
427,2023-06-04,1964096.0,2216315388.0
427,2023-06-05,1964096.0,2216315388.0
427,2023-06-06,1964096.0,2216315388.0
427,2023-06-07,1964096.0,2216315388.0
427,2023-06-08,1964096.0,2216315388.0
427,2023-06-15,1964096.0,2216315388.0
427,2023-06-16,1964096.0,2216315388.0
427,2023-06-17,1964096.0,2216315388.0
427,2023-06-18,1964096.0,2216315388.0
427,2023-06-19,0.0,0.0
427,2023-11-27,1743099.0,1966939058.0
427,2024-02-06,1687184.0,1903843733.0
427,2024-03-30,1808622.0,2040876194.0
427,2024-05-12,1808622.0,2040876194.0
428,2023-06-04,1964096.0,2216315388.0
428,2023-06-05,1964096.0,2216315388.0
428,2023-06-06,1964096.0,2216315388.0
428,2023-06-07,1964096.0,2216315388.0
428,2023-06-08,1964096.0,2216315388.0
428,2023-06-15,1964096.0,2216315388.0
428,2023-06-16,1964096.0,2216315388.0
428,2023-06-17,1964096.0,2216315388.0
428,2023-06-18,1964096.0,2216315388.0
428,2023-06-19,0.0,0.0
428,2023-11-27,1743099.0,1966939058.0
428,2024-02-06,1687184.0,1903843733.0
428,2024-03-30,1808622.0,2040876194.0
428,2024-05-12,1808622.0,2040876194.0
429,2023-06-04,1171075.0,1321458596.0
429,2023-06-05,1171075.0,1321458596.0
429,2023-06-06,1171075.0,1321458596.0
429,2023-06-07,1171075.0,1321458596.0
429,2023-06-08,1171075.0,1321458596.0
429,2023-06-15,1171075.0,1321458596.0
429,2023-06-16,1171075.0,1321458596.0
429,2023-06-17,1171075.0,1321458596.0
429,2023-06-18,1171075.0,1321458596.0
429,2023-06-19,0.0,0.0
429,2023-11-27,115805.0,1306760991.0
429,2024-02-06,1171003.0,132137735.0
429,2024-03-30,1187561.0,1340061646.0
429,2024-05-12,1144464.0,1291430345.0
430,2023-06-04,1171075.0,1321458596.0
430,2023-06-05,1171075.0,1321458596.0
430,2023-06-06,1171075.0,1321458596.0
430,2023-06-07,1171075.0,1321458596.0
430,2023-06-08,1171075.0,1321458596.0
430,2023-06-15,1171075.0,1321458596.0
430,2023-06-16,1171075.0,1321458596.0
430,2023-06-17,1171075.0,1321458596.0
430,2023-06-18,1171075.0,1321458596.0
430,2023-06-19,0.0,0.0
430,2023-11-27,115805.0,1306760991.0
430,2024-02-06,1171003.0,132137735.0
430,2024-03-30,1187561.0,1340061646.0
430,2024-05-12,1144464.0,1291430345.0
431,2023-06-04,193468.0,2183121932.0
431,2023-06-05,193468.0,2183121932.0
431,2023-06-06,193468.0,2183121932.0
431,2023-06-07,193468.0,2183121932.0
431,2023-06-08,193468.0,2183121932.0
431,2023-06-15,193468.0,2183121932.0
431,2023-06-16,193468.0,2183121932.0
431,2023-06-17,193468.0,2183121932.0
431,2023-06-18,193468.0,2183121932.0
431,2023-06-19,0.0,0.0
431,2023-11-27,189861.0,2142420003.0
431,2024-02-06,154804.0,1746831557.0
431,2024-03-30,156781.0,1769140321.0
431,2024-05-12,149498.0,1686957857.0
432,2023-06-04,193468.0,2183121932.0
432,2023-06-05,193468.0,2183121932.0
432,2023-06-06,193468.0,2183121932.0
432,2023-06-07,193468.0,2183121932.0
432,2023-06-08,193468.0,2183121932.0
432,2023-06-15,193468.0,2183121932.0
432,2023-06-16,193468.0,2183121932.0
432,2023-06-17,193468.0,2183121932.0
432,2023-06-18,193468.0,2183121932.0
432,2023-06-19,0.0,0.0
432,2023-11-27,189861.0,2142420003.0
432,2024-02-06,154804.0,1746831557.0
432,2024-03-30,156781.0,1769140321.0
432,2024-05-12,149498.0,1686957857.0
433,2023-06-04,509735.0,57519262.0
433,2023-06-05,509735.0,57519262.0
433,2023-06-06,509735.0,57519262.0
433,2023-06-07,509735.0,57519262.0
433,2023-06-08,509735.0,57519262.0
433,2023-06-15,509735.0,57519262.0
433,2023-06-16,509735.0,57519262.0
433,2023-06-17,509735.0,57519262.0
433,2023-06-18,509735.0,57519262.0
433,2023-06-19,0.0,0.0
433,2023-11-27,51682.0,5831874403.0
433,2024-02-06,511548.0,5772384364.0
433,2024-03-30,1365858.0,1541254655.0
433,2024-05-12,1365858.0,1541254655.0
434,2023-06-04,97854.0,1104199214.0
434,2023-06-05,97854.0,1104199214.0
434,2023-06-06,97854.0,1104199214.0
434,2023-06-07,97854.0,1104199214.0
434,2023-06-08,97854.0,1104199214.0
434,2023-06-15,97854.0,1104199214.0
434,2023-06-16,97854.0,1104199214.0
434,2023-06-17,97854.0,1104199214.0
434,2023-06-18,97854.0,1104199214.0
434,2023-06-19,0.0,0.0
434,2023-11-27,82217.0,927748961.0
434,2024-02-06,85872.0,968992529.0
434,2024-03-30,73551.0,829960517.0
434,2024-05-12,73551.0,829960517.0
435,2023-06-04,97854.0,1104199214.0
435,2023-06-05,97854.0,1104199214.0
435,2023-06-06,97854.0,1104199214.0
435,2023-06-07,97854.0,1104199214.0
435,2023-06-08,97854.0,1104199214.0
435,2023-06-15,97854.0,1104199214.0
435,2023-06-16,97854.0,1104199214.0
435,2023-06-17,97854.0,1104199214.0
435,2023-06-18,97854.0,1104199214.0
435,2023-06-19,0.0,0.0
435,2023-11-27,82217.0,927748961.0
435,2024-02-06,85872.0,968992529.0
435,2024-03-30,73551.0,829960517.0
435,2024-05-12,73551.0,829960517.0
436,2023-06-04,3785152.0,4271222294.0
436,2023-06-05,3785152.0,4271222294.0
436,2023-06-06,3785152.0,4271222294.0
436,2023-06-07,3785152.0,4271222294.0
436,2023-06-08,3785152.0,4271222294.0
436,2023-06-15,3785152.0,4271222294.0
436,2023-06-16,3785152.0,4271222294.0
436,2023-06-17,3785152.0,4271222294.0
436,2023-06-18,3785152.0,4271222294.0
436,2023-06-19,0.0,0.0
436,2023-11-27,3738771.0,4218885278.0
436,2024-02-06,3750396.0,4232003102.0
436,2024-03-30,3775709.0,4260566671.0
436,2024-05-12,37312.0,4210342048.0
437,2023-06-04,3785152.0,4271222294.0
437,2023-06-05,3785152.0,4271222294.0
437,2023-06-06,3785152.0,4271222294.0
437,2023-06-07,3785152.0,4271222294.0
437,2023-06-08,3785152.0,4271222294.0
437,2023-06-15,3785152.0,4271222294.0
437,2023-06-16,3785152.0,4271222294.0
437,2023-06-17,3785152.0,4271222294.0
437,2023-06-18,3785152.0,4271222294.0
437,2023-06-19,0.0,0.0
437,2023-11-27,3738771.0,4218885278.0
437,2024-02-06,3750396.0,4232003102.0
437,2024-03-30,3775709.0,4260566671.0
437,2024-05-12,37312.0,4210342048.0
438,2023-06-04,4623902.0,5217680375.0
438,2023-06-05,4623902.0,5217680375.0
438,2023-06-06,4623902.0,5217680375.0
438,2023-06-07,4623902.0,5217680375.0
438,2023-06-08,4623902.0,5217680375.0
438,2023-06-15,4623902.0,5217680375.0
438,2023-06-16,4623902.0,5217680375.0
438,2023-06-17,4623902.0,5217680375.0
438,2023-06-18,4623902.0,5217680375.0
438,2023-06-19,0.0,0.0
438,2023-11-27,4740832.0,5349625941.0
438,2024-02-06,485477.0,547819529.0
438,2024-03-30,492354.0,5555796389.0
438,2024-05-12,492354.0,5555796389.0
439,2023-06-04,297665.0,335889651.0
439,2023-06-05,297665.0,335889651.0
439,2023-06-06,297665.0,335889651.0
439,2023-06-07,297665.0,335889651.0
439,2023-06-08,297665.0,335889651.0
439,2023-06-15,297665.0,335889651.0
439,2023-06-16,297665.0,335889651.0
439,2023-06-17,297665.0,335889651.0
439,2023-06-18,297665.0,335889651.0
439,2023-06-19,0.0,0.0
439,2024-02-06,0.0,0.0
440,2023-06-04,297665.0,335889651.0
440,2023-06-05,297665.0,335889651.0
440,2023-06-06,297665.0,335889651.0
440,2023-06-07,297665.0,335889651.0
440,2023-06-08,297665.0,335889651.0
440,2023-06-15,297665.0,335889651.0
440,2023-06-16,297665.0,335889651.0
440,2023-06-17,297665.0,335889651.0
440,2023-06-18,297665.0,335889651.0
440,2023-06-19,0.0,0.0
440,2024-02-06,0.0,0.0
441,2023-06-04,1147798.0,129519248.0
441,2023-06-05,1147798.0,129519248.0
441,2023-06-06,1147798.0,129519248.0
441,2023-06-07,1147798.0,129519248.0
441,2023-06-08,1147798.0,129519248.0
441,2023-06-15,1147798.0,129519248.0
441,2023-06-16,1147798.0,129519248.0
441,2023-06-17,1147798.0,129519248.0
441,2023-06-18,1147798.0,129519248.0
441,2023-06-19,0.0,0.0
441,2023-11-27,113712.0,1283143265.0
441,2024-02-06,1153145.0,1301226115.0
441,2024-03-30,1133529.0,1279091127.0
441,2024-05-12,1114647.0,1257784395.0
442,2023-06-04,1147798.0,129519248.0
442,2023-06-05,1147798.0,129519248.0
442,2023-06-06,1147798.0,129519248.0
442,2023-06-07,1147798.0,129519248.0
442,2023-06-08,1147798.0,129519248.0
442,2023-06-15,1147798.0,129519248.0
442,2023-06-16,1147798.0,129519248.0
442,2023-06-17,1147798.0,129519248.0
442,2023-06-18,1147798.0,129519248.0
442,2023-06-19,0.0,0.0
442,2023-11-27,113712.0,1283143265.0
442,2024-02-06,1153145.0,1301226115.0
442,2024-03-30,1133529.0,1279091127.0
442,2024-05-12,1114647.0,1257784395.0
443,2023-06-04,144446.0,1629950331.0
443,2023-06-05,144446.0,1629950331.0
443,2023-06-06,144446.0,1629950331.0
443,2023-06-07,144446.0,1629950331.0
443,2023-06-08,144446.0,1629950331.0
443,2023-06-15,144446.0,1629950331.0
443,2023-06-16,144446.0,1629950331.0
443,2023-06-17,144446.0,1629950331.0
443,2023-06-18,144446.0,1629950331.0
443,2023-06-19,0.0,0.0
443,2023-11-27,121325.0,1369049499.0
443,2024-02-06,0.0,0.0
444,2023-06-04,144446.0,1629950331.0
444,2023-06-05,144446.0,1629950331.0
444,2023-06-06,144446.0,1629950331.0
444,2023-06-07,144446.0,1629950331.0
444,2023-06-08,144446.0,1629950331.0
444,2023-06-15,144446.0,1629950331.0
444,2023-06-16,144446.0,1629950331.0
444,2023-06-17,144446.0,1629950331.0
444,2023-06-18,144446.0,1629950331.0
444,2023-06-19,0.0,0.0
444,2023-11-27,121325.0,1369049499.0
444,2024-02-06,0.0,0.0
445,2023-06-04,511724.0,5774370375.0
445,2023-06-05,511724.0,5774370375.0
445,2023-06-06,511724.0,5774370375.0
445,2023-06-07,511724.0,5774370375.0
445,2023-06-08,511724.0,5774370375.0
445,2023-06-15,511724.0,5774370375.0
445,2023-06-16,511724.0,5774370375.0
445,2023-06-17,511724.0,5774370375.0
445,2023-06-18,511724.0,5774370375.0
445,2023-06-19,0.0,0.0
445,2023-11-27,535781.0,6045833171.0
445,2024-02-06,535781.0,6045833171.0
445,2024-03-30,535781.0,6045833171.0
445,2024-05-12,535781.0,6045833171.0
446,2023-06-04,511724.0,5774370375.0
446,2023-06-05,511724.0,5774370375.0
446,2023-06-06,511724.0,5774370375.0
446,2023-06-07,511724.0,5774370375.0
446,2023-06-08,511724.0,5774370375.0
446,2023-06-15,511724.0,5774370375.0
446,2023-06-16,511724.0,5774370375.0
446,2023-06-17,511724.0,5774370375.0
446,2023-06-18,511724.0,5774370375.0
446,2023-06-19,0.0,0.0
446,2023-11-27,535781.0,6045833171.0
446,2024-02-06,535781.0,6045833171.0
446,2024-03-30,535781.0,6045833171.0
446,2024-05-12,535781.0,6045833171.0
447,2023-06-04,1994885.0,2251058157.0
447,2023-06-05,1994885.0,2251058157.0
447,2023-06-06,1994885.0,2251058157.0
447,2023-06-07,1994885.0,2251058157.0
447,2023-06-08,1994885.0,2251058157.0
447,2023-06-15,1994885.0,2251058157.0
447,2023-06-16,1994885.0,2251058157.0
447,2023-06-17,1994885.0,2251058157.0
447,2023-06-18,1994885.0,2251058157.0
447,2023-06-19,0.0,0.0
447,2023-11-27,1938249.0,2187149245.0
447,2024-02-06,189011.0,2132828476.0
447,2024-03-30,1933869.0,2182206788.0
447,2024-05-12,1878638.0,2119883299.0
448,2023-06-04,1994885.0,2251058157.0
448,2023-06-05,1994885.0,2251058157.0
448,2023-06-06,1994885.0,2251058157.0
448,2023-06-07,1994885.0,2251058157.0
448,2023-06-08,1994885.0,2251058157.0
448,2023-06-15,1994885.0,2251058157.0
448,2023-06-16,1994885.0,2251058157.0
448,2023-06-17,1994885.0,2251058157.0
448,2023-06-18,1994885.0,2251058157.0
448,2023-06-19,0.0,0.0
448,2023-11-27,1938249.0,2187149245.0
448,2024-02-06,189011.0,2132828476.0
448,2024-03-30,1933869.0,2182206788.0
448,2024-05-12,1878638.0,2119883299.0
450,2023-06-04,1029319.0,1161498999.0
450,2023-06-05,1029319.0,1161498999.0
450,2023-06-06,1029319.0,1161498999.0
450,2023-06-07,1029319.0,1161498999.0
450,2023-06-08,1029319.0,1161498999.0
450,2023-06-15,1029319.0,1161498999.0
450,2023-06-16,1029319.0,1161498999.0
450,2023-06-17,1029319.0,1161498999.0
450,2023-06-18,1029319.0,1161498999.0
450,2023-06-19,0.0,0.0
450,2023-11-27,1060403.0,1196574651.0
450,2024-02-06,1060403.0,1196574651.0
450,2024-03-30,1060403.0,1196574651.0
450,2024-05-12,1060403.0,1196574651.0
451,2023-06-04,1392092.0,1570857494.0
451,2023-06-05,1392092.0,1570857494.0
451,2023-06-06,1392092.0,1570857494.0
451,2023-06-07,1392092.0,1570857494.0
451,2023-06-08,1392092.0,1570857494.0
451,2023-06-15,1392092.0,1570857494.0
451,2023-06-16,1392092.0,1570857494.0
451,2023-06-17,1392092.0,1570857494.0
451,2023-06-18,1392092.0,1570857494.0
451,2023-06-19,0.0,0.0
451,2023-11-27,130765.0,1475571875.0
451,2024-02-06,1307738.0,1475671175.0
451,2024-03-30,1275146.0,1438893874.0
451,2024-05-12,1254397.0,1415480391.0
452,2023-06-04,1151784.0,1299690342.0
452,2023-06-05,1151784.0,1299690342.0
452,2023-06-06,1151784.0,1299690342.0
452,2023-06-07,1151784.0,1299690342.0
452,2023-06-08,1151784.0,1299690342.0
452,2023-06-15,1151784.0,1299690342.0
452,2023-06-16,1151784.0,1299690342.0
452,2023-06-17,1151784.0,1299690342.0
452,2023-06-18,1151784.0,1299690342.0
452,2023-06-19,0.0,0.0
452,2023-11-27,904073.0,1020169534.0
452,2024-02-06,185.0,20875678.0
452,2024-03-30,273137.0,3082118879.0
452,2024-05-12,273137.0,3082118879.0
453,2023-06-04,1979325.0,223350002.0
453,2023-06-05,1979325.0,223350002.0
453,2023-06-06,1979325.0,223350002.0
453,2023-06-07,1979325.0,223350002.0
453,2023-06-08,1979325.0,223350002.0
453,2023-06-15,1979325.0,223350002.0
453,2023-06-16,1979325.0,223350002.0
453,2023-06-17,1979325.0,223350002.0
453,2023-06-18,1979325.0,223350002.0
453,2023-06-19,0.0,0.0
453,2024-02-06,0.0,0.0
454,2023-06-04,1979325.0,223350002.0
454,2023-06-05,1979325.0,223350002.0
454,2023-06-06,1979325.0,223350002.0
454,2023-06-07,1979325.0,223350002.0
454,2023-06-08,1979325.0,223350002.0
454,2023-06-15,1979325.0,223350002.0
454,2023-06-16,1979325.0,223350002.0
454,2023-06-17,1979325.0,223350002.0
454,2023-06-18,1979325.0,223350002.0
454,2023-06-19,0.0,0.0
454,2024-02-06,0.0,0.0
455,2023-06-04,600657.0,6777903687.0
455,2023-06-05,600657.0,6777903687.0
455,2023-06-06,600657.0,6777903687.0
455,2023-06-07,600657.0,6777903687.0
455,2023-06-08,600657.0,6777903687.0
455,2023-06-15,600657.0,6777903687.0
455,2023-06-16,600657.0,6777903687.0
455,2023-06-17,600657.0,6777903687.0
455,2023-06-18,600657.0,6777903687.0
455,2023-06-19,0.0,0.0
455,2023-11-27,470883.0,5313514404.0
455,2024-02-06,464067.0,5236601638.0
455,2024-03-30,435037.0,4909022764.0
455,2024-05-12,419704.0,4736002892.0
456,2023-06-04,600657.0,6777903687.0
456,2023-06-05,600657.0,6777903687.0
456,2023-06-06,600657.0,6777903687.0
456,2023-06-07,600657.0,6777903687.0
456,2023-06-08,600657.0,6777903687.0
456,2023-06-15,600657.0,6777903687.0
456,2023-06-16,600657.0,6777903687.0
456,2023-06-17,600657.0,6777903687.0
456,2023-06-18,600657.0,6777903687.0
456,2023-06-19,0.0,0.0
456,2023-11-27,470883.0,5313514404.0
456,2024-02-06,464067.0,5236601638.0
456,2024-03-30,435037.0,4909022764.0
456,2024-05-12,419704.0,4736002892.0
457,2023-06-04,6013499.0,6785722474.0
457,2023-06-05,6013499.0,6785722474.0
457,2023-06-06,6013499.0,6785722474.0
457,2023-06-07,6013499.0,6785722474.0
457,2023-06-08,6013499.0,6785722474.0
457,2023-06-15,6013499.0,6785722474.0
457,2023-06-16,6013499.0,6785722474.0
457,2023-06-17,6013499.0,6785722474.0
457,2023-06-18,6013499.0,6785722474.0
457,2023-06-19,0.0,0.0
457,2023-11-27,5924892.0,6685737006.0
457,2024-02-06,24067.0,271575638.0
457,2024-03-30,5966806.0,6733033393.0
457,2024-05-12,5888965.0,6645196441.0
460,2023-06-04,380196.0,4290188693.0
460,2023-06-05,380196.0,4290188693.0
460,2023-06-06,380196.0,4290188693.0
460,2023-06-07,380196.0,4290188693.0
460,2023-06-08,380196.0,4290188693.0
460,2023-06-15,380196.0,4290188693.0
460,2023-06-16,380196.0,4290188693.0
460,2023-06-17,380196.0,4290188693.0
460,2023-06-18,380196.0,4290188693.0
460,2023-06-19,0.0,0.0
460,2023-11-27,30268.0,341548652.0
460,2024-02-06,0.0,0.0
460,2024-03-30,3693568.0,4167877535.0
460,2024-05-12,0.0,0.0
461,2023-06-04,380196.0,4290188693.0
461,2023-06-05,380196.0,4290188693.0
461,2023-06-06,380196.0,4290188693.0
461,2023-06-07,380196.0,4290188693.0
461,2023-06-08,380196.0,4290188693.0
461,2023-06-15,380196.0,4290188693.0
461,2023-06-16,380196.0,4290188693.0
461,2023-06-17,380196.0,4290188693.0
461,2023-06-18,380196.0,4290188693.0
461,2023-06-19,0.0,0.0
461,2023-11-27,30268.0,341548652.0
461,2024-02-06,0.0,0.0
461,2024-03-30,3693568.0,4167877535.0
461,2024-05-12,0.0,0.0
462,2023-06-04,3404122.0,3841262327.0
462,2023-06-05,3404122.0,3841262327.0
462,2023-06-06,3404122.0,3841262327.0
462,2023-06-07,3404122.0,3841262327.0
462,2023-06-08,3404122.0,3841262327.0
462,2023-06-15,3404122.0,3841262327.0
462,2023-06-16,3404122.0,3841262327.0
462,2023-06-17,3404122.0,3841262327.0
462,2023-06-18,3404122.0,3841262327.0
462,2023-06-19,0.0,0.0
462,2023-11-27,494171.0,557629969.0
462,2024-02-06,4987441.0,5627903236.0
462,2024-03-30,4913992.0,5545022283.0
462,2024-05-12,4913992.0,5545022283.0
463,2023-06-04,3404122.0,3841262327.0
463,2023-06-05,3404122.0,3841262327.0
463,2023-06-06,3404122.0,3841262327.0
463,2023-06-07,3404122.0,3841262327.0
463,2023-06-08,3404122.0,3841262327.0
463,2023-06-15,3404122.0,3841262327.0
463,2023-06-16,3404122.0,3841262327.0
463,2023-06-17,3404122.0,3841262327.0
463,2023-06-18,3404122.0,3841262327.0
463,2023-06-19,0.0,0.0
463,2023-11-27,494171.0,557629969.0
463,2024-02-06,4987441.0,5627903236.0
463,2024-03-30,4913992.0,5545022283.0
463,2024-05-12,4913992.0,5545022283.0
464,2023-06-04,1848789.0,2086201239.0
464,2023-06-05,1848789.0,2086201239.0
464,2023-06-06,1848789.0,2086201239.0
464,2023-06-07,1848789.0,2086201239.0
464,2023-06-08,1848789.0,2086201239.0
464,2023-06-15,1848789.0,2086201239.0
464,2023-06-16,1848789.0,2086201239.0
464,2023-06-17,1848789.0,2086201239.0
464,2023-06-18,1848789.0,2086201239.0
464,2023-06-19,0.0,0.0
464,2023-11-27,1575072.0,1777334871.0
464,2024-02-06,0.0,0.0
464,2024-03-30,1517839.0,1712752295.0
464,2024-05-12,1517839.0,1712752295.0
465,2023-06-04,1848789.0,2086201239.0
465,2023-06-05,1848789.0,2086201239.0
465,2023-06-06,1848789.0,2086201239.0
465,2023-06-07,1848789.0,2086201239.0
465,2023-06-08,1848789.0,2086201239.0
465,2023-06-15,1848789.0,2086201239.0
465,2023-06-16,1848789.0,2086201239.0
465,2023-06-17,1848789.0,2086201239.0
465,2023-06-18,1848789.0,2086201239.0
465,2023-06-19,0.0,0.0
465,2023-11-27,1575072.0,1777334871.0
465,2024-02-06,0.0,0.0
465,2024-03-30,1517839.0,1712752295.0
465,2024-05-12,1517839.0,1712752295.0
466,2023-06-04,198937.0,2244834949.0
466,2023-06-05,198937.0,2244834949.0
466,2023-06-06,198937.0,2244834949.0
466,2023-06-07,198937.0,2244834949.0
466,2023-06-08,198937.0,2244834949.0
466,2023-06-15,198937.0,2244834949.0
466,2023-06-16,198937.0,2244834949.0
466,2023-06-17,198937.0,2244834949.0
466,2023-06-18,198937.0,2244834949.0
466,2023-06-19,0.0,0.0
466,2023-11-27,189958.0,2143514566.0
466,2024-02-06,192313.0,2170088739.0
466,2024-03-30,1698792.0,1916942375.0
466,2024-05-12,1661173.0,1874492531.0
471,2023-06-04,691498.0,7802967157.0
471,2023-06-05,691498.0,7802967157.0
471,2023-06-06,691498.0,7802967157.0
471,2023-06-07,691498.0,7802967157.0
471,2023-06-08,691498.0,7802967157.0
471,2023-06-15,691498.0,7802967157.0
471,2023-06-16,691498.0,7802967157.0
471,2023-06-17,691498.0,7802967157.0
471,2023-06-18,691498.0,7802967157.0
471,2023-06-19,0.0,0.0
471,2023-11-27,630281.0,7112185346.0
471,2024-02-06,643169.0,7257615471.0
471,2024-03-30,632268.0,7134606952.0
472,2023-06-04,691498.0,7802967157.0
472,2023-06-05,691498.0,7802967157.0
472,2023-06-06,691498.0,7802967157.0
472,2023-06-07,691498.0,7802967157.0
472,2023-06-08,691498.0,7802967157.0
472,2023-06-15,691498.0,7802967157.0
472,2023-06-16,691498.0,7802967157.0
472,2023-06-17,691498.0,7802967157.0
472,2023-06-18,691498.0,7802967157.0
472,2023-06-19,0.0,0.0
472,2023-11-27,630281.0,7112185346.0
472,2024-02-06,643169.0,7257615471.0
472,2024-03-30,632268.0,7134606952.0
473,2023-06-04,1000889.0,1129418161.0
473,2023-06-05,1000889.0,1129418161.0
473,2023-06-06,1000889.0,1129418161.0
473,2023-06-07,1000889.0,1129418161.0
473,2023-06-08,1000889.0,1129418161.0
473,2023-06-15,1000889.0,1129418161.0
473,2023-06-16,1000889.0,1129418161.0
473,2023-06-17,1000889.0,1129418161.0
473,2023-06-18,1000889.0,1129418161.0
473,2023-06-19,0.0,0.0
473,2023-11-27,963401.0,1087116139.0
473,2024-02-06,981883.0,1107971505.0
473,2024-03-30,973237.0,1098215229.0
473,2024-05-12,95791.0,1080920013.0
474,2023-06-04,1000889.0,1129418161.0
474,2023-06-05,1000889.0,1129418161.0
474,2023-06-06,1000889.0,1129418161.0
474,2023-06-07,1000889.0,1129418161.0
474,2023-06-08,1000889.0,1129418161.0
474,2023-06-15,1000889.0,1129418161.0
474,2023-06-16,1000889.0,1129418161.0
474,2023-06-17,1000889.0,1129418161.0
474,2023-06-18,1000889.0,1129418161.0
474,2023-06-19,0.0,0.0
474,2023-11-27,963401.0,1087116139.0
474,2024-02-06,981883.0,1107971505.0
474,2024-03-30,973237.0,1098215229.0
474,2024-05-12,95791.0,1080920013.0
475,2023-06-04,672549.0,7589143798.0
475,2023-06-05,672549.0,7589143798.0
475,2023-06-06,672549.0,7589143798.0
475,2023-06-07,672549.0,7589143798.0
475,2023-06-08,672549.0,7589143798.0
475,2023-06-15,672549.0,7589143798.0
475,2023-06-16,672549.0,7589143798.0
475,2023-06-17,672549.0,7589143798.0
475,2023-06-18,672549.0,7589143798.0
475,2023-06-19,0.0,0.0
475,2023-11-27,596802.0,6734403288.0
475,2024-02-06,593265.0,669449125.0
475,2024-03-30,885452.0,9991573186.0
475,2024-05-12,880602.0,9936845058.0
476,2023-06-04,672549.0,7589143798.0
476,2023-06-05,672549.0,7589143798.0
476,2023-06-06,672549.0,7589143798.0
476,2023-06-07,672549.0,7589143798.0
476,2023-06-08,672549.0,7589143798.0
476,2023-06-15,672549.0,7589143798.0
476,2023-06-16,672549.0,7589143798.0
476,2023-06-17,672549.0,7589143798.0
476,2023-06-18,672549.0,7589143798.0
476,2023-06-19,0.0,0.0
476,2023-11-27,596802.0,6734403288.0
476,2024-02-06,593265.0,669449125.0
476,2024-03-30,885452.0,9991573186.0
476,2024-05-12,880602.0,9936845058.0
477,2023-06-04,148279.0,1673202478.0
477,2023-06-05,148279.0,1673202478.0
477,2023-06-06,148279.0,1673202478.0
477,2023-06-07,148279.0,1673202478.0
477,2023-06-08,148279.0,1673202478.0
477,2023-06-15,148279.0,1673202478.0
477,2023-06-16,148279.0,1673202478.0
477,2023-06-17,148279.0,1673202478.0
477,2023-06-18,148279.0,1673202478.0
477,2023-06-19,0.0,0.0
477,2023-11-27,1421977.0,1604580177.0
477,2024-02-06,1382488.0,1560020197.0
477,2024-03-30,1372468.0,1548713478.0
477,2024-05-12,1339452.0,1511457729.0
478,2023-06-04,148279.0,1673202478.0
478,2023-06-05,148279.0,1673202478.0
478,2023-06-06,148279.0,1673202478.0
478,2023-06-07,148279.0,1673202478.0
478,2023-06-08,148279.0,1673202478.0
478,2023-06-15,148279.0,1673202478.0
478,2023-06-16,148279.0,1673202478.0
478,2023-06-17,148279.0,1673202478.0
478,2023-06-18,148279.0,1673202478.0
478,2023-06-19,0.0,0.0
478,2023-11-27,1421977.0,1604580177.0
478,2024-02-06,1382488.0,1560020197.0
478,2024-03-30,1372468.0,1548713478.0
478,2024-05-12,1339452.0,1511457729.0
479,2023-06-04,3327997.0,3755361735.0
479,2023-06-05,3327997.0,3755361735.0
479,2023-06-06,3327997.0,3755361735.0
479,2023-06-07,3327997.0,3755361735.0
479,2023-06-08,3327997.0,3755361735.0
479,2023-06-15,3327997.0,3755361735.0
479,2023-06-16,3327997.0,3755361735.0
479,2023-06-17,3327997.0,3755361735.0
479,2023-06-18,3327997.0,3755361735.0
479,2023-06-19,0.0,0.0
479,2023-11-27,3400995.0,3837733773.0
479,2024-02-06,3387852.0,3822903015.0
479,2024-03-30,3334031.0,3762170591.0
479,2024-05-12,3275167.0,369574757.0
480,2023-06-04,3327997.0,3755361735.0
480,2023-06-05,3327997.0,3755361735.0
480,2023-06-06,3327997.0,3755361735.0
480,2023-06-07,3327997.0,3755361735.0
480,2023-06-08,3327997.0,3755361735.0
480,2023-06-15,3327997.0,3755361735.0
480,2023-06-16,3327997.0,3755361735.0
480,2023-06-17,3327997.0,3755361735.0
480,2023-06-18,3327997.0,3755361735.0
480,2023-06-19,0.0,0.0
480,2023-11-27,3400995.0,3837733773.0
480,2024-02-06,3387852.0,3822903015.0
480,2024-03-30,3334031.0,3762170591.0
480,2024-05-12,3275167.0,369574757.0
481,2023-06-04,148032.0,1670415293.0
481,2023-06-05,148032.0,1670415293.0
481,2023-06-06,148032.0,1670415293.0
481,2023-06-07,148032.0,1670415293.0
481,2023-06-08,148032.0,1670415293.0
481,2023-06-15,148032.0,1670415293.0
481,2023-06-16,148032.0,1670415293.0
481,2023-06-17,148032.0,1670415293.0
481,2023-06-18,148032.0,1670415293.0
481,2023-06-19,0.0,0.0
481,2023-11-27,95732.0,1080254248.0
481,2024-02-06,0.0,0.0
481,2024-03-30,83224.0,9391121.0
481,2024-05-12,67727.0,764241627.0
482,2023-06-04,148032.0,1670415293.0
482,2023-06-05,148032.0,1670415293.0
482,2023-06-06,148032.0,1670415293.0
482,2023-06-07,148032.0,1670415293.0
482,2023-06-08,148032.0,1670415293.0
482,2023-06-15,148032.0,1670415293.0
482,2023-06-16,148032.0,1670415293.0
482,2023-06-17,148032.0,1670415293.0
482,2023-06-18,148032.0,1670415293.0
482,2023-06-19,0.0,0.0
482,2023-11-27,95732.0,1080254248.0
482,2024-02-06,0.0,0.0
482,2024-03-30,83224.0,9391121.0
482,2024-05-12,67727.0,764241627.0
483,2023-06-04,401021.0,4525181117.0
483,2023-06-05,401021.0,4525181117.0
483,2023-06-06,401021.0,4525181117.0
483,2023-06-07,401021.0,4525181117.0
483,2023-06-08,401021.0,4525181117.0
483,2023-06-15,401021.0,4525181117.0
483,2023-06-16,401021.0,4525181117.0
483,2023-06-17,401021.0,4525181117.0
483,2023-06-18,401021.0,4525181117.0
483,2023-06-19,0.0,0.0
484,2023-06-04,401021.0,4525181117.0
484,2023-06-05,401021.0,4525181117.0
484,2023-06-06,401021.0,4525181117.0
484,2023-06-07,401021.0,4525181117.0
484,2023-06-08,401021.0,4525181117.0
484,2023-06-15,401021.0,4525181117.0
484,2023-06-16,401021.0,4525181117.0
484,2023-06-17,401021.0,4525181117.0
484,2023-06-18,401021.0,4525181117.0
484,2023-06-19,0.0,0.0
485,2023-06-04,2013165.0,2271685584.0
485,2023-06-05,2013165.0,2271685584.0
485,2023-06-06,2013165.0,2271685584.0
485,2023-06-07,2013165.0,2271685584.0
485,2023-06-08,2013165.0,2271685584.0
485,2023-06-15,2013165.0,2271685584.0
485,2023-06-16,2013165.0,2271685584.0
485,2023-06-17,2013165.0,2271685584.0
485,2023-06-18,2013165.0,2271685584.0
485,2023-06-19,0.0,0.0
485,2024-02-06,0.0,0.0
486,2023-06-04,2013165.0,2271685584.0
486,2023-06-05,2013165.0,2271685584.0
486,2023-06-06,2013165.0,2271685584.0
486,2023-06-07,2013165.0,2271685584.0
486,2023-06-08,2013165.0,2271685584.0
486,2023-06-15,2013165.0,2271685584.0
486,2023-06-16,2013165.0,2271685584.0
486,2023-06-17,2013165.0,2271685584.0
486,2023-06-18,2013165.0,2271685584.0
486,2023-06-19,0.0,0.0
486,2024-02-06,0.0,0.0
487,2023-06-04,20256.0,2285717424.0
487,2023-06-05,20256.0,2285717424.0
487,2023-06-06,20256.0,2285717424.0
487,2023-06-07,20256.0,2285717424.0
487,2023-06-08,20256.0,2285717424.0
487,2023-06-15,20256.0,2285717424.0
487,2023-06-16,20256.0,2285717424.0
487,2023-06-17,20256.0,2285717424.0
487,2023-06-18,20256.0,2285717424.0
487,2023-06-19,0.0,0.0
487,2023-11-27,501.0,56533592.0
487,2024-02-06,501.0,56533592.0
487,2024-03-30,501.0,56533592.0
487,2024-05-12,501.0,56533592.0
488,2023-06-04,20256.0,2285717424.0
488,2023-06-05,20256.0,2285717424.0
488,2023-06-06,20256.0,2285717424.0
488,2023-06-07,20256.0,2285717424.0
488,2023-06-08,20256.0,2285717424.0
488,2023-06-15,20256.0,2285717424.0
488,2023-06-16,20256.0,2285717424.0
488,2023-06-17,20256.0,2285717424.0
488,2023-06-18,20256.0,2285717424.0
488,2023-06-19,0.0,0.0
488,2023-11-27,501.0,56533592.0
488,2024-02-06,501.0,56533592.0
488,2024-03-30,501.0,56533592.0
488,2024-05-12,501.0,56533592.0
489,2023-06-04,1486422.0,1677300881.0
489,2023-06-05,1486422.0,1677300881.0
489,2023-06-06,1486422.0,1677300881.0
489,2023-06-07,1486422.0,1677300881.0
489,2023-06-08,1486422.0,1677300881.0
489,2023-06-15,1486422.0,1677300881.0
489,2023-06-16,1486422.0,1677300881.0
489,2023-06-17,1486422.0,1677300881.0
489,2023-06-18,1486422.0,1677300881.0
489,2023-06-19,0.0,0.0
490,2023-06-04,1486422.0,1677300881.0
490,2023-06-05,1486422.0,1677300881.0
490,2023-06-06,1486422.0,1677300881.0
490,2023-06-07,1486422.0,1677300881.0
490,2023-06-08,1486422.0,1677300881.0
490,2023-06-15,1486422.0,1677300881.0
490,2023-06-16,1486422.0,1677300881.0
490,2023-06-17,1486422.0,1677300881.0
490,2023-06-18,1486422.0,1677300881.0
490,2023-06-19,0.0,0.0
491,2023-06-04,771564.0,8706443911.0
491,2023-06-05,771564.0,8706443911.0
491,2023-06-06,771564.0,8706443911.0
491,2023-06-07,771564.0,8706443911.0
491,2023-06-08,771564.0,8706443911.0
491,2023-06-15,771564.0,8706443911.0
491,2023-06-16,771564.0,8706443911.0
491,2023-06-17,771564.0,8706443911.0
491,2023-06-18,771564.0,8706443911.0
491,2023-06-19,0.0,0.0
491,2023-11-27,618337.0,6977407459.0
491,2024-02-06,579131.0,6535001074.0
491,2024-03-30,559215.0,6310265942.0
491,2024-05-12,531702.0,5999805123.0
492,2023-06-04,771564.0,8706443911.0
492,2023-06-05,771564.0,8706443911.0
492,2023-06-06,771564.0,8706443911.0
492,2023-06-07,771564.0,8706443911.0
492,2023-06-08,771564.0,8706443911.0
492,2023-06-15,771564.0,8706443911.0
492,2023-06-16,771564.0,8706443911.0
492,2023-06-17,771564.0,8706443911.0
492,2023-06-18,771564.0,8706443911.0
492,2023-06-19,0.0,0.0
492,2023-11-27,618337.0,6977407459.0
492,2024-02-06,579131.0,6535001074.0
492,2024-03-30,559215.0,6310265942.0
492,2024-05-12,531702.0,5999805123.0
493,2023-06-04,301474.0,3401877837.0
493,2023-06-05,301474.0,3401877837.0
493,2023-06-06,301474.0,3401877837.0
493,2023-06-07,301474.0,3401877837.0
493,2023-06-08,301474.0,3401877837.0
493,2023-06-15,301474.0,3401877837.0
493,2023-06-16,301474.0,3401877837.0
493,2023-06-17,301474.0,3401877837.0
493,2023-06-18,301474.0,3401877837.0
493,2023-06-19,0.0,0.0
493,2023-11-27,293029.0,330658319.0
493,2024-02-06,295082.0,332974955.0
493,2024-03-30,291233.0,3286316857.0
493,2024-05-12,283638.0,3200613738.0
494,2023-06-04,301474.0,3401877837.0
494,2023-06-05,301474.0,3401877837.0
494,2023-06-06,301474.0,3401877837.0
494,2023-06-07,301474.0,3401877837.0
494,2023-06-08,301474.0,3401877837.0
494,2023-06-15,301474.0,3401877837.0
494,2023-06-16,301474.0,3401877837.0
494,2023-06-17,301474.0,3401877837.0
494,2023-06-18,301474.0,3401877837.0
494,2023-06-19,0.0,0.0
494,2023-11-27,293029.0,330658319.0
494,2024-02-06,295082.0,332974955.0
494,2024-03-30,291233.0,3286316857.0
494,2024-05-12,283638.0,3200613738.0
495,2023-06-04,1386422.0,1564459381.0
495,2023-06-05,1386422.0,1564459381.0
495,2023-06-06,1386422.0,1564459381.0
495,2023-06-07,1386422.0,1564459381.0
495,2023-06-08,1386422.0,1564459381.0
495,2023-06-15,1386422.0,1564459381.0
495,2023-06-16,1386422.0,1564459381.0
495,2023-06-17,1386422.0,1564459381.0
495,2023-06-18,1386422.0,1564459381.0
495,2023-06-19,0.0,0.0
495,2023-11-27,1346005.0,1518852232.0
495,2024-02-06,0.0,0.0
495,2024-03-30,1330194.0,1501010863.0
495,2024-05-12,1306516.0,1474292252.0
496,2023-06-04,1386422.0,1564459381.0
496,2023-06-05,1386422.0,1564459381.0
496,2023-06-06,1386422.0,1564459381.0
496,2023-06-07,1386422.0,1564459381.0
496,2023-06-08,1386422.0,1564459381.0
496,2023-06-15,1386422.0,1564459381.0
496,2023-06-16,1386422.0,1564459381.0
496,2023-06-17,1386422.0,1564459381.0
496,2023-06-18,1386422.0,1564459381.0
496,2023-06-19,0.0,0.0
496,2023-11-27,1346005.0,1518852232.0
496,2024-02-06,0.0,0.0
496,2024-03-30,1330194.0,1501010863.0
496,2024-05-12,1306516.0,1474292252.0
497,2023-06-04,194285.0,2192341083.0
497,2023-06-05,194285.0,2192341083.0
497,2023-06-06,194285.0,2192341083.0
497,2023-06-07,194285.0,2192341083.0
497,2023-06-08,194285.0,2192341083.0
497,2023-06-15,194285.0,2192341083.0
497,2023-06-16,194285.0,2192341083.0
497,2023-06-17,194285.0,2192341083.0
497,2023-06-18,194285.0,2192341083.0
497,2023-06-19,0.0,0.0
498,2023-06-04,194285.0,2192341083.0
498,2023-06-05,194285.0,2192341083.0
498,2023-06-06,194285.0,2192341083.0
498,2023-06-07,194285.0,2192341083.0
498,2023-06-08,194285.0,2192341083.0
498,2023-06-15,194285.0,2192341083.0
498,2023-06-16,194285.0,2192341083.0
498,2023-06-17,194285.0,2192341083.0
498,2023-06-18,194285.0,2192341083.0
498,2023-06-19,0.0,0.0
499,2023-06-04,3985263.0,4497030548.0
499,2023-06-05,3985263.0,4497030548.0
499,2023-06-06,3985263.0,4497030548.0
499,2023-06-07,3985263.0,4497030548.0
499,2023-06-08,3985263.0,4497030548.0
499,2023-06-15,3985263.0,4497030548.0
499,2023-06-16,3985263.0,4497030548.0
499,2023-06-17,3985263.0,4497030548.0
499,2023-06-18,3985263.0,4497030548.0
499,2023-06-19,0.0,0.0
499,2023-11-27,4075621.0,4598991871.0
499,2024-02-06,4201301.0,4740811068.0
499,2024-03-30,412499.0,4654700591.0
499,2024-05-12,405723.0,4578239191.0
